device_id,file_id,wafer_id,lot_id,part_type,x_coord,y_coord,site_num,head_num,pass_fail,hard_bin,soft_bin,num_tests_run,test_time_ms,part_id,attempt_index,ingestion_ts,ingestion_date
7f9e492c365239a3_1,7f9e492c365239a3,R114792-03,W118892,AB24ROOM,19,-3,0,1,FAIL,5,5,1,0,1,0,2026-03-24T15:03:32Z,2026-03-24
7f9e492c365239a3_2,7f9e492c365239a3,R114792-03,W118892,AB24ROOM,20,-3,0,1,PASS,1,1,74,0,2,0,2026-03-24T15:03:32Z,2026-03-24
7f9e492c365239a3_3,7f9e492c365239a3,R114792-03,W118892,AB24ROOM,21,-3,0,1,PASS,1,1,72,0,3,0,2026-03-24T15:03:32Z,2026-03-24
7f9e492c365239a3_4,7f9e492c365239a3,R114792-03,W118892,AB24ROOM,22,-3,0,1,PASS,1,1,72,0,4,0,2026-03-24T15:03:32Z,2026-03-24
7f9e492c365239a3_5,7f9e492c365239a3,R114792-03,W118892,AB24ROOM,23,-3,0,1,PASS,1,1,72,0,5,0,2026-03-24T15:03:32Z,2026-03-24
7f9e492c365239a3_6,7f9e492c365239a3,R114792-03,W118892,AB24ROOM,24,-3,0,1,PASS,1,1,72,0,6,0,2026-03-24T15:03:32Z,2026-03-24
7f9e492c365239a3_7,7f9e492c365239a3,R114792-03,W118892,AB24ROOM,25,-3,0,1,PASS,1,1,72,0,7,0,2026-03-24T15:03:32Z,2026-03-24
7f9e492c365239a3_8,7f9e492c365239a3,R114792-03,W118892,AB24ROOM,26,-3,0,1,PASS,1,1,74,0,8,0,2026-03-24T15:03:32Z,2026-03-24
7f9e492c365239a3_9,7f9e492c365239a3,R114792-03,W118892,AB24ROOM,27,-3,0,1,FAIL,8,8,29,0,9,0,2026-03-24T15:03:32Z,2026-03-24
7f9e492c365239a3_10,7f9e492c365239a3,R114792-03,W118892,AB24ROOM,28,-3,0,1,PASS,1,1,74,0,10,0,2026-03-24T15:03:32Z,2026-03-24
7f9e492c365239a3_11,7f9e492c365239a3,R114792-03,W118892,AB24ROOM,29,-3,0,1,PASS,1,1,54,0,11,0,2026-03-24T15:03:32Z,2026-03-24
7f9e492c365239a3_12,7f9e492c365239a3,R114792-03,W118892,AB24ROOM,30,-3,0,1,FAIL,2,2,51,0,12,0,2026-03-24T15:03:32Z,2026-03-24
7f9e492c365239a3_13,7f9e492c365239a3,R114792-03,W118892,AB24ROOM,33,-4,0,1,FAIL,2,2,56,0,13,0,2026-03-24T15:03:32Z,2026-03-24
7f9e492c365239a3_14,7f9e492c365239a3,R114792-03,W118892,AB24ROOM,32,-4,0,1,FAIL,20,20,64,0,14,0,2026-03-24T15:03:32Z,2026-03-24
7f9e492c365239a3_15,7f9e492c365239a3,R114792-03,W118892,AB24ROOM,31,-4,0,1,PASS,1,1,74,0,15,0,2026-03-24T15:03:32Z,2026-03-24
7f9e492c365239a3_16,7f9e492c365239a3,R114792-03,W118892,AB24ROOM,30,-4,0,1,PASS,1,1,72,0,16,0,2026-03-24T15:03:32Z,2026-03-24
7f9e492c365239a3_17,7f9e492c365239a3,R114792-03,W118892,AB24ROOM,29,-4,0,1,PASS,1,1,54,0,17,0,2026-03-24T15:03:32Z,2026-03-24
7f9e492c365239a3_18,7f9e492c365239a3,R114792-03,W118892,AB24ROOM,28,-4,0,1,PASS,1,1,72,0,18,0,2026-03-24T15:03:32Z,2026-03-24
7f9e492c365239a3_19,7f9e492c365239a3,R114792-03,W118892,AB24ROOM,27,-4,0,1,FAIL,8,8,29,0,19,0,2026-03-24T15:03:32Z,2026-03-24
7f9e492c365239a3_20,7f9e492c365239a3,R114792-03,W118892,AB24ROOM,26,-4,0,1,PASS,1,1,74,0,20,0,2026-03-24T15:03:32Z,2026-03-24
7f9e492c365239a3_21,7f9e492c365239a3,R114792-03,W118892,AB24ROOM,25,-4,0,1,FAIL,8,8,29,0,21,0,2026-03-24T15:03:32Z,2026-03-24
7f9e492c365239a3_22,7f9e492c365239a3,R114792-03,W118892,AB24ROOM,24,-4,0,1,PASS,1,1,74,0,22,0,2026-03-24T15:03:32Z,2026-03-24
7f9e492c365239a3_23,7f9e492c365239a3,R114792-03,W118892,AB24ROOM,23,-4,0,1,PASS,1,1,72,0,23,0,2026-03-24T15:03:32Z,2026-03-24
7f9e492c365239a3_24,7f9e492c365239a3,R114792-03,W118892,AB24ROOM,22,-4,0,1,PASS,1,1,72,0,24,0,2026-03-24T15:03:32Z,2026-03-24
7f9e492c365239a3_25,7f9e492c365239a3,R114792-03,W118892,AB24ROOM,21,-4,0,1,PASS,1,1,72,0,25,0,2026-03-24T15:03:32Z,2026-03-24
7f9e492c365239a3_26,7f9e492c365239a3,R114792-03,W118892,AB24ROOM,20,-4,0,1,PASS,1,1,72,0,26,0,2026-03-24T15:03:32Z,2026-03-24
7f9e492c365239a3_27,7f9e492c365239a3,R114792-03,W118892,AB24ROOM,19,-4,0,1,PASS,1,1,72,0,27,0,2026-03-24T15:03:32Z,2026-03-24
7f9e492c365239a3_28,7f9e492c365239a3,R114792-03,W118892,AB24ROOM,18,-4,0,1,PASS,1,1,74,0,28,0,2026-03-24T15:03:32Z,2026-03-24
7f9e492c365239a3_29,7f9e492c365239a3,R114792-03,W118892,AB24ROOM,17,-4,0,1,PASS,1,1,72,0,29,0,2026-03-24T15:03:32Z,2026-03-24
7f9e492c365239a3_30,7f9e492c365239a3,R114792-03,W118892,AB24ROOM,15,-5,0,1,PASS,1,1,72,0,30,0,2026-03-24T15:03:32Z,2026-03-24
7f9e492c365239a3_31,7f9e492c365239a3,R114792-03,W118892,AB24ROOM,16,-5,0,1,PASS,1,1,72,0,31,0,2026-03-24T15:03:32Z,2026-03-24
7f9e492c365239a3_32,7f9e492c365239a3,R114792-03,W118892,AB24ROOM,17,-5,0,1,PASS,1,1,72,0,32,0,2026-03-24T15:03:32Z,2026-03-24
7f9e492c365239a3_33,7f9e492c365239a3,R114792-03,W118892,AB24ROOM,18,-5,0,1,PASS,1,1,72,0,33,0,2026-03-24T15:03:32Z,2026-03-24
7f9e492c365239a3_34,7f9e492c365239a3,R114792-03,W118892,AB24ROOM,19,-5,0,1,PASS,1,1,74,0,34,0,2026-03-24T15:03:32Z,2026-03-24
7f9e492c365239a3_35,7f9e492c365239a3,R114792-03,W118892,AB24ROOM,20,-5,0,1,PASS,1,1,72,0,35,0,2026-03-24T15:03:32Z,2026-03-24
7f9e492c365239a3_36,7f9e492c365239a3,R114792-03,W118892,AB24ROOM,21,-5,0,1,PASS,1,1,72,0,36,0,2026-03-24T15:03:32Z,2026-03-24
7f9e492c365239a3_37,7f9e492c365239a3,R114792-03,W118892,AB24ROOM,22,-5,0,1,FAIL,2,2,51,0,37,0,2026-03-24T15:03:32Z,2026-03-24
7f9e492c365239a3_38,7f9e492c365239a3,R114792-03,W118892,AB24ROOM,23,-5,0,1,FAIL,10,10,11,0,38,0,2026-03-24T15:03:32Z,2026-03-24
7f9e492c365239a3_39,7f9e492c365239a3,R114792-03,W118892,AB24ROOM,24,-5,0,1,PASS,1,1,74,0,39,0,2026-03-24T15:03:32Z,2026-03-24
7f9e492c365239a3_40,7f9e492c365239a3,R114792-03,W118892,AB24ROOM,25,-5,0,1,PASS,1,1,72,0,40,0,2026-03-24T15:03:32Z,2026-03-24
7f9e492c365239a3_41,7f9e492c365239a3,R114792-03,W118892,AB24ROOM,26,-5,0,1,PASS,1,1,72,0,41,0,2026-03-24T15:03:32Z,2026-03-24
7f9e492c365239a3_42,7f9e492c365239a3,R114792-03,W118892,AB24ROOM,27,-5,0,1,PASS,1,1,72,0,42,0,2026-03-24T15:03:32Z,2026-03-24
7f9e492c365239a3_43,7f9e492c365239a3,R114792-03,W118892,AB24ROOM,28,-5,0,1,PASS,1,1,72,0,43,0,2026-03-24T15:03:32Z,2026-03-24
7f9e492c365239a3_44,7f9e492c365239a3,R114792-03,W118892,AB24ROOM,29,-5,0,1,PASS,1,1,72,0,44,0,2026-03-24T15:03:32Z,2026-03-24
7f9e492c365239a3_45,7f9e492c365239a3,R114792-03,W118892,AB24ROOM,30,-5,0,1,PASS,1,1,74,0,45,0,2026-03-24T15:03:32Z,2026-03-24
7f9e492c365239a3_46,7f9e492c365239a3,R114792-03,W118892,AB24ROOM,31,-5,0,1,PASS,1,1,72,0,46,0,2026-03-24T15:03:32Z,2026-03-24
7f9e492c365239a3_47,7f9e492c365239a3,R114792-03,W118892,AB24ROOM,32,-5,0,1,PASS,1,1,72,0,47,0,2026-03-24T15:03:32Z,2026-03-24
7f9e492c365239a3_48,7f9e492c365239a3,R114792-03,W118892,AB24ROOM,33,-5,0,1,PASS,1,1,72,0,48,0,2026-03-24T15:03:32Z,2026-03-24
7f9e492c365239a3_49,7f9e492c365239a3,R114792-03,W118892,AB24ROOM,34,-5,0,1,FAIL,8,8,32,0,49,0,2026-03-24T15:03:32Z,2026-03-24
7f9e492c365239a3_50,7f9e492c365239a3,R114792-03,W118892,AB24ROOM,35,-5,0,1,PASS,1,1,74,0,50,0,2026-03-24T15:03:32Z,2026-03-24
7f9e492c365239a3_51,7f9e492c365239a3,R114792-03,W118892,AB24ROOM,36,-6,0,1,PASS,1,1,72,0,51,0,2026-03-24T15:03:32Z,2026-03-24
7f9e492c365239a3_52,7f9e492c365239a3,R114792-03,W118892,AB24ROOM,35,-6,0,1,PASS,1,1,72,0,52,0,2026-03-24T15:03:32Z,2026-03-24
7f9e492c365239a3_53,7f9e492c365239a3,R114792-03,W118892,AB24ROOM,34,-6,0,1,PASS,1,1,72,0,53,0,2026-03-24T15:03:32Z,2026-03-24
7f9e492c365239a3_54,7f9e492c365239a3,R114792-03,W118892,AB24ROOM,33,-6,0,1,PASS,1,1,72,0,54,0,2026-03-24T15:03:32Z,2026-03-24
7f9e492c365239a3_55,7f9e492c365239a3,R114792-03,W118892,AB24ROOM,32,-6,0,1,PASS,1,1,72,0,55,0,2026-03-24T15:03:32Z,2026-03-24
7f9e492c365239a3_56,7f9e492c365239a3,R114792-03,W118892,AB24ROOM,31,-6,0,1,PASS,1,1,74,0,56,0,2026-03-24T15:03:32Z,2026-03-24
7f9e492c365239a3_57,7f9e492c365239a3,R114792-03,W118892,AB24ROOM,30,-6,0,1,PASS,1,1,72,0,57,0,2026-03-24T15:03:32Z,2026-03-24
7f9e492c365239a3_58,7f9e492c365239a3,R114792-03,W118892,AB24ROOM,29,-6,0,1,PASS,1,1,72,0,58,0,2026-03-24T15:03:32Z,2026-03-24
7f9e492c365239a3_59,7f9e492c365239a3,R114792-03,W118892,AB24ROOM,28,-6,0,1,FAIL,10,10,11,0,59,0,2026-03-24T15:03:32Z,2026-03-24
7f9e492c365239a3_60,7f9e492c365239a3,R114792-03,W118892,AB24ROOM,27,-6,0,1,PASS,1,1,74,0,60,0,2026-03-24T15:03:32Z,2026-03-24
7f9e492c365239a3_61,7f9e492c365239a3,R114792-03,W118892,AB24ROOM,26,-6,0,1,PASS,1,1,72,0,61,0,2026-03-24T15:03:32Z,2026-03-24
7f9e492c365239a3_62,7f9e492c365239a3,R114792-03,W118892,AB24ROOM,25,-6,0,1,PASS,1,1,72,0,62,0,2026-03-24T15:03:32Z,2026-03-24
7f9e492c365239a3_63,7f9e492c365239a3,R114792-03,W118892,AB24ROOM,24,-6,0,1,PASS,1,1,72,0,63,0,2026-03-24T15:03:32Z,2026-03-24
7f9e492c365239a3_64,7f9e492c365239a3,R114792-03,W118892,AB24ROOM,23,-6,0,1,PASS,1,1,72,0,64,0,2026-03-24T15:03:32Z,2026-03-24
7f9e492c365239a3_65,7f9e492c365239a3,R114792-03,W118892,AB24ROOM,22,-6,0,1,PASS,1,1,72,0,65,0,2026-03-24T15:03:32Z,2026-03-24
7f9e492c365239a3_66,7f9e492c365239a3,R114792-03,W118892,AB24ROOM,21,-6,0,1,PASS,1,1,74,0,66,0,2026-03-24T15:03:32Z,2026-03-24
7f9e492c365239a3_67,7f9e492c365239a3,R114792-03,W118892,AB24ROOM,20,-6,0,1,PASS,1,1,72,0,67,0,2026-03-24T15:03:32Z,2026-03-24
7f9e492c365239a3_68,7f9e492c365239a3,R114792-03,W118892,AB24ROOM,19,-6,0,1,PASS,1,1,72,0,68,0,2026-03-24T15:03:32Z,2026-03-24
7f9e492c365239a3_69,7f9e492c365239a3,R114792-03,W118892,AB24ROOM,18,-6,0,1,PASS,1,1,72,0,69,0,2026-03-24T15:03:32Z,2026-03-24
7f9e492c365239a3_70,7f9e492c365239a3,R114792-03,W118892,AB24ROOM,17,-6,0,1,PASS,1,1,72,0,70,0,2026-03-24T15:03:32Z,2026-03-24
7f9e492c365239a3_71,7f9e492c365239a3,R114792-03,W118892,AB24ROOM,16,-6,0,1,PASS,1,1,72,0,71,0,2026-03-24T15:03:32Z,2026-03-24
7f9e492c365239a3_72,7f9e492c365239a3,R114792-03,W118892,AB24ROOM,15,-6,0,1,PASS,1,1,74,0,72,0,2026-03-24T15:03:32Z,2026-03-24
7f9e492c365239a3_73,7f9e492c365239a3,R114792-03,W118892,AB24ROOM,14,-6,0,1,FAIL,2,2,54,0,73,0,2026-03-24T15:03:32Z,2026-03-24
7f9e492c365239a3_74,7f9e492c365239a3,R114792-03,W118892,AB24ROOM,13,-6,0,1,FAIL,10,10,11,0,74,0,2026-03-24T15:03:32Z,2026-03-24
7f9e492c365239a3_75,7f9e492c365239a3,R114792-03,W118892,AB24ROOM,12,-7,0,1,PASS,1,1,74,0,75,0,2026-03-24T15:03:32Z,2026-03-24
7f9e492c365239a3_76,7f9e492c365239a3,R114792-03,W118892,AB24ROOM,13,-7,0,1,PASS,1,1,72,0,76,0,2026-03-24T15:03:32Z,2026-03-24
7f9e492c365239a3_77,7f9e492c365239a3,R114792-03,W118892,AB24ROOM,14,-7,0,1,PASS,1,1,72,0,77,0,2026-03-24T15:03:32Z,2026-03-24
7f9e492c365239a3_78,7f9e492c365239a3,R114792-03,W118892,AB24ROOM,15,-7,0,1,PASS,1,1,72,0,78,0,2026-03-24T15:03:32Z,2026-03-24
7f9e492c365239a3_79,7f9e492c365239a3,R114792-03,W118892,AB24ROOM,16,-7,0,1,PASS,1,1,72,0,79,0,2026-03-24T15:03:32Z,2026-03-24
7f9e492c365239a3_80,7f9e492c365239a3,R114792-03,W118892,AB24ROOM,17,-7,0,1,FAIL,20,20,62,0,80,0,2026-03-24T15:03:32Z,2026-03-24
7f9e492c365239a3_81,7f9e492c365239a3,R114792-03,W118892,AB24ROOM,18,-7,0,1,PASS,1,1,74,0,81,0,2026-03-24T15:03:32Z,2026-03-24
7f9e492c365239a3_82,7f9e492c365239a3,R114792-03,W118892,AB24ROOM,19,-7,0,1,PASS,1,1,72,0,82,0,2026-03-24T15:03:32Z,2026-03-24
7f9e492c365239a3_83,7f9e492c365239a3,R114792-03,W118892,AB24ROOM,20,-7,0,1,PASS,1,1,72,0,83,0,2026-03-24T15:03:32Z,2026-03-24
7f9e492c365239a3_84,7f9e492c365239a3,R114792-03,W118892,AB24ROOM,21,-7,0,1,PASS,1,1,72,0,84,0,2026-03-24T15:03:32Z,2026-03-24
7f9e492c365239a3_85,7f9e492c365239a3,R114792-03,W118892,AB24ROOM,22,-7,0,1,PASS,1,1,72,0,85,0,2026-03-24T15:03:32Z,2026-03-24
7f9e492c365239a3_86,7f9e492c365239a3,R114792-03,W118892,AB24ROOM,23,-7,0,1,PASS,1,1,72,0,86,0,2026-03-24T15:03:32Z,2026-03-24
7f9e492c365239a3_87,7f9e492c365239a3,R114792-03,W118892,AB24ROOM,24,-7,0,1,PASS,1,1,74,0,87,0,2026-03-24T15:03:32Z,2026-03-24
7f9e492c365239a3_88,7f9e492c365239a3,R114792-03,W118892,AB24ROOM,25,-7,0,1,PASS,1,1,72,0,88,0,2026-03-24T15:03:32Z,2026-03-24
7f9e492c365239a3_89,7f9e492c365239a3,R114792-03,W118892,AB24ROOM,26,-7,0,1,PASS,1,1,72,0,89,0,2026-03-24T15:03:32Z,2026-03-24
7f9e492c365239a3_90,7f9e492c365239a3,R114792-03,W118892,AB24ROOM,27,-7,0,1,PASS,1,1,72,0,90,0,2026-03-24T15:03:32Z,2026-03-24
7f9e492c365239a3_91,7f9e492c365239a3,R114792-03,W118892,AB24ROOM,28,-7,0,1,PASS,1,1,72,0,91,0,2026-03-24T15:03:32Z,2026-03-24
7f9e492c365239a3_92,7f9e492c365239a3,R114792-03,W118892,AB24ROOM,29,-7,0,1,PASS,1,1,72,0,92,0,2026-03-24T15:03:32Z,2026-03-24
7f9e492c365239a3_93,7f9e492c365239a3,R114792-03,W118892,AB24ROOM,30,-7,0,1,FAIL,20,20,64,0,93,0,2026-03-24T15:03:32Z,2026-03-24
7f9e492c365239a3_94,7f9e492c365239a3,R114792-03,W118892,AB24ROOM,31,-7,0,1,PASS,1,1,74,0,94,0,2026-03-24T15:03:32Z,2026-03-24
7f9e492c365239a3_95,7f9e492c365239a3,R114792-03,W118892,AB24ROOM,32,-7,0,1,PASS,1,1,72,0,95,0,2026-03-24T15:03:32Z,2026-03-24
7f9e492c365239a3_96,7f9e492c365239a3,R114792-03,W118892,AB24ROOM,33,-7,0,1,PASS,1,1,72,0,96,0,2026-03-24T15:03:32Z,2026-03-24
7f9e492c365239a3_97,7f9e492c365239a3,R114792-03,W118892,AB24ROOM,34,-7,0,1,PASS,1,1,72,0,97,0,2026-03-24T15:03:32Z,2026-03-24
7f9e492c365239a3_98,7f9e492c365239a3,R114792-03,W118892,AB24ROOM,35,-7,0,1,PASS,1,1,72,0,98,0,2026-03-24T15:03:32Z,2026-03-24
7f9e492c365239a3_99,7f9e492c365239a3,R114792-03,W118892,AB24ROOM,36,-7,0,1,PASS,1,1,72,0,99,0,2026-03-24T15:03:32Z,2026-03-24
7f9e492c365239a3_100,7f9e492c365239a3,R114792-03,W118892,AB24ROOM,37,-7,0,1,PASS,1,1,74,0,100,0,2026-03-24T15:03:32Z,2026-03-24
7f9e492c365239a3_101,7f9e492c365239a3,R114792-03,W118892,AB24ROOM,38,-7,0,1,PASS,1,1,72,0,101,0,2026-03-24T15:03:32Z,2026-03-24
7f9e492c365239a3_102,7f9e492c365239a3,R114792-03,W118892,AB24ROOM,39,-8,0,1,PASS,1,1,72,0,102,0,2026-03-24T15:03:32Z,2026-03-24
7f9e492c365239a3_103,7f9e492c365239a3,R114792-03,W118892,AB24ROOM,38,-8,0,1,PASS,1,1,72,0,103,0,2026-03-24T15:03:32Z,2026-03-24
7f9e492c365239a3_104,7f9e492c365239a3,R114792-03,W118892,AB24ROOM,37,-8,0,1,PASS,1,1,72,0,104,0,2026-03-24T15:03:32Z,2026-03-24
7f9e492c365239a3_105,7f9e492c365239a3,R114792-03,W118892,AB24ROOM,36,-8,0,1,PASS,1,1,72,0,105,0,2026-03-24T15:03:32Z,2026-03-24
7f9e492c365239a3_106,7f9e492c365239a3,R114792-03,W118892,AB24ROOM,35,-8,0,1,PASS,1,1,74,0,106,0,2026-03-24T15:03:32Z,2026-03-24
7f9e492c365239a3_107,7f9e492c365239a3,R114792-03,W118892,AB24ROOM,34,-8,0,1,PASS,1,1,72,0,107,0,2026-03-24T15:03:32Z,2026-03-24
7f9e492c365239a3_108,7f9e492c365239a3,R114792-03,W118892,AB24ROOM,33,-8,0,1,PASS,1,1,72,0,108,0,2026-03-24T15:03:32Z,2026-03-24
7f9e492c365239a3_109,7f9e492c365239a3,R114792-03,W118892,AB24ROOM,32,-8,0,1,PASS,1,1,72,0,109,0,2026-03-24T15:03:32Z,2026-03-24
7f9e492c365239a3_110,7f9e492c365239a3,R114792-03,W118892,AB24ROOM,31,-8,0,1,PASS,1,1,72,0,110,0,2026-03-24T15:03:32Z,2026-03-24
7f9e492c365239a3_111,7f9e492c365239a3,R114792-03,W118892,AB24ROOM,30,-8,0,1,PASS,1,1,72,0,111,0,2026-03-24T15:03:32Z,2026-03-24
7f9e492c365239a3_112,7f9e492c365239a3,R114792-03,W118892,AB24ROOM,29,-8,0,1,FAIL,2,2,53,0,112,0,2026-03-24T15:03:32Z,2026-03-24
7f9e492c365239a3_113,7f9e492c365239a3,R114792-03,W118892,AB24ROOM,28,-8,0,1,FAIL,2,2,53,0,113,0,2026-03-24T15:03:32Z,2026-03-24
7f9e492c365239a3_114,7f9e492c365239a3,R114792-03,W118892,AB24ROOM,27,-8,0,1,PASS,1,1,74,0,114,0,2026-03-24T15:03:32Z,2026-03-24
7f9e492c365239a3_115,7f9e492c365239a3,R114792-03,W118892,AB24ROOM,26,-8,0,1,PASS,1,1,72,0,115,0,2026-03-24T15:03:32Z,2026-03-24
7f9e492c365239a3_116,7f9e492c365239a3,R114792-03,W118892,AB24ROOM,25,-8,0,1,FAIL,20,20,62,0,116,0,2026-03-24T15:03:32Z,2026-03-24
7f9e492c365239a3_117,7f9e492c365239a3,R114792-03,W118892,AB24ROOM,24,-8,0,1,PASS,1,1,74,0,117,0,2026-03-24T15:03:32Z,2026-03-24
7f9e492c365239a3_118,7f9e492c365239a3,R114792-03,W118892,AB24ROOM,23,-8,0,1,PASS,1,1,72,0,118,0,2026-03-24T15:03:32Z,2026-03-24
7f9e492c365239a3_119,7f9e492c365239a3,R114792-03,W118892,AB24ROOM,22,-8,0,1,PASS,1,1,72,0,119,0,2026-03-24T15:03:32Z,2026-03-24
7f9e492c365239a3_120,7f9e492c365239a3,R114792-03,W118892,AB24ROOM,21,-8,0,1,PASS,1,1,72,0,120,0,2026-03-24T15:03:32Z,2026-03-24
7f9e492c365239a3_121,7f9e492c365239a3,R114792-03,W118892,AB24ROOM,20,-8,0,1,PASS,1,1,72,0,121,0,2026-03-24T15:03:32Z,2026-03-24
7f9e492c365239a3_122,7f9e492c365239a3,R114792-03,W118892,AB24ROOM,19,-8,0,1,PASS,1,1,72,0,122,0,2026-03-24T15:03:32Z,2026-03-24
7f9e492c365239a3_123,7f9e492c365239a3,R114792-03,W118892,AB24ROOM,18,-8,0,1,PASS,1,1,74,0,123,0,2026-03-24T15:03:32Z,2026-03-24
7f9e492c365239a3_124,7f9e492c365239a3,R114792-03,W118892,AB24ROOM,17,-8,0,1,PASS,1,1,72,0,124,0,2026-03-24T15:03:32Z,2026-03-24
7f9e492c365239a3_125,7f9e492c365239a3,R114792-03,W118892,AB24ROOM,16,-8,0,1,PASS,1,1,72,0,125,0,2026-03-24T15:03:32Z,2026-03-24
7f9e492c365239a3_126,7f9e492c365239a3,R114792-03,W118892,AB24ROOM,15,-8,0,1,PASS,1,1,72,0,126,0,2026-03-24T15:03:32Z,2026-03-24
7f9e492c365239a3_127,7f9e492c365239a3,R114792-03,W118892,AB24ROOM,14,-8,0,1,PASS,1,1,72,0,127,0,2026-03-24T15:03:32Z,2026-03-24
7f9e492c365239a3_128,7f9e492c365239a3,R114792-03,W118892,AB24ROOM,13,-8,0,1,PASS,1,1,72,0,128,0,2026-03-24T15:03:32Z,2026-03-24
7f9e492c365239a3_129,7f9e492c365239a3,R114792-03,W118892,AB24ROOM,12,-8,0,1,PASS,1,1,74,0,129,0,2026-03-24T15:03:32Z,2026-03-24
7f9e492c365239a3_130,7f9e492c365239a3,R114792-03,W118892,AB24ROOM,11,-8,0,1,PASS,1,1,72,0,130,0,2026-03-24T15:03:32Z,2026-03-24
7f9e492c365239a3_131,7f9e492c365239a3,R114792-03,W118892,AB24ROOM,10,-9,0,1,PASS,1,1,54,0,131,0,2026-03-24T15:03:32Z,2026-03-24
7f9e492c365239a3_132,7f9e492c365239a3,R114792-03,W118892,AB24ROOM,11,-9,0,1,PASS,1,1,72,0,132,0,2026-03-24T15:03:32Z,2026-03-24
7f9e492c365239a3_133,7f9e492c365239a3,R114792-03,W118892,AB24ROOM,12,-9,0,1,PASS,1,1,72,0,133,0,2026-03-24T15:03:32Z,2026-03-24
7f9e492c365239a3_134,7f9e492c365239a3,R114792-03,W118892,AB24ROOM,13,-9,0,1,PASS,1,1,72,0,134,0,2026-03-24T15:03:32Z,2026-03-24
7f9e492c365239a3_135,7f9e492c365239a3,R114792-03,W118892,AB24ROOM,14,-9,0,1,PASS,1,1,74,0,135,0,2026-03-24T15:03:32Z,2026-03-24
7f9e492c365239a3_136,7f9e492c365239a3,R114792-03,W118892,AB24ROOM,15,-9,0,1,PASS,1,1,72,0,136,0,2026-03-24T15:03:32Z,2026-03-24
7f9e492c365239a3_137,7f9e492c365239a3,R114792-03,W118892,AB24ROOM,16,-9,0,1,PASS,1,1,72,0,137,0,2026-03-24T15:03:32Z,2026-03-24
7f9e492c365239a3_138,7f9e492c365239a3,R114792-03,W118892,AB24ROOM,17,-9,0,1,PASS,1,1,72,0,138,0,2026-03-24T15:03:32Z,2026-03-24
7f9e492c365239a3_139,7f9e492c365239a3,R114792-03,W118892,AB24ROOM,18,-9,0,1,PASS,1,1,72,0,139,0,2026-03-24T15:03:32Z,2026-03-24
7f9e492c365239a3_140,7f9e492c365239a3,R114792-03,W118892,AB24ROOM,19,-9,0,1,PASS,1,1,72,0,140,0,2026-03-24T15:03:32Z,2026-03-24
7f9e492c365239a3_141,7f9e492c365239a3,R114792-03,W118892,AB24ROOM,20,-9,0,1,PASS,1,1,74,0,141,0,2026-03-24T15:03:32Z,2026-03-24
7f9e492c365239a3_142,7f9e492c365239a3,R114792-03,W118892,AB24ROOM,21,-9,0,1,PASS,1,1,72,0,142,0,2026-03-24T15:03:32Z,2026-03-24
7f9e492c365239a3_143,7f9e492c365239a3,R114792-03,W118892,AB24ROOM,22,-9,0,1,FAIL,8,8,32,0,143,0,2026-03-24T15:03:32Z,2026-03-24
7f9e492c365239a3_144,7f9e492c365239a3,R114792-03,W118892,AB24ROOM,23,-9,0,1,PASS,1,1,74,0,144,0,2026-03-24T15:03:32Z,2026-03-24
7f9e492c365239a3_145,7f9e492c365239a3,R114792-03,W118892,AB24ROOM,24,-9,0,1,FAIL,8,8,29,0,145,0,2026-03-24T15:03:32Z,2026-03-24
7f9e492c365239a3_146,7f9e492c365239a3,R114792-03,W118892,AB24ROOM,25,-9,0,1,FAIL,8,8,29,0,146,0,2026-03-24T15:03:32Z,2026-03-24
7f9e492c365239a3_147,7f9e492c365239a3,R114792-03,W118892,AB24ROOM,26,-9,0,1,FAIL,8,8,29,0,147,0,2026-03-24T15:03:32Z,2026-03-24
7f9e492c365239a3_148,7f9e492c365239a3,R114792-03,W118892,AB24ROOM,27,-9,0,1,FAIL,8,8,29,0,148,0,2026-03-24T15:03:32Z,2026-03-24
7f9e492c365239a3_149,7f9e492c365239a3,R114792-03,W118892,AB24ROOM,28,-9,0,1,FAIL,8,8,29,0,149,0,2026-03-24T15:03:32Z,2026-03-24
7f9e492c365239a3_150,7f9e492c365239a3,R114792-03,W118892,AB24ROOM,23,-9,0,1,PASS,1,1,56,0,150,0,2026-03-24T15:03:32Z,2026-03-24
7f9e492c365239a3_151,7f9e492c365239a3,R114792-03,W118892,AB24ROOM,29,-9,0,1,FAIL,8,8,29,0,151,0,2026-03-24T15:03:32Z,2026-03-24
7f9e492c365239a3_152,7f9e492c365239a3,R114792-03,W118892,AB24ROOM,30,-9,0,1,PASS,1,1,74,0,152,0,2026-03-24T15:03:32Z,2026-03-24
7f9e492c365239a3_153,7f9e492c365239a3,R114792-03,W118892,AB24ROOM,31,-9,0,1,PASS,1,1,72,0,153,0,2026-03-24T15:03:32Z,2026-03-24
7f9e492c365239a3_154,7f9e492c365239a3,R114792-03,W118892,AB24ROOM,32,-9,0,1,PASS,1,1,72,0,154,0,2026-03-24T15:03:32Z,2026-03-24
7f9e492c365239a3_155,7f9e492c365239a3,R114792-03,W118892,AB24ROOM,33,-9,0,1,PASS,1,1,72,0,155,0,2026-03-24T15:03:32Z,2026-03-24
7f9e492c365239a3_156,7f9e492c365239a3,R114792-03,W118892,AB24ROOM,34,-9,0,1,FAIL,20,20,62,0,156,0,2026-03-24T15:03:32Z,2026-03-24
7f9e492c365239a3_157,7f9e492c365239a3,R114792-03,W118892,AB24ROOM,35,-9,0,1,FAIL,8,8,29,0,157,0,2026-03-24T15:03:32Z,2026-03-24
7f9e492c365239a3_158,7f9e492c365239a3,R114792-03,W118892,AB24ROOM,36,-9,0,1,FAIL,8,8,29,0,158,0,2026-03-24T15:03:32Z,2026-03-24
7f9e492c365239a3_159,7f9e492c365239a3,R114792-03,W118892,AB24ROOM,37,-9,0,1,FAIL,8,8,29,0,159,0,2026-03-24T15:03:32Z,2026-03-24
7f9e492c365239a3_160,7f9e492c365239a3,R114792-03,W118892,AB24ROOM,38,-9,0,1,FAIL,8,8,29,0,160,0,2026-03-24T15:03:32Z,2026-03-24
7f9e492c365239a3_161,7f9e492c365239a3,R114792-03,W118892,AB24ROOM,39,-9,0,1,FAIL,20,20,64,0,161,0,2026-03-24T15:03:32Z,2026-03-24
7f9e492c365239a3_162,7f9e492c365239a3,R114792-03,W118892,AB24ROOM,40,-9,0,1,PASS,1,1,74,0,162,0,2026-03-24T15:03:32Z,2026-03-24
7f9e492c365239a3_163,7f9e492c365239a3,R114792-03,W118892,AB24ROOM,41,-10,0,1,PASS,1,1,72,0,163,0,2026-03-24T15:03:32Z,2026-03-24
7f9e492c365239a3_164,7f9e492c365239a3,R114792-03,W118892,AB24ROOM,40,-10,0,1,FAIL,4,4,36,0,164,0,2026-03-24T15:03:32Z,2026-03-24
7f9e492c365239a3_165,7f9e492c365239a3,R114792-03,W118892,AB24ROOM,39,-10,0,1,PASS,1,1,74,0,165,0,2026-03-24T15:03:32Z,2026-03-24
7f9e492c365239a3_166,7f9e492c365239a3,R114792-03,W118892,AB24ROOM,38,-10,0,1,PASS,1,1,72,0,166,0,2026-03-24T15:03:32Z,2026-03-24
7f9e492c365239a3_167,7f9e492c365239a3,R114792-03,W118892,AB24ROOM,37,-10,0,1,PASS,1,1,72,0,167,0,2026-03-24T15:03:32Z,2026-03-24
7f9e492c365239a3_168,7f9e492c365239a3,R114792-03,W118892,AB24ROOM,36,-10,0,1,PASS,1,1,72,0,168,0,2026-03-24T15:03:32Z,2026-03-24
7f9e492c365239a3_169,7f9e492c365239a3,R114792-03,W118892,AB24ROOM,35,-10,0,1,PASS,1,1,72,0,169,0,2026-03-24T15:03:32Z,2026-03-24
7f9e492c365239a3_170,7f9e492c365239a3,R114792-03,W118892,AB24ROOM,34,-10,0,1,PASS,1,1,72,0,170,0,2026-03-24T15:03:32Z,2026-03-24
7f9e492c365239a3_171,7f9e492c365239a3,R114792-03,W118892,AB24ROOM,33,-10,0,1,FAIL,20,20,64,0,171,0,2026-03-24T15:03:32Z,2026-03-24
7f9e492c365239a3_172,7f9e492c365239a3,R114792-03,W118892,AB24ROOM,32,-10,0,1,PASS,1,1,74,0,172,0,2026-03-24T15:03:32Z,2026-03-24
7f9e492c365239a3_173,7f9e492c365239a3,R114792-03,W118892,AB24ROOM,31,-10,0,1,PASS,1,1,72,0,173,0,2026-03-24T15:03:32Z,2026-03-24
7f9e492c365239a3_174,7f9e492c365239a3,R114792-03,W118892,AB24ROOM,30,-10,0,1,PASS,1,1,72,0,174,0,2026-03-24T15:03:32Z,2026-03-24
7f9e492c365239a3_175,7f9e492c365239a3,R114792-03,W118892,AB24ROOM,29,-10,0,1,PASS,1,1,72,0,175,0,2026-03-24T15:03:32Z,2026-03-24
7f9e492c365239a3_176,7f9e492c365239a3,R114792-03,W118892,AB24ROOM,28,-10,0,1,PASS,1,1,72,0,176,0,2026-03-24T15:03:32Z,2026-03-24
7f9e492c365239a3_177,7f9e492c365239a3,R114792-03,W118892,AB24ROOM,27,-10,0,1,PASS,1,1,72,0,177,0,2026-03-24T15:03:32Z,2026-03-24
7f9e492c365239a3_178,7f9e492c365239a3,R114792-03,W118892,AB24ROOM,26,-10,0,1,PASS,1,1,74,0,178,0,2026-03-24T15:03:32Z,2026-03-24
7f9e492c365239a3_179,7f9e492c365239a3,R114792-03,W118892,AB24ROOM,25,-10,0,1,PASS,1,1,72,0,179,0,2026-03-24T15:03:32Z,2026-03-24
7f9e492c365239a3_180,7f9e492c365239a3,R114792-03,W118892,AB24ROOM,24,-10,0,1,FAIL,20,20,62,0,180,0,2026-03-24T15:03:32Z,2026-03-24
7f9e492c365239a3_181,7f9e492c365239a3,R114792-03,W118892,AB24ROOM,23,-10,0,1,PASS,1,1,74,0,181,0,2026-03-24T15:03:32Z,2026-03-24
7f9e492c365239a3_182,7f9e492c365239a3,R114792-03,W118892,AB24ROOM,22,-10,0,1,PASS,1,1,72,0,182,0,2026-03-24T15:03:32Z,2026-03-24
7f9e492c365239a3_183,7f9e492c365239a3,R114792-03,W118892,AB24ROOM,21,-10,0,1,PASS,1,1,72,0,183,0,2026-03-24T15:03:32Z,2026-03-24
7f9e492c365239a3_184,7f9e492c365239a3,R114792-03,W118892,AB24ROOM,20,-10,0,1,PASS,1,1,72,0,184,0,2026-03-24T15:03:32Z,2026-03-24
7f9e492c365239a3_185,7f9e492c365239a3,R114792-03,W118892,AB24ROOM,19,-10,0,1,PASS,1,1,72,0,185,0,2026-03-24T15:03:32Z,2026-03-24
7f9e492c365239a3_186,7f9e492c365239a3,R114792-03,W118892,AB24ROOM,18,-10,0,1,PASS,1,1,72,0,186,0,2026-03-24T15:03:32Z,2026-03-24
7f9e492c365239a3_187,7f9e492c365239a3,R114792-03,W118892,AB24ROOM,17,-10,0,1,FAIL,8,8,32,0,187,0,2026-03-24T15:03:32Z,2026-03-24
7f9e492c365239a3_188,7f9e492c365239a3,R114792-03,W118892,AB24ROOM,16,-10,0,1,PASS,1,1,74,0,188,0,2026-03-24T15:03:32Z,2026-03-24
7f9e492c365239a3_189,7f9e492c365239a3,R114792-03,W118892,AB24ROOM,15,-10,0,1,FAIL,8,8,32,0,189,0,2026-03-24T15:03:32Z,2026-03-24
7f9e492c365239a3_190,7f9e492c365239a3,R114792-03,W118892,AB24ROOM,14,-10,0,1,PASS,1,1,74,0,190,0,2026-03-24T15:03:32Z,2026-03-24
7f9e492c365239a3_191,7f9e492c365239a3,R114792-03,W118892,AB24ROOM,13,-10,0,1,PASS,1,1,72,0,191,0,2026-03-24T15:03:32Z,2026-03-24
7f9e492c365239a3_192,7f9e492c365239a3,R114792-03,W118892,AB24ROOM,12,-10,0,1,PASS,1,1,72,0,192,0,2026-03-24T15:03:32Z,2026-03-24
7f9e492c365239a3_193,7f9e492c365239a3,R114792-03,W118892,AB24ROOM,11,-10,0,1,PASS,1,1,72,0,193,0,2026-03-24T15:03:32Z,2026-03-24
7f9e492c365239a3_194,7f9e492c365239a3,R114792-03,W118892,AB24ROOM,10,-10,0,1,PASS,1,1,72,0,194,0,2026-03-24T15:03:32Z,2026-03-24
7f9e492c365239a3_195,7f9e492c365239a3,R114792-03,W118892,AB24ROOM,9,-10,0,1,PASS,1,1,72,0,195,0,2026-03-24T15:03:32Z,2026-03-24
7f9e492c365239a3_196,7f9e492c365239a3,R114792-03,W118892,AB24ROOM,8,-11,0,1,PASS,1,1,74,0,196,0,2026-03-24T15:03:32Z,2026-03-24
7f9e492c365239a3_197,7f9e492c365239a3,R114792-03,W118892,AB24ROOM,9,-11,0,1,PASS,1,1,72,0,197,0,2026-03-24T15:03:32Z,2026-03-24
7f9e492c365239a3_198,7f9e492c365239a3,R114792-03,W118892,AB24ROOM,10,-11,0,1,PASS,1,1,72,0,198,0,2026-03-24T15:03:32Z,2026-03-24
7f9e492c365239a3_199,7f9e492c365239a3,R114792-03,W118892,AB24ROOM,13,-11,0,1,PASS,1,1,72,0,199,0,2026-03-24T15:03:32Z,2026-03-24
7f9e492c365239a3_200,7f9e492c365239a3,R114792-03,W118892,AB24ROOM,14,-11,0,1,PASS,1,1,72,0,200,0,2026-03-24T15:03:32Z,2026-03-24
7f9e492c365239a3_201,7f9e492c365239a3,R114792-03,W118892,AB24ROOM,15,-11,0,1,PASS,1,1,72,0,201,0,2026-03-24T15:03:32Z,2026-03-24
7f9e492c365239a3_202,7f9e492c365239a3,R114792-03,W118892,AB24ROOM,16,-11,0,1,PASS,1,1,74,0,202,0,2026-03-24T15:03:32Z,2026-03-24
7f9e492c365239a3_203,7f9e492c365239a3,R114792-03,W118892,AB24ROOM,17,-11,0,1,PASS,1,1,72,0,203,0,2026-03-24T15:03:32Z,2026-03-24
7f9e492c365239a3_204,7f9e492c365239a3,R114792-03,W118892,AB24ROOM,18,-11,0,1,PASS,1,1,72,0,204,0,2026-03-24T15:03:32Z,2026-03-24
7f9e492c365239a3_205,7f9e492c365239a3,R114792-03,W118892,AB24ROOM,19,-11,0,1,PASS,1,1,72,0,205,0,2026-03-24T15:03:32Z,2026-03-24
7f9e492c365239a3_206,7f9e492c365239a3,R114792-03,W118892,AB24ROOM,20,-11,0,1,PASS,1,1,72,0,206,0,2026-03-24T15:03:32Z,2026-03-24
7f9e492c365239a3_207,7f9e492c365239a3,R114792-03,W118892,AB24ROOM,21,-11,0,1,PASS,1,1,72,0,207,0,2026-03-24T15:03:32Z,2026-03-24
7f9e492c365239a3_208,7f9e492c365239a3,R114792-03,W118892,AB24ROOM,22,-11,0,1,PASS,1,1,74,0,208,0,2026-03-24T15:03:32Z,2026-03-24
7f9e492c365239a3_209,7f9e492c365239a3,R114792-03,W118892,AB24ROOM,23,-11,0,1,PASS,1,1,72,0,209,0,2026-03-24T15:03:32Z,2026-03-24
7f9e492c365239a3_210,7f9e492c365239a3,R114792-03,W118892,AB24ROOM,24,-11,0,1,PASS,1,1,72,0,210,0,2026-03-24T15:03:32Z,2026-03-24
7f9e492c365239a3_211,7f9e492c365239a3,R114792-03,W118892,AB24ROOM,25,-11,0,1,PASS,1,1,72,0,211,0,2026-03-24T15:03:32Z,2026-03-24
7f9e492c365239a3_212,7f9e492c365239a3,R114792-03,W118892,AB24ROOM,26,-11,0,1,PASS,1,1,72,0,212,0,2026-03-24T15:03:32Z,2026-03-24
7f9e492c365239a3_213,7f9e492c365239a3,R114792-03,W118892,AB24ROOM,27,-11,0,1,PASS,1,1,72,0,213,0,2026-03-24T15:03:32Z,2026-03-24
7f9e492c365239a3_214,7f9e492c365239a3,R114792-03,W118892,AB24ROOM,28,-11,0,1,PASS,1,1,74,0,214,0,2026-03-24T15:03:32Z,2026-03-24
7f9e492c365239a3_215,7f9e492c365239a3,R114792-03,W118892,AB24ROOM,29,-11,0,1,FAIL,20,20,44,0,215,0,2026-03-24T15:03:32Z,2026-03-24
7f9e492c365239a3_216,7f9e492c365239a3,R114792-03,W118892,AB24ROOM,30,-11,0,1,PASS,1,1,74,0,216,0,2026-03-24T15:03:32Z,2026-03-24
7f9e492c365239a3_217,7f9e492c365239a3,R114792-03,W118892,AB24ROOM,31,-11,0,1,FAIL,7,7,41,0,217,0,2026-03-24T15:03:32Z,2026-03-24
7f9e492c365239a3_218,7f9e492c365239a3,R114792-03,W118892,AB24ROOM,32,-11,0,1,PASS,1,1,74,0,218,0,2026-03-24T15:03:32Z,2026-03-24
7f9e492c365239a3_219,7f9e492c365239a3,R114792-03,W118892,AB24ROOM,33,-11,0,1,PASS,1,1,72,0,219,0,2026-03-24T15:03:32Z,2026-03-24
7f9e492c365239a3_220,7f9e492c365239a3,R114792-03,W118892,AB24ROOM,34,-11,0,1,PASS,1,1,72,0,220,0,2026-03-24T15:03:32Z,2026-03-24
7f9e492c365239a3_221,7f9e492c365239a3,R114792-03,W118892,AB24ROOM,35,-11,0,1,FAIL,20,20,62,0,221,0,2026-03-24T15:03:32Z,2026-03-24
7f9e492c365239a3_222,7f9e492c365239a3,R114792-03,W118892,AB24ROOM,36,-11,0,1,PASS,1,1,74,0,222,0,2026-03-24T15:03:32Z,2026-03-24
7f9e492c365239a3_223,7f9e492c365239a3,R114792-03,W118892,AB24ROOM,37,-11,0,1,PASS,1,1,72,0,223,0,2026-03-24T15:03:32Z,2026-03-24
7f9e492c365239a3_224,7f9e492c365239a3,R114792-03,W118892,AB24ROOM,40,-11,0,1,PASS,1,1,72,0,224,0,2026-03-24T15:03:32Z,2026-03-24
7f9e492c365239a3_225,7f9e492c365239a3,R114792-03,W118892,AB24ROOM,41,-11,0,1,PASS,1,1,72,0,225,0,2026-03-24T15:03:32Z,2026-03-24
7f9e492c365239a3_226,7f9e492c365239a3,R114792-03,W118892,AB24ROOM,42,-11,0,1,PASS,1,1,72,0,226,0,2026-03-24T15:03:32Z,2026-03-24
7f9e492c365239a3_227,7f9e492c365239a3,R114792-03,W118892,AB24ROOM,43,-12,0,1,PASS,1,1,72,0,227,0,2026-03-24T15:03:32Z,2026-03-24
7f9e492c365239a3_228,7f9e492c365239a3,R114792-03,W118892,AB24ROOM,42,-12,0,1,PASS,1,1,74,0,228,0,2026-03-24T15:03:32Z,2026-03-24
7f9e492c365239a3_229,7f9e492c365239a3,R114792-03,W118892,AB24ROOM,41,-12,0,1,FAIL,2,2,54,0,229,0,2026-03-24T15:03:32Z,2026-03-24
7f9e492c365239a3_230,7f9e492c365239a3,R114792-03,W118892,AB24ROOM,40,-12,0,1,PASS,1,1,74,0,230,0,2026-03-24T15:03:32Z,2026-03-24
7f9e492c365239a3_231,7f9e492c365239a3,R114792-03,W118892,AB24ROOM,37,-12,0,1,PASS,1,1,72,0,231,0,2026-03-24T15:03:32Z,2026-03-24
7f9e492c365239a3_232,7f9e492c365239a3,R114792-03,W118892,AB24ROOM,36,-12,0,1,PASS,1,1,72,0,232,0,2026-03-24T15:03:32Z,2026-03-24
7f9e492c365239a3_233,7f9e492c365239a3,R114792-03,W118892,AB24ROOM,35,-12,0,1,PASS,1,1,72,0,233,0,2026-03-24T15:03:32Z,2026-03-24
7f9e492c365239a3_234,7f9e492c365239a3,R114792-03,W118892,AB24ROOM,34,-12,0,1,PASS,1,1,72,0,234,0,2026-03-24T15:03:32Z,2026-03-24
7f9e492c365239a3_235,7f9e492c365239a3,R114792-03,W118892,AB24ROOM,33,-12,0,1,PASS,1,1,72,0,235,0,2026-03-24T15:03:32Z,2026-03-24
7f9e492c365239a3_236,7f9e492c365239a3,R114792-03,W118892,AB24ROOM,32,-12,0,1,PASS,1,1,74,0,236,0,2026-03-24T15:03:32Z,2026-03-24
7f9e492c365239a3_237,7f9e492c365239a3,R114792-03,W118892,AB24ROOM,31,-12,0,1,PASS,1,1,72,0,237,0,2026-03-24T15:03:32Z,2026-03-24
7f9e492c365239a3_238,7f9e492c365239a3,R114792-03,W118892,AB24ROOM,30,-12,0,1,PASS,1,1,72,0,238,0,2026-03-24T15:03:32Z,2026-03-24
7f9e492c365239a3_239,7f9e492c365239a3,R114792-03,W118892,AB24ROOM,29,-12,0,1,PASS,1,1,72,0,239,0,2026-03-24T15:03:32Z,2026-03-24
7f9e492c365239a3_240,7f9e492c365239a3,R114792-03,W118892,AB24ROOM,28,-12,0,1,FAIL,20,20,62,0,240,0,2026-03-24T15:03:32Z,2026-03-24
7f9e492c365239a3_241,7f9e492c365239a3,R114792-03,W118892,AB24ROOM,27,-12,0,1,PASS,1,1,74,0,241,0,2026-03-24T15:03:32Z,2026-03-24
7f9e492c365239a3_242,7f9e492c365239a3,R114792-03,W118892,AB24ROOM,26,-12,0,1,PASS,1,1,72,0,242,0,2026-03-24T15:03:32Z,2026-03-24
7f9e492c365239a3_243,7f9e492c365239a3,R114792-03,W118892,AB24ROOM,25,-12,0,1,PASS,1,1,72,0,243,0,2026-03-24T15:03:32Z,2026-03-24
7f9e492c365239a3_244,7f9e492c365239a3,R114792-03,W118892,AB24ROOM,24,-12,0,1,PASS,1,1,72,0,244,0,2026-03-24T15:03:32Z,2026-03-24
7f9e492c365239a3_245,7f9e492c365239a3,R114792-03,W118892,AB24ROOM,23,-12,0,1,PASS,1,1,72,0,245,0,2026-03-24T15:03:32Z,2026-03-24
7f9e492c365239a3_246,7f9e492c365239a3,R114792-03,W118892,AB24ROOM,22,-12,0,1,PASS,1,1,72,0,246,0,2026-03-24T15:03:32Z,2026-03-24
7f9e492c365239a3_247,7f9e492c365239a3,R114792-03,W118892,AB24ROOM,21,-12,0,1,PASS,1,1,74,0,247,0,2026-03-24T15:03:32Z,2026-03-24
7f9e492c365239a3_248,7f9e492c365239a3,R114792-03,W118892,AB24ROOM,20,-12,0,1,PASS,1,1,72,0,248,0,2026-03-24T15:03:32Z,2026-03-24
7f9e492c365239a3_249,7f9e492c365239a3,R114792-03,W118892,AB24ROOM,19,-12,0,1,PASS,1,1,72,0,249,0,2026-03-24T15:03:32Z,2026-03-24
7f9e492c365239a3_250,7f9e492c365239a3,R114792-03,W118892,AB24ROOM,18,-12,0,1,PASS,1,1,72,0,250,0,2026-03-24T15:03:32Z,2026-03-24
7f9e492c365239a3_251,7f9e492c365239a3,R114792-03,W118892,AB24ROOM,17,-12,0,1,PASS,1,1,72,0,251,0,2026-03-24T15:03:32Z,2026-03-24
7f9e492c365239a3_252,7f9e492c365239a3,R114792-03,W118892,AB24ROOM,16,-12,0,1,PASS,1,1,72,0,252,0,2026-03-24T15:03:32Z,2026-03-24
7f9e492c365239a3_253,7f9e492c365239a3,R114792-03,W118892,AB24ROOM,15,-12,0,1,PASS,1,1,74,0,253,0,2026-03-24T15:03:32Z,2026-03-24
7f9e492c365239a3_254,7f9e492c365239a3,R114792-03,W118892,AB24ROOM,14,-12,0,1,PASS,1,1,72,0,254,0,2026-03-24T15:03:32Z,2026-03-24
7f9e492c365239a3_255,7f9e492c365239a3,R114792-03,W118892,AB24ROOM,13,-12,0,1,FAIL,8,8,32,0,255,0,2026-03-24T15:03:32Z,2026-03-24
7f9e492c365239a3_256,7f9e492c365239a3,R114792-03,W118892,AB24ROOM,10,-12,0,1,PASS,1,1,74,0,256,0,2026-03-24T15:03:32Z,2026-03-24
7f9e492c365239a3_257,7f9e492c365239a3,R114792-03,W118892,AB24ROOM,9,-12,0,1,PASS,1,1,72,0,257,0,2026-03-24T15:03:32Z,2026-03-24
7f9e492c365239a3_258,7f9e492c365239a3,R114792-03,W118892,AB24ROOM,8,-12,0,1,FAIL,2,2,54,0,258,0,2026-03-24T15:03:32Z,2026-03-24
7f9e492c365239a3_259,7f9e492c365239a3,R114792-03,W118892,AB24ROOM,7,-12,0,1,PASS,1,1,74,0,259,0,2026-03-24T15:03:32Z,2026-03-24
7f9e492c365239a3_260,7f9e492c365239a3,R114792-03,W118892,AB24ROOM,6,-13,0,1,FAIL,5,5,1,0,260,0,2026-03-24T15:03:32Z,2026-03-24
7f9e492c365239a3_261,7f9e492c365239a3,R114792-03,W118892,AB24ROOM,7,-13,0,1,PASS,1,1,74,0,261,0,2026-03-24T15:03:32Z,2026-03-24
7f9e492c365239a3_262,7f9e492c365239a3,R114792-03,W118892,AB24ROOM,8,-13,0,1,PASS,1,1,72,0,262,0,2026-03-24T15:03:32Z,2026-03-24
7f9e492c365239a3_263,7f9e492c365239a3,R114792-03,W118892,AB24ROOM,9,-13,0,1,PASS,1,1,72,0,263,0,2026-03-24T15:03:32Z,2026-03-24
7f9e492c365239a3_264,7f9e492c365239a3,R114792-03,W118892,AB24ROOM,10,-13,0,1,PASS,1,1,72,0,264,0,2026-03-24T15:03:32Z,2026-03-24
7f9e492c365239a3_265,7f9e492c365239a3,R114792-03,W118892,AB24ROOM,11,-13,0,1,PASS,1,1,72,0,265,0,2026-03-24T15:03:32Z,2026-03-24
7f9e492c365239a3_266,7f9e492c365239a3,R114792-03,W118892,AB24ROOM,12,-13,0,1,PASS,1,1,72,0,266,0,2026-03-24T15:03:32Z,2026-03-24
7f9e492c365239a3_267,7f9e492c365239a3,R114792-03,W118892,AB24ROOM,13,-13,0,1,PASS,1,1,74,0,267,0,2026-03-24T15:03:32Z,2026-03-24
7f9e492c365239a3_268,7f9e492c365239a3,R114792-03,W118892,AB24ROOM,14,-13,0,1,PASS,1,1,72,0,268,0,2026-03-24T15:03:32Z,2026-03-24
7f9e492c365239a3_269,7f9e492c365239a3,R114792-03,W118892,AB24ROOM,15,-13,0,1,FAIL,8,8,32,0,269,0,2026-03-24T15:03:32Z,2026-03-24
7f9e492c365239a3_270,7f9e492c365239a3,R114792-03,W118892,AB24ROOM,16,-13,0,1,PASS,1,1,74,0,270,0,2026-03-24T15:03:32Z,2026-03-24
7f9e492c365239a3_271,7f9e492c365239a3,R114792-03,W118892,AB24ROOM,17,-13,0,1,PASS,1,1,72,0,271,0,2026-03-24T15:03:32Z,2026-03-24
7f9e492c365239a3_272,7f9e492c365239a3,R114792-03,W118892,AB24ROOM,18,-13,0,1,PASS,1,1,72,0,272,0,2026-03-24T15:03:32Z,2026-03-24
7f9e492c365239a3_273,7f9e492c365239a3,R114792-03,W118892,AB24ROOM,19,-13,0,1,PASS,1,1,72,0,273,0,2026-03-24T15:03:32Z,2026-03-24
7f9e492c365239a3_274,7f9e492c365239a3,R114792-03,W118892,AB24ROOM,20,-13,0,1,PASS,1,1,72,0,274,0,2026-03-24T15:03:32Z,2026-03-24
7f9e492c365239a3_275,7f9e492c365239a3,R114792-03,W118892,AB24ROOM,21,-13,0,1,PASS,1,1,72,0,275,0,2026-03-24T15:03:32Z,2026-03-24
7f9e492c365239a3_276,7f9e492c365239a3,R114792-03,W118892,AB24ROOM,22,-13,0,1,FAIL,2,2,57,0,276,0,2026-03-24T15:03:32Z,2026-03-24
7f9e492c365239a3_277,7f9e492c365239a3,R114792-03,W118892,AB24ROOM,23,-13,0,1,FAIL,8,8,29,0,277,0,2026-03-24T15:03:32Z,2026-03-24
7f9e492c365239a3_278,7f9e492c365239a3,R114792-03,W118892,AB24ROOM,24,-13,0,1,PASS,1,1,74,0,278,0,2026-03-24T15:03:32Z,2026-03-24
7f9e492c365239a3_279,7f9e492c365239a3,R114792-03,W118892,AB24ROOM,25,-13,0,1,FAIL,8,8,29,0,279,0,2026-03-24T15:03:32Z,2026-03-24
7f9e492c365239a3_280,7f9e492c365239a3,R114792-03,W118892,AB24ROOM,26,-13,0,1,FAIL,8,8,29,0,280,0,2026-03-24T15:03:32Z,2026-03-24
7f9e492c365239a3_281,7f9e492c365239a3,R114792-03,W118892,AB24ROOM,27,-13,0,1,FAIL,8,8,29,0,281,0,2026-03-24T15:03:32Z,2026-03-24
7f9e492c365239a3_282,7f9e492c365239a3,R114792-03,W118892,AB24ROOM,28,-13,0,1,FAIL,8,8,32,0,282,0,2026-03-24T15:03:32Z,2026-03-24
7f9e492c365239a3_283,7f9e492c365239a3,R114792-03,W118892,AB24ROOM,29,-13,0,1,PASS,1,1,74,0,283,0,2026-03-24T15:03:32Z,2026-03-24
7f9e492c365239a3_284,7f9e492c365239a3,R114792-03,W118892,AB24ROOM,30,-13,0,1,PASS,1,1,72,0,284,0,2026-03-24T15:03:32Z,2026-03-24
7f9e492c365239a3_285,7f9e492c365239a3,R114792-03,W118892,AB24ROOM,31,-13,0,1,PASS,1,1,72,0,285,0,2026-03-24T15:03:32Z,2026-03-24
7f9e492c365239a3_286,7f9e492c365239a3,R114792-03,W118892,AB24ROOM,32,-13,0,1,PASS,1,1,72,0,286,0,2026-03-24T15:03:32Z,2026-03-24
7f9e492c365239a3_287,7f9e492c365239a3,R114792-03,W118892,AB24ROOM,33,-13,0,1,PASS,1,1,72,0,287,0,2026-03-24T15:03:32Z,2026-03-24
7f9e492c365239a3_288,7f9e492c365239a3,R114792-03,W118892,AB24ROOM,34,-13,0,1,FAIL,8,8,32,0,288,0,2026-03-24T15:03:32Z,2026-03-24
7f9e492c365239a3_289,7f9e492c365239a3,R114792-03,W118892,AB24ROOM,35,-13,0,1,PASS,1,1,74,0,289,0,2026-03-24T15:03:32Z,2026-03-24
7f9e492c365239a3_290,7f9e492c365239a3,R114792-03,W118892,AB24ROOM,36,-13,0,1,PASS,1,1,72,0,290,0,2026-03-24T15:03:32Z,2026-03-24
7f9e492c365239a3_291,7f9e492c365239a3,R114792-03,W118892,AB24ROOM,37,-13,0,1,FAIL,20,20,62,0,291,0,2026-03-24T15:03:32Z,2026-03-24
7f9e492c365239a3_292,7f9e492c365239a3,R114792-03,W118892,AB24ROOM,38,-13,0,1,PASS,1,1,74,0,292,0,2026-03-24T15:03:32Z,2026-03-24
7f9e492c365239a3_293,7f9e492c365239a3,R114792-03,W118892,AB24ROOM,39,-13,0,1,PASS,1,1,72,0,293,0,2026-03-24T15:03:32Z,2026-03-24
7f9e492c365239a3_294,7f9e492c365239a3,R114792-03,W118892,AB24ROOM,40,-13,0,1,PASS,1,1,72,0,294,0,2026-03-24T15:03:32Z,2026-03-24
7f9e492c365239a3_295,7f9e492c365239a3,R114792-03,W118892,AB24ROOM,41,-13,0,1,PASS,1,1,72,0,295,0,2026-03-24T15:03:32Z,2026-03-24
7f9e492c365239a3_296,7f9e492c365239a3,R114792-03,W118892,AB24ROOM,42,-13,0,1,PASS,1,1,72,0,296,0,2026-03-24T15:03:32Z,2026-03-24
7f9e492c365239a3_297,7f9e492c365239a3,R114792-03,W118892,AB24ROOM,43,-13,0,1,PASS,1,1,72,0,297,0,2026-03-24T15:03:32Z,2026-03-24
7f9e492c365239a3_298,7f9e492c365239a3,R114792-03,W118892,AB24ROOM,44,-13,0,1,FAIL,5,5,1,0,298,0,2026-03-24T15:03:32Z,2026-03-24
7f9e492c365239a3_299,7f9e492c365239a3,R114792-03,W118892,AB24ROOM,44,-14,0,1,PASS,1,1,74,0,299,0,2026-03-24T15:03:32Z,2026-03-24
7f9e492c365239a3_300,7f9e492c365239a3,R114792-03,W118892,AB24ROOM,43,-14,0,1,PASS,1,1,72,0,300,0,2026-03-24T15:03:32Z,2026-03-24
7f9e492c365239a3_301,7f9e492c365239a3,R114792-03,W118892,AB24ROOM,42,-14,0,1,PASS,1,1,72,0,301,0,2026-03-24T15:03:32Z,2026-03-24
7f9e492c365239a3_302,7f9e492c365239a3,R114792-03,W118892,AB24ROOM,41,-14,0,1,PASS,1,1,72,0,302,0,2026-03-24T15:03:32Z,2026-03-24
7f9e492c365239a3_303,7f9e492c365239a3,R114792-03,W118892,AB24ROOM,40,-14,0,1,PASS,1,1,72,0,303,0,2026-03-24T15:03:32Z,2026-03-24
7f9e492c365239a3_304,7f9e492c365239a3,R114792-03,W118892,AB24ROOM,39,-14,0,1,PASS,1,1,72,0,304,0,2026-03-24T15:03:32Z,2026-03-24
7f9e492c365239a3_305,7f9e492c365239a3,R114792-03,W118892,AB24ROOM,38,-14,0,1,PASS,1,1,74,0,305,0,2026-03-24T15:03:32Z,2026-03-24
7f9e492c365239a3_306,7f9e492c365239a3,R114792-03,W118892,AB24ROOM,37,-14,0,1,PASS,1,1,72,0,306,0,2026-03-24T15:03:32Z,2026-03-24
7f9e492c365239a3_307,7f9e492c365239a3,R114792-03,W118892,AB24ROOM,36,-14,0,1,PASS,1,1,72,0,307,0,2026-03-24T15:03:32Z,2026-03-24
7f9e492c365239a3_308,7f9e492c365239a3,R114792-03,W118892,AB24ROOM,35,-14,0,1,FAIL,10,10,11,0,308,0,2026-03-24T15:03:32Z,2026-03-24
7f9e492c365239a3_309,7f9e492c365239a3,R114792-03,W118892,AB24ROOM,34,-14,0,1,PASS,1,1,74,0,309,0,2026-03-24T15:03:32Z,2026-03-24
7f9e492c365239a3_310,7f9e492c365239a3,R114792-03,W118892,AB24ROOM,33,-14,0,1,PASS,1,1,72,0,310,0,2026-03-24T15:03:32Z,2026-03-24
7f9e492c365239a3_311,7f9e492c365239a3,R114792-03,W118892,AB24ROOM,32,-14,0,1,PASS,1,1,72,0,311,0,2026-03-24T15:03:32Z,2026-03-24
7f9e492c365239a3_312,7f9e492c365239a3,R114792-03,W118892,AB24ROOM,31,-14,0,1,PASS,1,1,72,0,312,0,2026-03-24T15:03:32Z,2026-03-24
7f9e492c365239a3_313,7f9e492c365239a3,R114792-03,W118892,AB24ROOM,30,-14,0,1,PASS,1,1,72,0,313,0,2026-03-24T15:03:32Z,2026-03-24
7f9e492c365239a3_314,7f9e492c365239a3,R114792-03,W118892,AB24ROOM,29,-14,0,1,PASS,1,1,72,0,314,0,2026-03-24T15:03:32Z,2026-03-24
7f9e492c365239a3_315,7f9e492c365239a3,R114792-03,W118892,AB24ROOM,28,-14,0,1,PASS,1,1,74,0,315,0,2026-03-24T15:03:32Z,2026-03-24
7f9e492c365239a3_316,7f9e492c365239a3,R114792-03,W118892,AB24ROOM,27,-14,0,1,PASS,1,1,72,0,316,0,2026-03-24T15:03:32Z,2026-03-24
7f9e492c365239a3_317,7f9e492c365239a3,R114792-03,W118892,AB24ROOM,26,-14,0,1,PASS,1,1,72,0,317,0,2026-03-24T15:03:32Z,2026-03-24
7f9e492c365239a3_318,7f9e492c365239a3,R114792-03,W118892,AB24ROOM,25,-14,0,1,PASS,1,1,72,0,318,0,2026-03-24T15:03:32Z,2026-03-24
7f9e492c365239a3_319,7f9e492c365239a3,R114792-03,W118892,AB24ROOM,24,-14,0,1,FAIL,2,2,55,0,319,0,2026-03-24T15:03:32Z,2026-03-24
7f9e492c365239a3_320,7f9e492c365239a3,R114792-03,W118892,AB24ROOM,23,-14,0,1,PASS,1,1,74,0,320,0,2026-03-24T15:03:32Z,2026-03-24
7f9e492c365239a3_321,7f9e492c365239a3,R114792-03,W118892,AB24ROOM,22,-14,0,1,PASS,1,1,72,0,321,0,2026-03-24T15:03:32Z,2026-03-24
7f9e492c365239a3_322,7f9e492c365239a3,R114792-03,W118892,AB24ROOM,21,-14,0,1,PASS,1,1,72,0,322,0,2026-03-24T15:03:32Z,2026-03-24
7f9e492c365239a3_323,7f9e492c365239a3,R114792-03,W118892,AB24ROOM,20,-14,0,1,PASS,1,1,72,0,323,0,2026-03-24T15:03:32Z,2026-03-24
7f9e492c365239a3_324,7f9e492c365239a3,R114792-03,W118892,AB24ROOM,19,-14,0,1,PASS,1,1,72,0,324,0,2026-03-24T15:03:32Z,2026-03-24
7f9e492c365239a3_325,7f9e492c365239a3,R114792-03,W118892,AB24ROOM,18,-14,0,1,PASS,1,1,72,0,325,0,2026-03-24T15:03:32Z,2026-03-24
7f9e492c365239a3_326,7f9e492c365239a3,R114792-03,W118892,AB24ROOM,17,-14,0,1,PASS,1,1,74,0,326,0,2026-03-24T15:03:32Z,2026-03-24
7f9e492c365239a3_327,7f9e492c365239a3,R114792-03,W118892,AB24ROOM,16,-14,0,1,PASS,1,1,72,0,327,0,2026-03-24T15:03:32Z,2026-03-24
7f9e492c365239a3_328,7f9e492c365239a3,R114792-03,W118892,AB24ROOM,15,-14,0,1,PASS,1,1,72,0,328,0,2026-03-24T15:03:32Z,2026-03-24
7f9e492c365239a3_329,7f9e492c365239a3,R114792-03,W118892,AB24ROOM,14,-14,0,1,PASS,1,1,72,0,329,0,2026-03-24T15:03:32Z,2026-03-24
7f9e492c365239a3_330,7f9e492c365239a3,R114792-03,W118892,AB24ROOM,13,-14,0,1,PASS,1,1,72,0,330,0,2026-03-24T15:03:32Z,2026-03-24
7f9e492c365239a3_331,7f9e492c365239a3,R114792-03,W118892,AB24ROOM,12,-14,0,1,PASS,1,1,72,0,331,0,2026-03-24T15:03:32Z,2026-03-24
7f9e492c365239a3_332,7f9e492c365239a3,R114792-03,W118892,AB24ROOM,11,-14,0,1,PASS,1,1,74,0,332,0,2026-03-24T15:03:32Z,2026-03-24
7f9e492c365239a3_333,7f9e492c365239a3,R114792-03,W118892,AB24ROOM,10,-14,0,1,PASS,1,1,72,0,333,0,2026-03-24T15:03:32Z,2026-03-24
7f9e492c365239a3_334,7f9e492c365239a3,R114792-03,W118892,AB24ROOM,9,-14,0,1,PASS,1,1,72,0,334,0,2026-03-24T15:03:32Z,2026-03-24
7f9e492c365239a3_335,7f9e492c365239a3,R114792-03,W118892,AB24ROOM,8,-14,0,1,PASS,1,1,72,0,335,0,2026-03-24T15:03:32Z,2026-03-24
7f9e492c365239a3_336,7f9e492c365239a3,R114792-03,W118892,AB24ROOM,7,-14,0,1,PASS,1,1,72,0,336,0,2026-03-24T15:03:32Z,2026-03-24
7f9e492c365239a3_337,7f9e492c365239a3,R114792-03,W118892,AB24ROOM,6,-14,0,1,PASS,1,1,72,0,337,0,2026-03-24T15:03:32Z,2026-03-24
7f9e492c365239a3_338,7f9e492c365239a3,R114792-03,W118892,AB24ROOM,5,-15,0,1,FAIL,5,5,1,0,338,0,2026-03-24T15:03:32Z,2026-03-24
7f9e492c365239a3_339,7f9e492c365239a3,R114792-03,W118892,AB24ROOM,6,-15,0,1,PASS,1,1,74,0,339,0,2026-03-24T15:03:32Z,2026-03-24
7f9e492c365239a3_340,7f9e492c365239a3,R114792-03,W118892,AB24ROOM,7,-15,0,1,PASS,1,1,72,0,340,0,2026-03-24T15:03:32Z,2026-03-24
7f9e492c365239a3_341,7f9e492c365239a3,R114792-03,W118892,AB24ROOM,8,-15,0,1,PASS,1,1,72,0,341,0,2026-03-24T15:03:32Z,2026-03-24
7f9e492c365239a3_342,7f9e492c365239a3,R114792-03,W118892,AB24ROOM,9,-15,0,1,FAIL,20,20,62,0,342,0,2026-03-24T15:03:32Z,2026-03-24
7f9e492c365239a3_343,7f9e492c365239a3,R114792-03,W118892,AB24ROOM,10,-15,0,1,PASS,1,1,74,0,343,0,2026-03-24T15:03:32Z,2026-03-24
7f9e492c365239a3_344,7f9e492c365239a3,R114792-03,W118892,AB24ROOM,11,-15,0,1,PASS,1,1,72,0,344,0,2026-03-24T15:03:32Z,2026-03-24
7f9e492c365239a3_345,7f9e492c365239a3,R114792-03,W118892,AB24ROOM,12,-15,0,1,PASS,1,1,72,0,345,0,2026-03-24T15:03:32Z,2026-03-24
7f9e492c365239a3_346,7f9e492c365239a3,R114792-03,W118892,AB24ROOM,13,-15,0,1,PASS,1,1,72,0,346,0,2026-03-24T15:03:32Z,2026-03-24
7f9e492c365239a3_347,7f9e492c365239a3,R114792-03,W118892,AB24ROOM,14,-15,0,1,PASS,1,1,72,0,347,0,2026-03-24T15:03:32Z,2026-03-24
7f9e492c365239a3_348,7f9e492c365239a3,R114792-03,W118892,AB24ROOM,15,-15,0,1,PASS,1,1,72,0,348,0,2026-03-24T15:03:32Z,2026-03-24
7f9e492c365239a3_349,7f9e492c365239a3,R114792-03,W118892,AB24ROOM,16,-15,0,1,PASS,1,1,74,0,349,0,2026-03-24T15:03:32Z,2026-03-24
7f9e492c365239a3_350,7f9e492c365239a3,R114792-03,W118892,AB24ROOM,17,-15,0,1,PASS,1,1,72,0,350,0,2026-03-24T15:03:32Z,2026-03-24
7f9e492c365239a3_351,7f9e492c365239a3,R114792-03,W118892,AB24ROOM,18,-15,0,1,PASS,1,1,72,0,351,0,2026-03-24T15:03:32Z,2026-03-24
7f9e492c365239a3_352,7f9e492c365239a3,R114792-03,W118892,AB24ROOM,19,-15,0,1,PASS,1,1,72,0,352,0,2026-03-24T15:03:32Z,2026-03-24
7f9e492c365239a3_353,7f9e492c365239a3,R114792-03,W118892,AB24ROOM,20,-15,0,1,PASS,1,1,72,0,353,0,2026-03-24T15:03:32Z,2026-03-24
7f9e492c365239a3_354,7f9e492c365239a3,R114792-03,W118892,AB24ROOM,21,-15,0,1,PASS,1,1,72,0,354,0,2026-03-24T15:03:32Z,2026-03-24
7f9e492c365239a3_355,7f9e492c365239a3,R114792-03,W118892,AB24ROOM,22,-15,0,1,PASS,1,1,74,0,355,0,2026-03-24T15:03:32Z,2026-03-24
7f9e492c365239a3_356,7f9e492c365239a3,R114792-03,W118892,AB24ROOM,23,-15,0,1,PASS,1,1,72,0,356,0,2026-03-24T15:03:32Z,2026-03-24
7f9e492c365239a3_357,7f9e492c365239a3,R114792-03,W118892,AB24ROOM,24,-15,0,1,PASS,1,1,72,0,357,0,2026-03-24T15:03:32Z,2026-03-24
7f9e492c365239a3_358,7f9e492c365239a3,R114792-03,W118892,AB24ROOM,25,-15,0,1,PASS,1,1,72,0,358,0,2026-03-24T15:03:32Z,2026-03-24
7f9e492c365239a3_359,7f9e492c365239a3,R114792-03,W118892,AB24ROOM,26,-15,0,1,PASS,1,1,72,0,359,0,2026-03-24T15:03:32Z,2026-03-24
7f9e492c365239a3_360,7f9e492c365239a3,R114792-03,W118892,AB24ROOM,27,-15,0,1,PASS,1,1,72,0,360,0,2026-03-24T15:03:32Z,2026-03-24
7f9e492c365239a3_361,7f9e492c365239a3,R114792-03,W118892,AB24ROOM,28,-15,0,1,PASS,1,1,74,0,361,0,2026-03-24T15:03:32Z,2026-03-24
7f9e492c365239a3_362,7f9e492c365239a3,R114792-03,W118892,AB24ROOM,29,-15,0,1,PASS,1,1,72,0,362,0,2026-03-24T15:03:32Z,2026-03-24
7f9e492c365239a3_363,7f9e492c365239a3,R114792-03,W118892,AB24ROOM,30,-15,0,1,FAIL,20,20,62,0,363,0,2026-03-24T15:03:32Z,2026-03-24
7f9e492c365239a3_364,7f9e492c365239a3,R114792-03,W118892,AB24ROOM,31,-15,0,1,PASS,1,1,74,0,364,0,2026-03-24T15:03:32Z,2026-03-24
7f9e492c365239a3_365,7f9e492c365239a3,R114792-03,W118892,AB24ROOM,32,-15,0,1,PASS,1,1,72,0,365,0,2026-03-24T15:03:32Z,2026-03-24
7f9e492c365239a3_366,7f9e492c365239a3,R114792-03,W118892,AB24ROOM,33,-15,0,1,PASS,1,1,72,0,366,0,2026-03-24T15:03:32Z,2026-03-24
7f9e492c365239a3_367,7f9e492c365239a3,R114792-03,W118892,AB24ROOM,34,-15,0,1,PASS,1,1,72,0,367,0,2026-03-24T15:03:32Z,2026-03-24
7f9e492c365239a3_368,7f9e492c365239a3,R114792-03,W118892,AB24ROOM,35,-15,0,1,PASS,1,1,72,0,368,0,2026-03-24T15:03:32Z,2026-03-24
7f9e492c365239a3_369,7f9e492c365239a3,R114792-03,W118892,AB24ROOM,36,-15,0,1,PASS,1,1,72,0,369,0,2026-03-24T15:03:32Z,2026-03-24
7f9e492c365239a3_370,7f9e492c365239a3,R114792-03,W118892,AB24ROOM,37,-15,0,1,PASS,1,1,74,0,370,0,2026-03-24T15:03:32Z,2026-03-24
7f9e492c365239a3_371,7f9e492c365239a3,R114792-03,W118892,AB24ROOM,38,-15,0,1,PASS,1,1,72,0,371,0,2026-03-24T15:03:32Z,2026-03-24
7f9e492c365239a3_372,7f9e492c365239a3,R114792-03,W118892,AB24ROOM,39,-15,0,1,PASS,1,1,72,0,372,0,2026-03-24T15:03:32Z,2026-03-24
7f9e492c365239a3_373,7f9e492c365239a3,R114792-03,W118892,AB24ROOM,40,-15,0,1,PASS,1,1,72,0,373,0,2026-03-24T15:03:32Z,2026-03-24
7f9e492c365239a3_374,7f9e492c365239a3,R114792-03,W118892,AB24ROOM,41,-15,0,1,PASS,1,1,72,0,374,0,2026-03-24T15:03:32Z,2026-03-24
7f9e492c365239a3_375,7f9e492c365239a3,R114792-03,W118892,AB24ROOM,42,-15,0,1,FAIL,20,20,62,0,375,0,2026-03-24T15:03:32Z,2026-03-24
7f9e492c365239a3_376,7f9e492c365239a3,R114792-03,W118892,AB24ROOM,43,-15,0,1,PASS,1,1,74,0,376,0,2026-03-24T15:03:32Z,2026-03-24
7f9e492c365239a3_377,7f9e492c365239a3,R114792-03,W118892,AB24ROOM,44,-15,0,1,PASS,1,1,72,0,377,0,2026-03-24T15:03:32Z,2026-03-24
7f9e492c365239a3_378,7f9e492c365239a3,R114792-03,W118892,AB24ROOM,45,-15,0,1,FAIL,5,5,1,0,378,0,2026-03-24T15:03:32Z,2026-03-24
7f9e492c365239a3_379,7f9e492c365239a3,R114792-03,W118892,AB24ROOM,45,-16,0,1,FAIL,2,2,53,0,379,0,2026-03-24T15:03:32Z,2026-03-24
7f9e492c365239a3_380,7f9e492c365239a3,R114792-03,W118892,AB24ROOM,44,-16,0,1,PASS,1,1,74,0,380,0,2026-03-24T15:03:32Z,2026-03-24
7f9e492c365239a3_381,7f9e492c365239a3,R114792-03,W118892,AB24ROOM,43,-16,0,1,PASS,1,1,72,0,381,0,2026-03-24T15:03:32Z,2026-03-24
7f9e492c365239a3_382,7f9e492c365239a3,R114792-03,W118892,AB24ROOM,42,-16,0,1,PASS,1,1,72,0,382,0,2026-03-24T15:03:32Z,2026-03-24
7f9e492c365239a3_383,7f9e492c365239a3,R114792-03,W118892,AB24ROOM,41,-16,0,1,PASS,1,1,72,0,383,0,2026-03-24T15:03:32Z,2026-03-24
7f9e492c365239a3_384,7f9e492c365239a3,R114792-03,W118892,AB24ROOM,40,-16,0,1,PASS,1,1,72,0,384,0,2026-03-24T15:03:32Z,2026-03-24
7f9e492c365239a3_385,7f9e492c365239a3,R114792-03,W118892,AB24ROOM,39,-16,0,1,PASS,1,1,72,0,385,0,2026-03-24T15:03:32Z,2026-03-24
7f9e492c365239a3_386,7f9e492c365239a3,R114792-03,W118892,AB24ROOM,38,-16,0,1,PASS,1,1,74,0,386,0,2026-03-24T15:03:32Z,2026-03-24
7f9e492c365239a3_387,7f9e492c365239a3,R114792-03,W118892,AB24ROOM,37,-16,0,1,PASS,1,1,72,0,387,0,2026-03-24T15:03:32Z,2026-03-24
7f9e492c365239a3_388,7f9e492c365239a3,R114792-03,W118892,AB24ROOM,36,-16,0,1,PASS,1,1,72,0,388,0,2026-03-24T15:03:32Z,2026-03-24
7f9e492c365239a3_389,7f9e492c365239a3,R114792-03,W118892,AB24ROOM,35,-16,0,1,PASS,1,1,72,0,389,0,2026-03-24T15:03:32Z,2026-03-24
7f9e492c365239a3_390,7f9e492c365239a3,R114792-03,W118892,AB24ROOM,34,-16,0,1,PASS,1,1,72,0,390,0,2026-03-24T15:03:32Z,2026-03-24
7f9e492c365239a3_391,7f9e492c365239a3,R114792-03,W118892,AB24ROOM,33,-16,0,1,PASS,1,1,72,0,391,0,2026-03-24T15:03:32Z,2026-03-24
7f9e492c365239a3_392,7f9e492c365239a3,R114792-03,W118892,AB24ROOM,32,-16,0,1,PASS,1,1,74,0,392,0,2026-03-24T15:03:32Z,2026-03-24
7f9e492c365239a3_393,7f9e492c365239a3,R114792-03,W118892,AB24ROOM,31,-16,0,1,PASS,1,1,72,0,393,0,2026-03-24T15:03:32Z,2026-03-24
7f9e492c365239a3_394,7f9e492c365239a3,R114792-03,W118892,AB24ROOM,30,-16,0,1,PASS,1,1,72,0,394,0,2026-03-24T15:03:32Z,2026-03-24
7f9e492c365239a3_395,7f9e492c365239a3,R114792-03,W118892,AB24ROOM,29,-16,0,1,PASS,1,1,72,0,395,0,2026-03-24T15:03:32Z,2026-03-24
7f9e492c365239a3_396,7f9e492c365239a3,R114792-03,W118892,AB24ROOM,28,-16,0,1,PASS,1,1,72,0,396,0,2026-03-24T15:03:32Z,2026-03-24
7f9e492c365239a3_397,7f9e492c365239a3,R114792-03,W118892,AB24ROOM,27,-16,0,1,PASS,1,1,72,0,397,0,2026-03-24T15:03:32Z,2026-03-24
7f9e492c365239a3_398,7f9e492c365239a3,R114792-03,W118892,AB24ROOM,26,-16,0,1,PASS,1,1,74,0,398,0,2026-03-24T15:03:32Z,2026-03-24
7f9e492c365239a3_399,7f9e492c365239a3,R114792-03,W118892,AB24ROOM,25,-16,0,1,PASS,1,1,72,0,399,0,2026-03-24T15:03:32Z,2026-03-24
7f9e492c365239a3_400,7f9e492c365239a3,R114792-03,W118892,AB24ROOM,24,-16,0,1,FAIL,20,20,62,0,400,0,2026-03-24T15:03:32Z,2026-03-24
7f9e492c365239a3_401,7f9e492c365239a3,R114792-03,W118892,AB24ROOM,23,-16,0,1,PASS,1,1,74,0,401,0,2026-03-24T15:03:32Z,2026-03-24
7f9e492c365239a3_402,7f9e492c365239a3,R114792-03,W118892,AB24ROOM,22,-16,0,1,PASS,1,1,72,0,402,0,2026-03-24T15:03:32Z,2026-03-24
7f9e492c365239a3_403,7f9e492c365239a3,R114792-03,W118892,AB24ROOM,21,-16,0,1,PASS,1,1,72,0,403,0,2026-03-24T15:03:32Z,2026-03-24
7f9e492c365239a3_404,7f9e492c365239a3,R114792-03,W118892,AB24ROOM,20,-16,0,1,PASS,1,1,72,0,404,0,2026-03-24T15:03:32Z,2026-03-24
7f9e492c365239a3_405,7f9e492c365239a3,R114792-03,W118892,AB24ROOM,19,-16,0,1,PASS,1,1,72,0,405,0,2026-03-24T15:03:32Z,2026-03-24
7f9e492c365239a3_406,7f9e492c365239a3,R114792-03,W118892,AB24ROOM,18,-16,0,1,PASS,1,1,72,0,406,0,2026-03-24T15:03:32Z,2026-03-24
7f9e492c365239a3_407,7f9e492c365239a3,R114792-03,W118892,AB24ROOM,17,-16,0,1,PASS,1,1,74,0,407,0,2026-03-24T15:03:32Z,2026-03-24
7f9e492c365239a3_408,7f9e492c365239a3,R114792-03,W118892,AB24ROOM,16,-16,0,1,PASS,1,1,72,0,408,0,2026-03-24T15:03:32Z,2026-03-24
7f9e492c365239a3_409,7f9e492c365239a3,R114792-03,W118892,AB24ROOM,15,-16,0,1,PASS,1,1,72,0,409,0,2026-03-24T15:03:32Z,2026-03-24
7f9e492c365239a3_410,7f9e492c365239a3,R114792-03,W118892,AB24ROOM,14,-16,0,1,PASS,1,1,72,0,410,0,2026-03-24T15:03:32Z,2026-03-24
7f9e492c365239a3_411,7f9e492c365239a3,R114792-03,W118892,AB24ROOM,13,-16,0,1,PASS,1,1,72,0,411,0,2026-03-24T15:03:32Z,2026-03-24
7f9e492c365239a3_412,7f9e492c365239a3,R114792-03,W118892,AB24ROOM,12,-16,0,1,PASS,1,1,72,0,412,0,2026-03-24T15:03:32Z,2026-03-24
7f9e492c365239a3_413,7f9e492c365239a3,R114792-03,W118892,AB24ROOM,11,-16,0,1,PASS,1,1,74,0,413,0,2026-03-24T15:03:32Z,2026-03-24
7f9e492c365239a3_414,7f9e492c365239a3,R114792-03,W118892,AB24ROOM,10,-16,0,1,PASS,1,1,72,0,414,0,2026-03-24T15:03:32Z,2026-03-24
7f9e492c365239a3_415,7f9e492c365239a3,R114792-03,W118892,AB24ROOM,9,-16,0,1,PASS,1,1,72,0,415,0,2026-03-24T15:03:32Z,2026-03-24
7f9e492c365239a3_416,7f9e492c365239a3,R114792-03,W118892,AB24ROOM,8,-16,0,1,PASS,1,1,72,0,416,0,2026-03-24T15:03:32Z,2026-03-24
7f9e492c365239a3_417,7f9e492c365239a3,R114792-03,W118892,AB24ROOM,7,-16,0,1,PASS,1,1,72,0,417,0,2026-03-24T15:03:32Z,2026-03-24
7f9e492c365239a3_418,7f9e492c365239a3,R114792-03,W118892,AB24ROOM,6,-16,0,1,PASS,1,1,72,0,418,0,2026-03-24T15:03:32Z,2026-03-24
7f9e492c365239a3_419,7f9e492c365239a3,R114792-03,W118892,AB24ROOM,5,-16,0,1,PASS,1,1,74,0,419,0,2026-03-24T15:03:32Z,2026-03-24
7f9e492c365239a3_420,7f9e492c365239a3,R114792-03,W118892,AB24ROOM,5,-17,0,1,PASS,1,1,72,0,420,0,2026-03-24T15:03:32Z,2026-03-24
7f9e492c365239a3_421,7f9e492c365239a3,R114792-03,W118892,AB24ROOM,6,-17,0,1,PASS,1,1,72,0,421,0,2026-03-24T15:03:32Z,2026-03-24
7f9e492c365239a3_422,7f9e492c365239a3,R114792-03,W118892,AB24ROOM,7,-17,0,1,PASS,1,1,72,0,422,0,2026-03-24T15:03:32Z,2026-03-24
7f9e492c365239a3_423,7f9e492c365239a3,R114792-03,W118892,AB24ROOM,8,-17,0,1,PASS,1,1,72,0,423,0,2026-03-24T15:03:32Z,2026-03-24
7f9e492c365239a3_424,7f9e492c365239a3,R114792-03,W118892,AB24ROOM,9,-17,0,1,PASS,1,1,72,0,424,0,2026-03-24T15:03:32Z,2026-03-24
7f9e492c365239a3_425,7f9e492c365239a3,R114792-03,W118892,AB24ROOM,10,-17,0,1,PASS,1,1,74,0,425,0,2026-03-24T15:03:32Z,2026-03-24
7f9e492c365239a3_426,7f9e492c365239a3,R114792-03,W118892,AB24ROOM,11,-17,0,1,PASS,1,1,72,0,426,0,2026-03-24T15:03:32Z,2026-03-24
7f9e492c365239a3_427,7f9e492c365239a3,R114792-03,W118892,AB24ROOM,12,-17,0,1,PASS,1,1,72,0,427,0,2026-03-24T15:03:32Z,2026-03-24
7f9e492c365239a3_428,7f9e492c365239a3,R114792-03,W118892,AB24ROOM,13,-17,0,1,PASS,1,1,72,0,428,0,2026-03-24T15:03:32Z,2026-03-24
7f9e492c365239a3_429,7f9e492c365239a3,R114792-03,W118892,AB24ROOM,14,-17,0,1,PASS,1,1,72,0,429,0,2026-03-24T15:03:32Z,2026-03-24
7f9e492c365239a3_430,7f9e492c365239a3,R114792-03,W118892,AB24ROOM,15,-17,0,1,PASS,1,1,72,0,430,0,2026-03-24T15:03:32Z,2026-03-24
7f9e492c365239a3_431,7f9e492c365239a3,R114792-03,W118892,AB24ROOM,16,-17,0,1,FAIL,20,20,64,0,431,0,2026-03-24T15:03:32Z,2026-03-24
7f9e492c365239a3_432,7f9e492c365239a3,R114792-03,W118892,AB24ROOM,17,-17,0,1,PASS,1,1,74,0,432,0,2026-03-24T15:03:32Z,2026-03-24
7f9e492c365239a3_433,7f9e492c365239a3,R114792-03,W118892,AB24ROOM,18,-17,0,1,PASS,1,1,72,0,433,0,2026-03-24T15:03:32Z,2026-03-24
7f9e492c365239a3_434,7f9e492c365239a3,R114792-03,W118892,AB24ROOM,19,-17,0,1,PASS,1,1,72,0,434,0,2026-03-24T15:03:32Z,2026-03-24
7f9e492c365239a3_435,7f9e492c365239a3,R114792-03,W118892,AB24ROOM,20,-17,0,1,PASS,1,1,72,0,435,0,2026-03-24T15:03:32Z,2026-03-24
7f9e492c365239a3_436,7f9e492c365239a3,R114792-03,W118892,AB24ROOM,21,-17,0,1,PASS,1,1,72,0,436,0,2026-03-24T15:03:32Z,2026-03-24
7f9e492c365239a3_437,7f9e492c365239a3,R114792-03,W118892,AB24ROOM,22,-17,0,1,PASS,1,1,72,0,437,0,2026-03-24T15:03:32Z,2026-03-24
7f9e492c365239a3_438,7f9e492c365239a3,R114792-03,W118892,AB24ROOM,23,-17,0,1,PASS,1,1,74,0,438,0,2026-03-24T15:03:32Z,2026-03-24
7f9e492c365239a3_439,7f9e492c365239a3,R114792-03,W118892,AB24ROOM,24,-17,0,1,PASS,1,1,72,0,439,0,2026-03-24T15:03:32Z,2026-03-24
7f9e492c365239a3_440,7f9e492c365239a3,R114792-03,W118892,AB24ROOM,25,-17,0,1,PASS,1,1,72,0,440,0,2026-03-24T15:03:32Z,2026-03-24
7f9e492c365239a3_441,7f9e492c365239a3,R114792-03,W118892,AB24ROOM,26,-17,0,1,PASS,1,1,72,0,441,0,2026-03-24T15:03:32Z,2026-03-24
7f9e492c365239a3_442,7f9e492c365239a3,R114792-03,W118892,AB24ROOM,27,-17,0,1,FAIL,10,10,11,0,442,0,2026-03-24T15:03:32Z,2026-03-24
7f9e492c365239a3_443,7f9e492c365239a3,R114792-03,W118892,AB24ROOM,28,-17,0,1,PASS,1,1,74,0,443,0,2026-03-24T15:03:32Z,2026-03-24
7f9e492c365239a3_444,7f9e492c365239a3,R114792-03,W118892,AB24ROOM,29,-17,0,1,PASS,1,1,72,0,444,0,2026-03-24T15:03:32Z,2026-03-24
7f9e492c365239a3_445,7f9e492c365239a3,R114792-03,W118892,AB24ROOM,30,-17,0,1,PASS,1,1,72,0,445,0,2026-03-24T15:03:32Z,2026-03-24
7f9e492c365239a3_446,7f9e492c365239a3,R114792-03,W118892,AB24ROOM,31,-17,0,1,PASS,1,1,72,0,446,0,2026-03-24T15:03:32Z,2026-03-24
7f9e492c365239a3_447,7f9e492c365239a3,R114792-03,W118892,AB24ROOM,32,-17,0,1,PASS,1,1,72,0,447,0,2026-03-24T15:03:32Z,2026-03-24
7f9e492c365239a3_448,7f9e492c365239a3,R114792-03,W118892,AB24ROOM,33,-17,0,1,PASS,1,1,72,0,448,0,2026-03-24T15:03:32Z,2026-03-24
7f9e492c365239a3_449,7f9e492c365239a3,R114792-03,W118892,AB24ROOM,34,-17,0,1,PASS,1,1,74,0,449,0,2026-03-24T15:03:32Z,2026-03-24
7f9e492c365239a3_450,7f9e492c365239a3,R114792-03,W118892,AB24ROOM,35,-17,0,1,PASS,1,1,72,0,450,0,2026-03-24T15:03:32Z,2026-03-24
7f9e492c365239a3_451,7f9e492c365239a3,R114792-03,W118892,AB24ROOM,36,-17,0,1,PASS,1,1,72,0,451,0,2026-03-24T15:03:32Z,2026-03-24
7f9e492c365239a3_452,7f9e492c365239a3,R114792-03,W118892,AB24ROOM,37,-17,0,1,PASS,1,1,72,0,452,0,2026-03-24T15:03:32Z,2026-03-24
7f9e492c365239a3_453,7f9e492c365239a3,R114792-03,W118892,AB24ROOM,38,-17,0,1,PASS,1,1,72,0,453,0,2026-03-24T15:03:32Z,2026-03-24
7f9e492c365239a3_454,7f9e492c365239a3,R114792-03,W118892,AB24ROOM,39,-17,0,1,PASS,1,1,72,0,454,0,2026-03-24T15:03:32Z,2026-03-24
7f9e492c365239a3_455,7f9e492c365239a3,R114792-03,W118892,AB24ROOM,40,-17,0,1,PASS,1,1,74,0,455,0,2026-03-24T15:03:32Z,2026-03-24
7f9e492c365239a3_456,7f9e492c365239a3,R114792-03,W118892,AB24ROOM,41,-17,0,1,PASS,1,1,72,0,456,0,2026-03-24T15:03:32Z,2026-03-24
7f9e492c365239a3_457,7f9e492c365239a3,R114792-03,W118892,AB24ROOM,42,-17,0,1,PASS,1,1,72,0,457,0,2026-03-24T15:03:32Z,2026-03-24
7f9e492c365239a3_458,7f9e492c365239a3,R114792-03,W118892,AB24ROOM,43,-17,0,1,PASS,1,1,72,0,458,0,2026-03-24T15:03:32Z,2026-03-24
7f9e492c365239a3_459,7f9e492c365239a3,R114792-03,W118892,AB24ROOM,44,-17,0,1,PASS,1,1,72,0,459,0,2026-03-24T15:03:32Z,2026-03-24
7f9e492c365239a3_460,7f9e492c365239a3,R114792-03,W118892,AB24ROOM,45,-17,0,1,FAIL,2,2,54,0,460,0,2026-03-24T15:03:32Z,2026-03-24
7f9e492c365239a3_461,7f9e492c365239a3,R114792-03,W118892,AB24ROOM,45,-18,0,1,FAIL,8,8,29,0,461,0,2026-03-24T15:03:32Z,2026-03-24
7f9e492c365239a3_462,7f9e492c365239a3,R114792-03,W118892,AB24ROOM,44,-18,0,1,FAIL,2,2,53,0,462,0,2026-03-24T15:03:32Z,2026-03-24
7f9e492c365239a3_463,7f9e492c365239a3,R114792-03,W118892,AB24ROOM,43,-18,0,1,PASS,1,1,74,0,463,0,2026-03-24T15:03:32Z,2026-03-24
7f9e492c365239a3_464,7f9e492c365239a3,R114792-03,W118892,AB24ROOM,42,-18,0,1,PASS,1,1,72,0,464,0,2026-03-24T15:03:32Z,2026-03-24
7f9e492c365239a3_465,7f9e492c365239a3,R114792-03,W118892,AB24ROOM,41,-18,0,1,PASS,1,1,72,0,465,0,2026-03-24T15:03:32Z,2026-03-24
7f9e492c365239a3_466,7f9e492c365239a3,R114792-03,W118892,AB24ROOM,40,-18,0,1,PASS,1,1,72,0,466,0,2026-03-24T15:03:32Z,2026-03-24
7f9e492c365239a3_467,7f9e492c365239a3,R114792-03,W118892,AB24ROOM,39,-18,0,1,PASS,1,1,72,0,467,0,2026-03-24T15:03:32Z,2026-03-24
7f9e492c365239a3_468,7f9e492c365239a3,R114792-03,W118892,AB24ROOM,38,-18,0,1,PASS,1,1,72,0,468,0,2026-03-24T15:03:32Z,2026-03-24
7f9e492c365239a3_469,7f9e492c365239a3,R114792-03,W118892,AB24ROOM,37,-18,0,1,FAIL,10,10,11,0,469,0,2026-03-24T15:03:32Z,2026-03-24
7f9e492c365239a3_470,7f9e492c365239a3,R114792-03,W118892,AB24ROOM,36,-18,0,1,PASS,1,1,74,0,470,0,2026-03-24T15:03:32Z,2026-03-24
7f9e492c365239a3_471,7f9e492c365239a3,R114792-03,W118892,AB24ROOM,35,-18,0,1,PASS,1,1,72,0,471,0,2026-03-24T15:03:32Z,2026-03-24
7f9e492c365239a3_472,7f9e492c365239a3,R114792-03,W118892,AB24ROOM,34,-18,0,1,FAIL,2,2,55,0,472,0,2026-03-24T15:03:32Z,2026-03-24
7f9e492c365239a3_473,7f9e492c365239a3,R114792-03,W118892,AB24ROOM,33,-18,0,1,PASS,1,1,74,0,473,0,2026-03-24T15:03:32Z,2026-03-24
7f9e492c365239a3_474,7f9e492c365239a3,R114792-03,W118892,AB24ROOM,32,-18,0,1,PASS,1,1,72,0,474,0,2026-03-24T15:03:32Z,2026-03-24
7f9e492c365239a3_475,7f9e492c365239a3,R114792-03,W118892,AB24ROOM,31,-18,0,1,PASS,1,1,72,0,475,0,2026-03-24T15:03:32Z,2026-03-24
7f9e492c365239a3_476,7f9e492c365239a3,R114792-03,W118892,AB24ROOM,30,-18,0,1,PASS,1,1,72,0,476,0,2026-03-24T15:03:32Z,2026-03-24
7f9e492c365239a3_477,7f9e492c365239a3,R114792-03,W118892,AB24ROOM,29,-18,0,1,FAIL,20,20,62,0,477,0,2026-03-24T15:03:32Z,2026-03-24
7f9e492c365239a3_478,7f9e492c365239a3,R114792-03,W118892,AB24ROOM,28,-18,0,1,PASS,1,1,74,0,478,0,2026-03-24T15:03:32Z,2026-03-24
7f9e492c365239a3_479,7f9e492c365239a3,R114792-03,W118892,AB24ROOM,27,-18,0,1,PASS,1,1,72,0,479,0,2026-03-24T15:03:32Z,2026-03-24
7f9e492c365239a3_480,7f9e492c365239a3,R114792-03,W118892,AB24ROOM,26,-18,0,1,PASS,1,1,72,0,480,0,2026-03-24T15:03:32Z,2026-03-24
7f9e492c365239a3_481,7f9e492c365239a3,R114792-03,W118892,AB24ROOM,25,-18,0,1,PASS,1,1,72,0,481,0,2026-03-24T15:03:32Z,2026-03-24
7f9e492c365239a3_482,7f9e492c365239a3,R114792-03,W118892,AB24ROOM,24,-18,0,1,PASS,1,1,72,0,482,0,2026-03-24T15:03:32Z,2026-03-24
7f9e492c365239a3_483,7f9e492c365239a3,R114792-03,W118892,AB24ROOM,23,-18,0,1,PASS,1,1,72,0,483,0,2026-03-24T15:03:32Z,2026-03-24
7f9e492c365239a3_484,7f9e492c365239a3,R114792-03,W118892,AB24ROOM,22,-18,0,1,PASS,1,1,74,0,484,0,2026-03-24T15:03:32Z,2026-03-24
7f9e492c365239a3_485,7f9e492c365239a3,R114792-03,W118892,AB24ROOM,21,-18,0,1,PASS,1,1,72,0,485,0,2026-03-24T15:03:32Z,2026-03-24
7f9e492c365239a3_486,7f9e492c365239a3,R114792-03,W118892,AB24ROOM,20,-18,0,1,PASS,1,1,72,0,486,0,2026-03-24T15:03:32Z,2026-03-24
7f9e492c365239a3_487,7f9e492c365239a3,R114792-03,W118892,AB24ROOM,19,-18,0,1,FAIL,20,20,62,0,487,0,2026-03-24T15:03:32Z,2026-03-24
7f9e492c365239a3_488,7f9e492c365239a3,R114792-03,W118892,AB24ROOM,18,-18,0,1,PASS,1,1,74,0,488,0,2026-03-24T15:03:32Z,2026-03-24
7f9e492c365239a3_489,7f9e492c365239a3,R114792-03,W118892,AB24ROOM,17,-18,0,1,FAIL,20,20,62,0,489,0,2026-03-24T15:03:32Z,2026-03-24
7f9e492c365239a3_490,7f9e492c365239a3,R114792-03,W118892,AB24ROOM,16,-18,0,1,PASS,1,1,74,0,490,0,2026-03-24T15:03:32Z,2026-03-24
7f9e492c365239a3_491,7f9e492c365239a3,R114792-03,W118892,AB24ROOM,15,-18,0,1,PASS,1,1,72,0,491,0,2026-03-24T15:03:32Z,2026-03-24
7f9e492c365239a3_492,7f9e492c365239a3,R114792-03,W118892,AB24ROOM,14,-18,0,1,PASS,1,1,72,0,492,0,2026-03-24T15:03:32Z,2026-03-24
7f9e492c365239a3_493,7f9e492c365239a3,R114792-03,W118892,AB24ROOM,13,-18,0,1,PASS,1,1,72,0,493,0,2026-03-24T15:03:32Z,2026-03-24
7f9e492c365239a3_494,7f9e492c365239a3,R114792-03,W118892,AB24ROOM,12,-18,0,1,PASS,1,1,72,0,494,0,2026-03-24T15:03:32Z,2026-03-24
7f9e492c365239a3_495,7f9e492c365239a3,R114792-03,W118892,AB24ROOM,11,-18,0,1,PASS,1,1,72,0,495,0,2026-03-24T15:03:32Z,2026-03-24
7f9e492c365239a3_496,7f9e492c365239a3,R114792-03,W118892,AB24ROOM,10,-18,0,1,PASS,1,1,74,0,496,0,2026-03-24T15:03:32Z,2026-03-24
7f9e492c365239a3_497,7f9e492c365239a3,R114792-03,W118892,AB24ROOM,9,-18,0,1,PASS,1,1,72,0,497,0,2026-03-24T15:03:32Z,2026-03-24
7f9e492c365239a3_498,7f9e492c365239a3,R114792-03,W118892,AB24ROOM,8,-18,0,1,PASS,1,1,72,0,498,0,2026-03-24T15:03:32Z,2026-03-24
7f9e492c365239a3_499,7f9e492c365239a3,R114792-03,W118892,AB24ROOM,7,-18,0,1,PASS,1,1,72,0,499,0,2026-03-24T15:03:32Z,2026-03-24
7f9e492c365239a3_500,7f9e492c365239a3,R114792-03,W118892,AB24ROOM,6,-18,0,1,PASS,1,1,72,0,500,0,2026-03-24T15:03:32Z,2026-03-24
7f9e492c365239a3_501,7f9e492c365239a3,R114792-03,W118892,AB24ROOM,5,-18,0,1,PASS,1,1,72,0,501,0,2026-03-24T15:03:32Z,2026-03-24
7f9e492c365239a3_502,7f9e492c365239a3,R114792-03,W118892,AB24ROOM,4,-18,0,1,PASS,1,1,74,0,502,0,2026-03-24T15:03:32Z,2026-03-24
7f9e492c365239a3_503,7f9e492c365239a3,R114792-03,W118892,AB24ROOM,4,-19,0,1,PASS,1,1,72,0,503,0,2026-03-24T15:03:32Z,2026-03-24
7f9e492c365239a3_504,7f9e492c365239a3,R114792-03,W118892,AB24ROOM,5,-19,0,1,PASS,1,1,72,0,504,0,2026-03-24T15:03:32Z,2026-03-24
7f9e492c365239a3_505,7f9e492c365239a3,R114792-03,W118892,AB24ROOM,6,-19,0,1,PASS,1,1,72,0,505,0,2026-03-24T15:03:32Z,2026-03-24
7f9e492c365239a3_506,7f9e492c365239a3,R114792-03,W118892,AB24ROOM,7,-19,0,1,PASS,1,1,72,0,506,0,2026-03-24T15:03:32Z,2026-03-24
7f9e492c365239a3_507,7f9e492c365239a3,R114792-03,W118892,AB24ROOM,8,-19,0,1,PASS,1,1,72,0,507,0,2026-03-24T15:03:32Z,2026-03-24
7f9e492c365239a3_508,7f9e492c365239a3,R114792-03,W118892,AB24ROOM,9,-19,0,1,PASS,1,1,74,0,508,0,2026-03-24T15:03:32Z,2026-03-24
7f9e492c365239a3_509,7f9e492c365239a3,R114792-03,W118892,AB24ROOM,10,-19,0,1,PASS,1,1,72,0,509,0,2026-03-24T15:03:32Z,2026-03-24
7f9e492c365239a3_510,7f9e492c365239a3,R114792-03,W118892,AB24ROOM,11,-19,0,1,PASS,1,1,72,0,510,0,2026-03-24T15:03:32Z,2026-03-24
7f9e492c365239a3_511,7f9e492c365239a3,R114792-03,W118892,AB24ROOM,12,-19,0,1,PASS,1,1,72,0,511,0,2026-03-24T15:03:32Z,2026-03-24
7f9e492c365239a3_512,7f9e492c365239a3,R114792-03,W118892,AB24ROOM,13,-19,0,1,PASS,1,1,72,0,512,0,2026-03-24T15:03:32Z,2026-03-24
7f9e492c365239a3_513,7f9e492c365239a3,R114792-03,W118892,AB24ROOM,14,-19,0,1,PASS,1,1,72,0,513,0,2026-03-24T15:03:32Z,2026-03-24
7f9e492c365239a3_514,7f9e492c365239a3,R114792-03,W118892,AB24ROOM,15,-19,0,1,PASS,1,1,74,0,514,0,2026-03-24T15:03:32Z,2026-03-24
7f9e492c365239a3_515,7f9e492c365239a3,R114792-03,W118892,AB24ROOM,16,-19,0,1,PASS,1,1,72,0,515,0,2026-03-24T15:03:32Z,2026-03-24
7f9e492c365239a3_516,7f9e492c365239a3,R114792-03,W118892,AB24ROOM,17,-19,0,1,PASS,1,1,72,0,516,0,2026-03-24T15:03:32Z,2026-03-24
7f9e492c365239a3_517,7f9e492c365239a3,R114792-03,W118892,AB24ROOM,18,-19,0,1,PASS,1,1,72,0,517,0,2026-03-24T15:03:32Z,2026-03-24
7f9e492c365239a3_518,7f9e492c365239a3,R114792-03,W118892,AB24ROOM,19,-19,0,1,PASS,1,1,72,0,518,0,2026-03-24T15:03:32Z,2026-03-24
7f9e492c365239a3_519,7f9e492c365239a3,R114792-03,W118892,AB24ROOM,20,-19,0,1,PASS,1,1,72,0,519,0,2026-03-24T15:03:32Z,2026-03-24
7f9e492c365239a3_520,7f9e492c365239a3,R114792-03,W118892,AB24ROOM,21,-19,0,1,PASS,1,1,74,0,520,0,2026-03-24T15:03:32Z,2026-03-24
7f9e492c365239a3_521,7f9e492c365239a3,R114792-03,W118892,AB24ROOM,22,-19,0,1,PASS,1,1,72,0,521,0,2026-03-24T15:03:32Z,2026-03-24
7f9e492c365239a3_522,7f9e492c365239a3,R114792-03,W118892,AB24ROOM,23,-19,0,1,PASS,1,1,72,0,522,0,2026-03-24T15:03:32Z,2026-03-24
7f9e492c365239a3_523,7f9e492c365239a3,R114792-03,W118892,AB24ROOM,24,-19,0,1,PASS,1,1,72,0,523,0,2026-03-24T15:03:32Z,2026-03-24
7f9e492c365239a3_524,7f9e492c365239a3,R114792-03,W118892,AB24ROOM,25,-19,0,1,PASS,1,1,72,0,524,0,2026-03-24T15:03:32Z,2026-03-24
7f9e492c365239a3_525,7f9e492c365239a3,R114792-03,W118892,AB24ROOM,26,-19,0,1,PASS,1,1,72,0,525,0,2026-03-24T15:03:32Z,2026-03-24
7f9e492c365239a3_526,7f9e492c365239a3,R114792-03,W118892,AB24ROOM,27,-19,0,1,PASS,1,1,74,0,526,0,2026-03-24T15:03:32Z,2026-03-24
7f9e492c365239a3_527,7f9e492c365239a3,R114792-03,W118892,AB24ROOM,28,-19,0,1,PASS,1,1,72,0,527,0,2026-03-24T15:03:32Z,2026-03-24
7f9e492c365239a3_528,7f9e492c365239a3,R114792-03,W118892,AB24ROOM,29,-19,0,1,PASS,1,1,72,0,528,0,2026-03-24T15:03:32Z,2026-03-24
7f9e492c365239a3_529,7f9e492c365239a3,R114792-03,W118892,AB24ROOM,30,-19,0,1,PASS,1,1,72,0,529,0,2026-03-24T15:03:32Z,2026-03-24
7f9e492c365239a3_530,7f9e492c365239a3,R114792-03,W118892,AB24ROOM,31,-19,0,1,PASS,1,1,72,0,530,0,2026-03-24T15:03:32Z,2026-03-24
7f9e492c365239a3_531,7f9e492c365239a3,R114792-03,W118892,AB24ROOM,32,-19,0,1,PASS,1,1,72,0,531,0,2026-03-24T15:03:32Z,2026-03-24
7f9e492c365239a3_532,7f9e492c365239a3,R114792-03,W118892,AB24ROOM,33,-19,0,1,PASS,1,1,74,0,532,0,2026-03-24T15:03:32Z,2026-03-24
7f9e492c365239a3_533,7f9e492c365239a3,R114792-03,W118892,AB24ROOM,34,-19,0,1,FAIL,20,20,62,0,533,0,2026-03-24T15:03:32Z,2026-03-24
7f9e492c365239a3_534,7f9e492c365239a3,R114792-03,W118892,AB24ROOM,35,-19,0,1,PASS,1,1,74,0,534,0,2026-03-24T15:03:32Z,2026-03-24
7f9e492c365239a3_535,7f9e492c365239a3,R114792-03,W118892,AB24ROOM,36,-19,0,1,PASS,1,1,72,0,535,0,2026-03-24T15:03:32Z,2026-03-24
7f9e492c365239a3_536,7f9e492c365239a3,R114792-03,W118892,AB24ROOM,37,-19,0,1,PASS,1,1,72,0,536,0,2026-03-24T15:03:32Z,2026-03-24
7f9e492c365239a3_537,7f9e492c365239a3,R114792-03,W118892,AB24ROOM,38,-19,0,1,PASS,1,1,72,0,537,0,2026-03-24T15:03:32Z,2026-03-24
7f9e492c365239a3_538,7f9e492c365239a3,R114792-03,W118892,AB24ROOM,39,-19,0,1,PASS,1,1,72,0,538,0,2026-03-24T15:03:32Z,2026-03-24
7f9e492c365239a3_539,7f9e492c365239a3,R114792-03,W118892,AB24ROOM,40,-19,0,1,PASS,1,1,72,0,539,0,2026-03-24T15:03:32Z,2026-03-24
7f9e492c365239a3_540,7f9e492c365239a3,R114792-03,W118892,AB24ROOM,41,-19,0,1,PASS,1,1,74,0,540,0,2026-03-24T15:03:32Z,2026-03-24
7f9e492c365239a3_541,7f9e492c365239a3,R114792-03,W118892,AB24ROOM,42,-19,0,1,FAIL,20,20,62,0,541,0,2026-03-24T15:03:32Z,2026-03-24
7f9e492c365239a3_542,7f9e492c365239a3,R114792-03,W118892,AB24ROOM,43,-19,0,1,PASS,1,1,74,0,542,0,2026-03-24T15:03:32Z,2026-03-24
7f9e492c365239a3_543,7f9e492c365239a3,R114792-03,W118892,AB24ROOM,44,-19,0,1,PASS,1,1,72,0,543,0,2026-03-24T15:03:32Z,2026-03-24
7f9e492c365239a3_544,7f9e492c365239a3,R114792-03,W118892,AB24ROOM,45,-19,0,1,PASS,1,1,72,0,544,0,2026-03-24T15:03:32Z,2026-03-24
7f9e492c365239a3_545,7f9e492c365239a3,R114792-03,W118892,AB24ROOM,45,-20,0,1,PASS,1,1,72,0,545,0,2026-03-24T15:03:32Z,2026-03-24
7f9e492c365239a3_546,7f9e492c365239a3,R114792-03,W118892,AB24ROOM,44,-20,0,1,PASS,1,1,72,0,546,0,2026-03-24T15:03:32Z,2026-03-24
7f9e492c365239a3_547,7f9e492c365239a3,R114792-03,W118892,AB24ROOM,43,-20,0,1,PASS,1,1,72,0,547,0,2026-03-24T15:03:32Z,2026-03-24
7f9e492c365239a3_548,7f9e492c365239a3,R114792-03,W118892,AB24ROOM,42,-20,0,1,PASS,1,1,74,0,548,0,2026-03-24T15:03:32Z,2026-03-24
7f9e492c365239a3_549,7f9e492c365239a3,R114792-03,W118892,AB24ROOM,41,-20,0,1,PASS,1,1,72,0,549,0,2026-03-24T15:03:32Z,2026-03-24
7f9e492c365239a3_550,7f9e492c365239a3,R114792-03,W118892,AB24ROOM,40,-20,0,1,PASS,1,1,72,0,550,0,2026-03-24T15:03:32Z,2026-03-24
7f9e492c365239a3_551,7f9e492c365239a3,R114792-03,W118892,AB24ROOM,39,-20,0,1,PASS,1,1,72,0,551,0,2026-03-24T15:03:32Z,2026-03-24
7f9e492c365239a3_552,7f9e492c365239a3,R114792-03,W118892,AB24ROOM,38,-20,0,1,PASS,1,1,72,0,552,0,2026-03-24T15:03:32Z,2026-03-24
7f9e492c365239a3_553,7f9e492c365239a3,R114792-03,W118892,AB24ROOM,37,-20,0,1,PASS,1,1,72,0,553,0,2026-03-24T15:03:32Z,2026-03-24
7f9e492c365239a3_554,7f9e492c365239a3,R114792-03,W118892,AB24ROOM,36,-20,0,1,PASS,1,1,74,0,554,0,2026-03-24T15:03:32Z,2026-03-24
7f9e492c365239a3_555,7f9e492c365239a3,R114792-03,W118892,AB24ROOM,35,-20,0,1,PASS,1,1,72,0,555,0,2026-03-24T15:03:32Z,2026-03-24
7f9e492c365239a3_556,7f9e492c365239a3,R114792-03,W118892,AB24ROOM,34,-20,0,1,PASS,1,1,72,0,556,0,2026-03-24T15:03:32Z,2026-03-24
7f9e492c365239a3_557,7f9e492c365239a3,R114792-03,W118892,AB24ROOM,33,-20,0,1,FAIL,2,2,51,0,557,0,2026-03-24T15:03:32Z,2026-03-24
7f9e492c365239a3_558,7f9e492c365239a3,R114792-03,W118892,AB24ROOM,32,-20,0,1,PASS,1,1,74,0,558,0,2026-03-24T15:03:32Z,2026-03-24
7f9e492c365239a3_559,7f9e492c365239a3,R114792-03,W118892,AB24ROOM,31,-20,0,1,PASS,1,1,72,0,559,0,2026-03-24T15:03:32Z,2026-03-24
7f9e492c365239a3_560,7f9e492c365239a3,R114792-03,W118892,AB24ROOM,30,-20,0,1,PASS,1,1,72,0,560,0,2026-03-24T15:03:32Z,2026-03-24
7f9e492c365239a3_561,7f9e492c365239a3,R114792-03,W118892,AB24ROOM,29,-20,0,1,PASS,1,1,72,0,561,0,2026-03-24T15:03:32Z,2026-03-24
7f9e492c365239a3_562,7f9e492c365239a3,R114792-03,W118892,AB24ROOM,28,-20,0,1,PASS,1,1,72,0,562,0,2026-03-24T15:03:32Z,2026-03-24
7f9e492c365239a3_563,7f9e492c365239a3,R114792-03,W118892,AB24ROOM,27,-20,0,1,PASS,1,1,72,0,563,0,2026-03-24T15:03:32Z,2026-03-24
7f9e492c365239a3_564,7f9e492c365239a3,R114792-03,W118892,AB24ROOM,26,-20,0,1,PASS,1,1,74,0,564,0,2026-03-24T15:03:32Z,2026-03-24
7f9e492c365239a3_565,7f9e492c365239a3,R114792-03,W118892,AB24ROOM,25,-20,0,1,PASS,1,1,72,0,565,0,2026-03-24T15:03:32Z,2026-03-24
7f9e492c365239a3_566,7f9e492c365239a3,R114792-03,W118892,AB24ROOM,24,-20,0,1,PASS,1,1,72,0,566,0,2026-03-24T15:03:32Z,2026-03-24
7f9e492c365239a3_567,7f9e492c365239a3,R114792-03,W118892,AB24ROOM,23,-20,0,1,FAIL,8,8,35,0,567,0,2026-03-24T15:03:32Z,2026-03-24
7f9e492c365239a3_568,7f9e492c365239a3,R114792-03,W118892,AB24ROOM,22,-20,0,1,PASS,1,1,74,0,568,0,2026-03-24T15:03:32Z,2026-03-24
7f9e492c365239a3_569,7f9e492c365239a3,R114792-03,W118892,AB24ROOM,21,-20,0,1,PASS,1,1,72,0,569,0,2026-03-24T15:03:32Z,2026-03-24
7f9e492c365239a3_570,7f9e492c365239a3,R114792-03,W118892,AB24ROOM,20,-20,0,1,PASS,1,1,72,0,570,0,2026-03-24T15:03:32Z,2026-03-24
7f9e492c365239a3_571,7f9e492c365239a3,R114792-03,W118892,AB24ROOM,19,-20,0,1,PASS,1,1,72,0,571,0,2026-03-24T15:03:32Z,2026-03-24
7f9e492c365239a3_572,7f9e492c365239a3,R114792-03,W118892,AB24ROOM,18,-20,0,1,PASS,1,1,72,0,572,0,2026-03-24T15:03:32Z,2026-03-24
7f9e492c365239a3_573,7f9e492c365239a3,R114792-03,W118892,AB24ROOM,17,-20,0,1,PASS,1,1,72,0,573,0,2026-03-24T15:03:32Z,2026-03-24
7f9e492c365239a3_574,7f9e492c365239a3,R114792-03,W118892,AB24ROOM,16,-20,0,1,PASS,1,1,74,0,574,0,2026-03-24T15:03:32Z,2026-03-24
7f9e492c365239a3_575,7f9e492c365239a3,R114792-03,W118892,AB24ROOM,15,-20,0,1,PASS,1,1,72,0,575,0,2026-03-24T15:03:32Z,2026-03-24
7f9e492c365239a3_576,7f9e492c365239a3,R114792-03,W118892,AB24ROOM,14,-20,0,1,PASS,1,1,72,0,576,0,2026-03-24T15:03:32Z,2026-03-24
7f9e492c365239a3_577,7f9e492c365239a3,R114792-03,W118892,AB24ROOM,13,-20,0,1,PASS,1,1,72,0,577,0,2026-03-24T15:03:32Z,2026-03-24
7f9e492c365239a3_578,7f9e492c365239a3,R114792-03,W118892,AB24ROOM,12,-20,0,1,PASS,1,1,72,0,578,0,2026-03-24T15:03:32Z,2026-03-24
7f9e492c365239a3_579,7f9e492c365239a3,R114792-03,W118892,AB24ROOM,11,-20,0,1,PASS,1,1,72,0,579,0,2026-03-24T15:03:32Z,2026-03-24
7f9e492c365239a3_580,7f9e492c365239a3,R114792-03,W118892,AB24ROOM,10,-20,0,1,PASS,1,1,74,0,580,0,2026-03-24T15:03:32Z,2026-03-24
7f9e492c365239a3_581,7f9e492c365239a3,R114792-03,W118892,AB24ROOM,9,-20,0,1,PASS,1,1,72,0,581,0,2026-03-24T15:03:32Z,2026-03-24
7f9e492c365239a3_582,7f9e492c365239a3,R114792-03,W118892,AB24ROOM,8,-20,0,1,PASS,1,1,72,0,582,0,2026-03-24T15:03:32Z,2026-03-24
7f9e492c365239a3_583,7f9e492c365239a3,R114792-03,W118892,AB24ROOM,7,-20,0,1,PASS,1,1,72,0,583,0,2026-03-24T15:03:32Z,2026-03-24
7f9e492c365239a3_584,7f9e492c365239a3,R114792-03,W118892,AB24ROOM,6,-20,0,1,PASS,1,1,72,0,584,0,2026-03-24T15:03:32Z,2026-03-24
7f9e492c365239a3_585,7f9e492c365239a3,R114792-03,W118892,AB24ROOM,5,-20,0,1,PASS,1,1,72,0,585,0,2026-03-24T15:03:32Z,2026-03-24
7f9e492c365239a3_586,7f9e492c365239a3,R114792-03,W118892,AB24ROOM,4,-20,0,1,PASS,1,1,74,0,586,0,2026-03-24T15:03:32Z,2026-03-24
7f9e492c365239a3_587,7f9e492c365239a3,R114792-03,W118892,AB24ROOM,4,-21,0,1,FAIL,20,20,62,0,587,0,2026-03-24T15:03:32Z,2026-03-24
7f9e492c365239a3_588,7f9e492c365239a3,R114792-03,W118892,AB24ROOM,5,-21,0,1,PASS,1,1,74,0,588,0,2026-03-24T15:03:32Z,2026-03-24
7f9e492c365239a3_589,7f9e492c365239a3,R114792-03,W118892,AB24ROOM,6,-21,0,1,PASS,1,1,72,0,589,0,2026-03-24T15:03:32Z,2026-03-24
7f9e492c365239a3_590,7f9e492c365239a3,R114792-03,W118892,AB24ROOM,7,-21,0,1,PASS,1,1,72,0,590,0,2026-03-24T15:03:32Z,2026-03-24
7f9e492c365239a3_591,7f9e492c365239a3,R114792-03,W118892,AB24ROOM,8,-21,0,1,PASS,1,1,72,0,591,0,2026-03-24T15:03:32Z,2026-03-24
7f9e492c365239a3_592,7f9e492c365239a3,R114792-03,W118892,AB24ROOM,9,-21,0,1,PASS,1,1,72,0,592,0,2026-03-24T15:03:32Z,2026-03-24
7f9e492c365239a3_593,7f9e492c365239a3,R114792-03,W118892,AB24ROOM,10,-21,0,1,PASS,1,1,72,0,593,0,2026-03-24T15:03:32Z,2026-03-24
7f9e492c365239a3_594,7f9e492c365239a3,R114792-03,W118892,AB24ROOM,11,-21,0,1,PASS,1,1,74,0,594,0,2026-03-24T15:03:32Z,2026-03-24
7f9e492c365239a3_595,7f9e492c365239a3,R114792-03,W118892,AB24ROOM,12,-21,0,1,PASS,1,1,72,0,595,0,2026-03-24T15:03:32Z,2026-03-24
7f9e492c365239a3_596,7f9e492c365239a3,R114792-03,W118892,AB24ROOM,13,-21,0,1,FAIL,20,20,62,0,596,0,2026-03-24T15:03:32Z,2026-03-24
7f9e492c365239a3_597,7f9e492c365239a3,R114792-03,W118892,AB24ROOM,14,-21,0,1,PASS,1,1,74,0,597,0,2026-03-24T15:03:32Z,2026-03-24
7f9e492c365239a3_598,7f9e492c365239a3,R114792-03,W118892,AB24ROOM,15,-21,0,1,PASS,1,1,72,0,598,0,2026-03-24T15:03:32Z,2026-03-24
7f9e492c365239a3_599,7f9e492c365239a3,R114792-03,W118892,AB24ROOM,16,-21,0,1,PASS,1,1,72,0,599,0,2026-03-24T15:03:32Z,2026-03-24
7f9e492c365239a3_600,7f9e492c365239a3,R114792-03,W118892,AB24ROOM,17,-21,0,1,PASS,1,1,72,0,600,0,2026-03-24T15:03:32Z,2026-03-24
7f9e492c365239a3_601,7f9e492c365239a3,R114792-03,W118892,AB24ROOM,18,-21,0,1,PASS,1,1,72,0,601,0,2026-03-24T15:03:32Z,2026-03-24
7f9e492c365239a3_602,7f9e492c365239a3,R114792-03,W118892,AB24ROOM,19,-21,0,1,PASS,1,1,72,0,602,0,2026-03-24T15:03:32Z,2026-03-24
7f9e492c365239a3_603,7f9e492c365239a3,R114792-03,W118892,AB24ROOM,20,-21,0,1,PASS,1,1,74,0,603,0,2026-03-24T15:03:32Z,2026-03-24
7f9e492c365239a3_604,7f9e492c365239a3,R114792-03,W118892,AB24ROOM,21,-21,0,1,PASS,1,1,72,0,604,0,2026-03-24T15:03:32Z,2026-03-24
7f9e492c365239a3_605,7f9e492c365239a3,R114792-03,W118892,AB24ROOM,22,-21,0,1,PASS,1,1,72,0,605,0,2026-03-24T15:03:32Z,2026-03-24
7f9e492c365239a3_606,7f9e492c365239a3,R114792-03,W118892,AB24ROOM,23,-21,0,1,FAIL,8,8,29,0,606,0,2026-03-24T15:03:32Z,2026-03-24
7f9e492c365239a3_607,7f9e492c365239a3,R114792-03,W118892,AB24ROOM,24,-21,0,1,PASS,1,1,74,0,607,0,2026-03-24T15:03:32Z,2026-03-24
7f9e492c365239a3_608,7f9e492c365239a3,R114792-03,W118892,AB24ROOM,25,-21,0,1,PASS,1,1,72,0,608,0,2026-03-24T15:03:32Z,2026-03-24
7f9e492c365239a3_609,7f9e492c365239a3,R114792-03,W118892,AB24ROOM,26,-21,0,1,PASS,1,1,72,0,609,0,2026-03-24T15:03:32Z,2026-03-24
7f9e492c365239a3_610,7f9e492c365239a3,R114792-03,W118892,AB24ROOM,27,-21,0,1,PASS,1,1,72,0,610,0,2026-03-24T15:03:32Z,2026-03-24
7f9e492c365239a3_611,7f9e492c365239a3,R114792-03,W118892,AB24ROOM,28,-21,0,1,PASS,1,1,72,0,611,0,2026-03-24T15:03:32Z,2026-03-24
7f9e492c365239a3_612,7f9e492c365239a3,R114792-03,W118892,AB24ROOM,29,-21,0,1,PASS,1,1,72,0,612,0,2026-03-24T15:03:32Z,2026-03-24
7f9e492c365239a3_613,7f9e492c365239a3,R114792-03,W118892,AB24ROOM,30,-21,0,1,PASS,1,1,74,0,613,0,2026-03-24T15:03:32Z,2026-03-24
7f9e492c365239a3_614,7f9e492c365239a3,R114792-03,W118892,AB24ROOM,31,-21,0,1,PASS,1,1,72,0,614,0,2026-03-24T15:03:32Z,2026-03-24
7f9e492c365239a3_615,7f9e492c365239a3,R114792-03,W118892,AB24ROOM,32,-21,0,1,FAIL,20,20,62,0,615,0,2026-03-24T15:03:32Z,2026-03-24
7f9e492c365239a3_616,7f9e492c365239a3,R114792-03,W118892,AB24ROOM,33,-21,0,1,PASS,1,1,74,0,616,0,2026-03-24T15:03:32Z,2026-03-24
7f9e492c365239a3_617,7f9e492c365239a3,R114792-03,W118892,AB24ROOM,34,-21,0,1,PASS,1,1,72,0,617,0,2026-03-24T15:03:32Z,2026-03-24
7f9e492c365239a3_618,7f9e492c365239a3,R114792-03,W118892,AB24ROOM,35,-21,0,1,FAIL,20,20,62,0,618,0,2026-03-24T15:03:32Z,2026-03-24
7f9e492c365239a3_619,7f9e492c365239a3,R114792-03,W118892,AB24ROOM,36,-21,0,1,PASS,1,1,74,0,619,0,2026-03-24T15:03:32Z,2026-03-24
7f9e492c365239a3_620,7f9e492c365239a3,R114792-03,W118892,AB24ROOM,37,-21,0,1,PASS,1,1,72,0,620,0,2026-03-24T15:03:32Z,2026-03-24
7f9e492c365239a3_621,7f9e492c365239a3,R114792-03,W118892,AB24ROOM,38,-21,0,1,PASS,1,1,72,0,621,0,2026-03-24T15:03:32Z,2026-03-24
7f9e492c365239a3_622,7f9e492c365239a3,R114792-03,W118892,AB24ROOM,39,-21,0,1,PASS,1,1,72,0,622,0,2026-03-24T15:03:32Z,2026-03-24
7f9e492c365239a3_623,7f9e492c365239a3,R114792-03,W118892,AB24ROOM,40,-21,0,1,PASS,1,1,72,0,623,0,2026-03-24T15:03:32Z,2026-03-24
7f9e492c365239a3_624,7f9e492c365239a3,R114792-03,W118892,AB24ROOM,41,-21,0,1,PASS,1,1,72,0,624,0,2026-03-24T15:03:32Z,2026-03-24
7f9e492c365239a3_625,7f9e492c365239a3,R114792-03,W118892,AB24ROOM,42,-21,0,1,PASS,1,1,74,0,625,0,2026-03-24T15:03:32Z,2026-03-24
7f9e492c365239a3_626,7f9e492c365239a3,R114792-03,W118892,AB24ROOM,43,-21,0,1,PASS,1,1,72,0,626,0,2026-03-24T15:03:32Z,2026-03-24
7f9e492c365239a3_627,7f9e492c365239a3,R114792-03,W118892,AB24ROOM,44,-21,0,1,PASS,1,1,72,0,627,0,2026-03-24T15:03:32Z,2026-03-24
7f9e492c365239a3_628,7f9e492c365239a3,R114792-03,W118892,AB24ROOM,45,-21,0,1,PASS,1,1,72,0,628,0,2026-03-24T15:03:32Z,2026-03-24
7f9e492c365239a3_629,7f9e492c365239a3,R114792-03,W118892,AB24ROOM,45,-22,0,1,PASS,1,1,72,0,629,0,2026-03-24T15:03:32Z,2026-03-24
7f9e492c365239a3_630,7f9e492c365239a3,R114792-03,W118892,AB24ROOM,44,-22,0,1,PASS,1,1,72,0,630,0,2026-03-24T15:03:32Z,2026-03-24
7f9e492c365239a3_631,7f9e492c365239a3,R114792-03,W118892,AB24ROOM,43,-22,0,1,PASS,1,1,74,0,631,0,2026-03-24T15:03:32Z,2026-03-24
7f9e492c365239a3_632,7f9e492c365239a3,R114792-03,W118892,AB24ROOM,42,-22,0,1,PASS,1,1,72,0,632,0,2026-03-24T15:03:32Z,2026-03-24
7f9e492c365239a3_633,7f9e492c365239a3,R114792-03,W118892,AB24ROOM,41,-22,0,1,PASS,1,1,72,0,633,0,2026-03-24T15:03:32Z,2026-03-24
7f9e492c365239a3_634,7f9e492c365239a3,R114792-03,W118892,AB24ROOM,40,-22,0,1,PASS,1,1,72,0,634,0,2026-03-24T15:03:32Z,2026-03-24
7f9e492c365239a3_635,7f9e492c365239a3,R114792-03,W118892,AB24ROOM,39,-22,0,1,PASS,1,1,72,0,635,0,2026-03-24T15:03:32Z,2026-03-24
7f9e492c365239a3_636,7f9e492c365239a3,R114792-03,W118892,AB24ROOM,38,-22,0,1,PASS,1,1,72,0,636,0,2026-03-24T15:03:32Z,2026-03-24
7f9e492c365239a3_637,7f9e492c365239a3,R114792-03,W118892,AB24ROOM,37,-22,0,1,PASS,1,1,74,0,637,0,2026-03-24T15:03:32Z,2026-03-24
7f9e492c365239a3_638,7f9e492c365239a3,R114792-03,W118892,AB24ROOM,36,-22,0,1,PASS,1,1,72,0,638,0,2026-03-24T15:03:32Z,2026-03-24
7f9e492c365239a3_639,7f9e492c365239a3,R114792-03,W118892,AB24ROOM,35,-22,0,1,PASS,1,1,72,0,639,0,2026-03-24T15:03:32Z,2026-03-24
7f9e492c365239a3_640,7f9e492c365239a3,R114792-03,W118892,AB24ROOM,34,-22,0,1,PASS,1,1,72,0,640,0,2026-03-24T15:03:32Z,2026-03-24
7f9e492c365239a3_641,7f9e492c365239a3,R114792-03,W118892,AB24ROOM,33,-22,0,1,PASS,1,1,72,0,641,0,2026-03-24T15:03:32Z,2026-03-24
7f9e492c365239a3_642,7f9e492c365239a3,R114792-03,W118892,AB24ROOM,32,-22,0,1,PASS,1,1,72,0,642,0,2026-03-24T15:03:32Z,2026-03-24
7f9e492c365239a3_643,7f9e492c365239a3,R114792-03,W118892,AB24ROOM,31,-22,0,1,PASS,1,1,74,0,643,0,2026-03-24T15:03:32Z,2026-03-24
7f9e492c365239a3_644,7f9e492c365239a3,R114792-03,W118892,AB24ROOM,30,-22,0,1,PASS,1,1,72,0,644,0,2026-03-24T15:03:32Z,2026-03-24
7f9e492c365239a3_645,7f9e492c365239a3,R114792-03,W118892,AB24ROOM,29,-22,0,1,PASS,1,1,72,0,645,0,2026-03-24T15:03:32Z,2026-03-24
7f9e492c365239a3_646,7f9e492c365239a3,R114792-03,W118892,AB24ROOM,28,-22,0,1,PASS,1,1,72,0,646,0,2026-03-24T15:03:32Z,2026-03-24
7f9e492c365239a3_647,7f9e492c365239a3,R114792-03,W118892,AB24ROOM,27,-22,0,1,PASS,1,1,72,0,647,0,2026-03-24T15:03:32Z,2026-03-24
7f9e492c365239a3_648,7f9e492c365239a3,R114792-03,W118892,AB24ROOM,26,-22,0,1,PASS,1,1,72,0,648,0,2026-03-24T15:03:32Z,2026-03-24
7f9e492c365239a3_649,7f9e492c365239a3,R114792-03,W118892,AB24ROOM,25,-22,0,1,PASS,1,1,74,0,649,0,2026-03-24T15:03:32Z,2026-03-24
7f9e492c365239a3_650,7f9e492c365239a3,R114792-03,W118892,AB24ROOM,24,-22,0,1,PASS,1,1,72,0,650,0,2026-03-24T15:03:32Z,2026-03-24
7f9e492c365239a3_651,7f9e492c365239a3,R114792-03,W118892,AB24ROOM,23,-22,0,1,PASS,1,1,72,0,651,0,2026-03-24T15:03:32Z,2026-03-24
7f9e492c365239a3_652,7f9e492c365239a3,R114792-03,W118892,AB24ROOM,22,-22,0,1,PASS,1,1,72,0,652,0,2026-03-24T15:03:32Z,2026-03-24
7f9e492c365239a3_653,7f9e492c365239a3,R114792-03,W118892,AB24ROOM,21,-22,0,1,PASS,1,1,72,0,653,0,2026-03-24T15:03:32Z,2026-03-24
7f9e492c365239a3_654,7f9e492c365239a3,R114792-03,W118892,AB24ROOM,20,-22,0,1,PASS,1,1,72,0,654,0,2026-03-24T15:03:32Z,2026-03-24
7f9e492c365239a3_655,7f9e492c365239a3,R114792-03,W118892,AB24ROOM,19,-22,0,1,PASS,1,1,74,0,655,0,2026-03-24T15:03:32Z,2026-03-24
7f9e492c365239a3_656,7f9e492c365239a3,R114792-03,W118892,AB24ROOM,18,-22,0,1,PASS,1,1,72,0,656,0,2026-03-24T15:03:32Z,2026-03-24
7f9e492c365239a3_657,7f9e492c365239a3,R114792-03,W118892,AB24ROOM,17,-22,0,1,PASS,1,1,72,0,657,0,2026-03-24T15:03:32Z,2026-03-24
7f9e492c365239a3_658,7f9e492c365239a3,R114792-03,W118892,AB24ROOM,16,-22,0,1,PASS,1,1,72,0,658,0,2026-03-24T15:03:32Z,2026-03-24
7f9e492c365239a3_659,7f9e492c365239a3,R114792-03,W118892,AB24ROOM,15,-22,0,1,PASS,1,1,72,0,659,0,2026-03-24T15:03:32Z,2026-03-24
7f9e492c365239a3_660,7f9e492c365239a3,R114792-03,W118892,AB24ROOM,14,-22,0,1,PASS,1,1,72,0,660,0,2026-03-24T15:03:32Z,2026-03-24
7f9e492c365239a3_661,7f9e492c365239a3,R114792-03,W118892,AB24ROOM,13,-22,0,1,PASS,1,1,74,0,661,0,2026-03-24T15:03:32Z,2026-03-24
7f9e492c365239a3_662,7f9e492c365239a3,R114792-03,W118892,AB24ROOM,12,-22,0,1,PASS,1,1,72,0,662,0,2026-03-24T15:03:32Z,2026-03-24
7f9e492c365239a3_663,7f9e492c365239a3,R114792-03,W118892,AB24ROOM,11,-22,0,1,PASS,1,1,72,0,663,0,2026-03-24T15:03:32Z,2026-03-24
7f9e492c365239a3_664,7f9e492c365239a3,R114792-03,W118892,AB24ROOM,10,-22,0,1,PASS,1,1,72,0,664,0,2026-03-24T15:03:32Z,2026-03-24
7f9e492c365239a3_665,7f9e492c365239a3,R114792-03,W118892,AB24ROOM,9,-22,0,1,PASS,1,1,72,0,665,0,2026-03-24T15:03:32Z,2026-03-24
7f9e492c365239a3_666,7f9e492c365239a3,R114792-03,W118892,AB24ROOM,8,-22,0,1,PASS,1,1,72,0,666,0,2026-03-24T15:03:32Z,2026-03-24
7f9e492c365239a3_667,7f9e492c365239a3,R114792-03,W118892,AB24ROOM,7,-22,0,1,PASS,1,1,74,0,667,0,2026-03-24T15:03:32Z,2026-03-24
7f9e492c365239a3_668,7f9e492c365239a3,R114792-03,W118892,AB24ROOM,6,-22,0,1,PASS,1,1,72,0,668,0,2026-03-24T15:03:32Z,2026-03-24
7f9e492c365239a3_669,7f9e492c365239a3,R114792-03,W118892,AB24ROOM,5,-22,0,1,PASS,1,1,72,0,669,0,2026-03-24T15:03:32Z,2026-03-24
7f9e492c365239a3_670,7f9e492c365239a3,R114792-03,W118892,AB24ROOM,4,-22,0,1,FAIL,8,8,29,0,670,0,2026-03-24T15:03:32Z,2026-03-24
7f9e492c365239a3_671,7f9e492c365239a3,R114792-03,W118892,AB24ROOM,4,-23,0,1,FAIL,4,4,36,0,671,0,2026-03-24T15:03:32Z,2026-03-24
7f9e492c365239a3_672,7f9e492c365239a3,R114792-03,W118892,AB24ROOM,5,-23,0,1,PASS,1,1,74,0,672,0,2026-03-24T15:03:32Z,2026-03-24
7f9e492c365239a3_673,7f9e492c365239a3,R114792-03,W118892,AB24ROOM,6,-23,0,1,PASS,1,1,72,0,673,0,2026-03-24T15:03:32Z,2026-03-24
7f9e492c365239a3_674,7f9e492c365239a3,R114792-03,W118892,AB24ROOM,7,-23,0,1,PASS,1,1,72,0,674,0,2026-03-24T15:03:32Z,2026-03-24
7f9e492c365239a3_675,7f9e492c365239a3,R114792-03,W118892,AB24ROOM,8,-23,0,1,PASS,1,1,72,0,675,0,2026-03-24T15:03:32Z,2026-03-24
7f9e492c365239a3_676,7f9e492c365239a3,R114792-03,W118892,AB24ROOM,9,-23,0,1,PASS,1,1,72,0,676,0,2026-03-24T15:03:32Z,2026-03-24
7f9e492c365239a3_677,7f9e492c365239a3,R114792-03,W118892,AB24ROOM,10,-23,0,1,PASS,1,1,72,0,677,0,2026-03-24T15:03:32Z,2026-03-24
7f9e492c365239a3_678,7f9e492c365239a3,R114792-03,W118892,AB24ROOM,11,-23,0,1,PASS,1,1,74,0,678,0,2026-03-24T15:03:32Z,2026-03-24
7f9e492c365239a3_679,7f9e492c365239a3,R114792-03,W118892,AB24ROOM,12,-23,0,1,PASS,1,1,72,0,679,0,2026-03-24T15:03:32Z,2026-03-24
7f9e492c365239a3_680,7f9e492c365239a3,R114792-03,W118892,AB24ROOM,13,-23,0,1,PASS,1,1,72,0,680,0,2026-03-24T15:03:32Z,2026-03-24
7f9e492c365239a3_681,7f9e492c365239a3,R114792-03,W118892,AB24ROOM,14,-23,0,1,PASS,1,1,72,0,681,0,2026-03-24T15:03:32Z,2026-03-24
7f9e492c365239a3_682,7f9e492c365239a3,R114792-03,W118892,AB24ROOM,15,-23,0,1,PASS,1,1,72,0,682,0,2026-03-24T15:03:32Z,2026-03-24
7f9e492c365239a3_683,7f9e492c365239a3,R114792-03,W118892,AB24ROOM,16,-23,0,1,PASS,1,1,72,0,683,0,2026-03-24T15:03:32Z,2026-03-24
7f9e492c365239a3_684,7f9e492c365239a3,R114792-03,W118892,AB24ROOM,17,-23,0,1,PASS,1,1,74,0,684,0,2026-03-24T15:03:32Z,2026-03-24
7f9e492c365239a3_685,7f9e492c365239a3,R114792-03,W118892,AB24ROOM,18,-23,0,1,PASS,1,1,72,0,685,0,2026-03-24T15:03:32Z,2026-03-24
7f9e492c365239a3_686,7f9e492c365239a3,R114792-03,W118892,AB24ROOM,19,-23,0,1,FAIL,20,20,62,0,686,0,2026-03-24T15:03:32Z,2026-03-24
7f9e492c365239a3_687,7f9e492c365239a3,R114792-03,W118892,AB24ROOM,20,-23,0,1,PASS,1,1,74,0,687,0,2026-03-24T15:03:32Z,2026-03-24
7f9e492c365239a3_688,7f9e492c365239a3,R114792-03,W118892,AB24ROOM,21,-23,0,1,PASS,1,1,72,0,688,0,2026-03-24T15:03:32Z,2026-03-24
7f9e492c365239a3_689,7f9e492c365239a3,R114792-03,W118892,AB24ROOM,22,-23,0,1,PASS,1,1,72,0,689,0,2026-03-24T15:03:32Z,2026-03-24
7f9e492c365239a3_690,7f9e492c365239a3,R114792-03,W118892,AB24ROOM,23,-23,0,1,PASS,1,1,72,0,690,0,2026-03-24T15:03:32Z,2026-03-24
7f9e492c365239a3_691,7f9e492c365239a3,R114792-03,W118892,AB24ROOM,26,-23,0,1,PASS,1,1,72,0,691,0,2026-03-24T15:03:32Z,2026-03-24
7f9e492c365239a3_692,7f9e492c365239a3,R114792-03,W118892,AB24ROOM,27,-23,0,1,PASS,1,1,72,0,692,0,2026-03-24T15:03:32Z,2026-03-24
7f9e492c365239a3_693,7f9e492c365239a3,R114792-03,W118892,AB24ROOM,28,-23,0,1,PASS,1,1,74,0,693,0,2026-03-24T15:03:32Z,2026-03-24
7f9e492c365239a3_694,7f9e492c365239a3,R114792-03,W118892,AB24ROOM,29,-23,0,1,PASS,1,1,72,0,694,0,2026-03-24T15:03:32Z,2026-03-24
7f9e492c365239a3_695,7f9e492c365239a3,R114792-03,W118892,AB24ROOM,30,-23,0,1,PASS,1,1,72,0,695,0,2026-03-24T15:03:32Z,2026-03-24
7f9e492c365239a3_696,7f9e492c365239a3,R114792-03,W118892,AB24ROOM,31,-23,0,1,PASS,1,1,72,0,696,0,2026-03-24T15:03:32Z,2026-03-24
7f9e492c365239a3_697,7f9e492c365239a3,R114792-03,W118892,AB24ROOM,32,-23,0,1,PASS,1,1,72,0,697,0,2026-03-24T15:03:32Z,2026-03-24
7f9e492c365239a3_698,7f9e492c365239a3,R114792-03,W118892,AB24ROOM,33,-23,0,1,PASS,1,1,72,0,698,0,2026-03-24T15:03:32Z,2026-03-24
7f9e492c365239a3_699,7f9e492c365239a3,R114792-03,W118892,AB24ROOM,34,-23,0,1,PASS,1,1,74,0,699,0,2026-03-24T15:03:32Z,2026-03-24
7f9e492c365239a3_700,7f9e492c365239a3,R114792-03,W118892,AB24ROOM,35,-23,0,1,PASS,1,1,72,0,700,0,2026-03-24T15:03:32Z,2026-03-24
7f9e492c365239a3_701,7f9e492c365239a3,R114792-03,W118892,AB24ROOM,36,-23,0,1,PASS,1,1,72,0,701,0,2026-03-24T15:03:32Z,2026-03-24
7f9e492c365239a3_702,7f9e492c365239a3,R114792-03,W118892,AB24ROOM,37,-23,0,1,PASS,1,1,72,0,702,0,2026-03-24T15:03:32Z,2026-03-24
7f9e492c365239a3_703,7f9e492c365239a3,R114792-03,W118892,AB24ROOM,38,-23,0,1,PASS,1,1,72,0,703,0,2026-03-24T15:03:32Z,2026-03-24
7f9e492c365239a3_704,7f9e492c365239a3,R114792-03,W118892,AB24ROOM,39,-23,0,1,PASS,1,1,72,0,704,0,2026-03-24T15:03:32Z,2026-03-24
7f9e492c365239a3_705,7f9e492c365239a3,R114792-03,W118892,AB24ROOM,40,-23,0,1,PASS,1,1,74,0,705,0,2026-03-24T15:03:32Z,2026-03-24
7f9e492c365239a3_706,7f9e492c365239a3,R114792-03,W118892,AB24ROOM,41,-23,0,1,PASS,1,1,72,0,706,0,2026-03-24T15:03:32Z,2026-03-24
7f9e492c365239a3_707,7f9e492c365239a3,R114792-03,W118892,AB24ROOM,42,-23,0,1,PASS,1,1,72,0,707,0,2026-03-24T15:03:32Z,2026-03-24
7f9e492c365239a3_708,7f9e492c365239a3,R114792-03,W118892,AB24ROOM,43,-23,0,1,PASS,1,1,72,0,708,0,2026-03-24T15:03:32Z,2026-03-24
7f9e492c365239a3_709,7f9e492c365239a3,R114792-03,W118892,AB24ROOM,44,-23,0,1,PASS,1,1,72,0,709,0,2026-03-24T15:03:32Z,2026-03-24
7f9e492c365239a3_710,7f9e492c365239a3,R114792-03,W118892,AB24ROOM,45,-23,0,1,PASS,1,1,72,0,710,0,2026-03-24T15:03:32Z,2026-03-24
7f9e492c365239a3_711,7f9e492c365239a3,R114792-03,W118892,AB24ROOM,45,-24,0,1,PASS,1,1,74,0,711,0,2026-03-24T15:03:32Z,2026-03-24
7f9e492c365239a3_712,7f9e492c365239a3,R114792-03,W118892,AB24ROOM,43,-24,0,1,PASS,1,1,72,0,712,0,2026-03-24T15:03:32Z,2026-03-24
7f9e492c365239a3_713,7f9e492c365239a3,R114792-03,W118892,AB24ROOM,42,-24,0,1,PASS,1,1,72,0,713,0,2026-03-24T15:03:32Z,2026-03-24
7f9e492c365239a3_714,7f9e492c365239a3,R114792-03,W118892,AB24ROOM,41,-24,0,1,PASS,1,1,72,0,714,0,2026-03-24T15:03:32Z,2026-03-24
7f9e492c365239a3_715,7f9e492c365239a3,R114792-03,W118892,AB24ROOM,40,-24,0,1,FAIL,20,20,62,0,715,0,2026-03-24T15:03:32Z,2026-03-24
7f9e492c365239a3_716,7f9e492c365239a3,R114792-03,W118892,AB24ROOM,39,-24,0,1,PASS,1,1,74,0,716,0,2026-03-24T15:03:32Z,2026-03-24
7f9e492c365239a3_717,7f9e492c365239a3,R114792-03,W118892,AB24ROOM,38,-24,0,1,PASS,1,1,72,0,717,0,2026-03-24T15:03:32Z,2026-03-24
7f9e492c365239a3_718,7f9e492c365239a3,R114792-03,W118892,AB24ROOM,37,-24,0,1,PASS,1,1,72,0,718,0,2026-03-24T15:03:32Z,2026-03-24
7f9e492c365239a3_719,7f9e492c365239a3,R114792-03,W118892,AB24ROOM,36,-24,0,1,PASS,1,1,72,0,719,0,2026-03-24T15:03:32Z,2026-03-24
7f9e492c365239a3_720,7f9e492c365239a3,R114792-03,W118892,AB24ROOM,35,-24,0,1,PASS,1,1,72,0,720,0,2026-03-24T15:03:32Z,2026-03-24
7f9e492c365239a3_721,7f9e492c365239a3,R114792-03,W118892,AB24ROOM,34,-24,0,1,PASS,1,1,72,0,721,0,2026-03-24T15:03:32Z,2026-03-24
7f9e492c365239a3_722,7f9e492c365239a3,R114792-03,W118892,AB24ROOM,33,-24,0,1,PASS,1,1,74,0,722,0,2026-03-24T15:03:32Z,2026-03-24
7f9e492c365239a3_723,7f9e492c365239a3,R114792-03,W118892,AB24ROOM,32,-24,0,1,PASS,1,1,72,0,723,0,2026-03-24T15:03:32Z,2026-03-24
7f9e492c365239a3_724,7f9e492c365239a3,R114792-03,W118892,AB24ROOM,31,-24,0,1,PASS,1,1,72,0,724,0,2026-03-24T15:03:32Z,2026-03-24
7f9e492c365239a3_725,7f9e492c365239a3,R114792-03,W118892,AB24ROOM,30,-24,0,1,PASS,1,1,72,0,725,0,2026-03-24T15:03:32Z,2026-03-24
7f9e492c365239a3_726,7f9e492c365239a3,R114792-03,W118892,AB24ROOM,29,-24,0,1,PASS,1,1,72,0,726,0,2026-03-24T15:03:32Z,2026-03-24
7f9e492c365239a3_727,7f9e492c365239a3,R114792-03,W118892,AB24ROOM,28,-24,0,1,PASS,1,1,72,0,727,0,2026-03-24T15:03:32Z,2026-03-24
7f9e492c365239a3_728,7f9e492c365239a3,R114792-03,W118892,AB24ROOM,27,-24,0,1,PASS,1,1,74,0,728,0,2026-03-24T15:03:32Z,2026-03-24
7f9e492c365239a3_729,7f9e492c365239a3,R114792-03,W118892,AB24ROOM,26,-24,0,1,PASS,1,1,72,0,729,0,2026-03-24T15:03:32Z,2026-03-24
7f9e492c365239a3_730,7f9e492c365239a3,R114792-03,W118892,AB24ROOM,23,-24,0,1,PASS,1,1,72,0,730,0,2026-03-24T15:03:32Z,2026-03-24
7f9e492c365239a3_731,7f9e492c365239a3,R114792-03,W118892,AB24ROOM,22,-24,0,1,PASS,1,1,72,0,731,0,2026-03-24T15:03:32Z,2026-03-24
7f9e492c365239a3_732,7f9e492c365239a3,R114792-03,W118892,AB24ROOM,21,-24,0,1,PASS,1,1,72,0,732,0,2026-03-24T15:03:32Z,2026-03-24
7f9e492c365239a3_733,7f9e492c365239a3,R114792-03,W118892,AB24ROOM,20,-24,0,1,PASS,1,1,72,0,733,0,2026-03-24T15:03:32Z,2026-03-24
7f9e492c365239a3_734,7f9e492c365239a3,R114792-03,W118892,AB24ROOM,19,-24,0,1,PASS,1,1,74,0,734,0,2026-03-24T15:03:32Z,2026-03-24
7f9e492c365239a3_735,7f9e492c365239a3,R114792-03,W118892,AB24ROOM,18,-24,0,1,PASS,1,1,72,0,735,0,2026-03-24T15:03:32Z,2026-03-24
7f9e492c365239a3_736,7f9e492c365239a3,R114792-03,W118892,AB24ROOM,17,-24,0,1,PASS,1,1,72,0,736,0,2026-03-24T15:03:32Z,2026-03-24
7f9e492c365239a3_737,7f9e492c365239a3,R114792-03,W118892,AB24ROOM,16,-24,0,1,PASS,1,1,72,0,737,0,2026-03-24T15:03:32Z,2026-03-24
7f9e492c365239a3_738,7f9e492c365239a3,R114792-03,W118892,AB24ROOM,15,-24,0,1,PASS,1,1,72,0,738,0,2026-03-24T15:03:32Z,2026-03-24
7f9e492c365239a3_739,7f9e492c365239a3,R114792-03,W118892,AB24ROOM,14,-24,0,1,FAIL,20,20,62,0,739,0,2026-03-24T15:03:32Z,2026-03-24
7f9e492c365239a3_740,7f9e492c365239a3,R114792-03,W118892,AB24ROOM,13,-24,0,1,PASS,1,1,74,0,740,0,2026-03-24T15:03:32Z,2026-03-24
7f9e492c365239a3_741,7f9e492c365239a3,R114792-03,W118892,AB24ROOM,12,-24,0,1,PASS,1,1,72,0,741,0,2026-03-24T15:03:32Z,2026-03-24
7f9e492c365239a3_742,7f9e492c365239a3,R114792-03,W118892,AB24ROOM,11,-24,0,1,PASS,1,1,72,0,742,0,2026-03-24T15:03:32Z,2026-03-24
7f9e492c365239a3_743,7f9e492c365239a3,R114792-03,W118892,AB24ROOM,10,-24,0,1,PASS,1,1,72,0,743,0,2026-03-24T15:03:32Z,2026-03-24
7f9e492c365239a3_744,7f9e492c365239a3,R114792-03,W118892,AB24ROOM,9,-24,0,1,PASS,1,1,72,0,744,0,2026-03-24T15:03:32Z,2026-03-24
7f9e492c365239a3_745,7f9e492c365239a3,R114792-03,W118892,AB24ROOM,8,-24,0,1,PASS,1,1,72,0,745,0,2026-03-24T15:03:32Z,2026-03-24
7f9e492c365239a3_746,7f9e492c365239a3,R114792-03,W118892,AB24ROOM,7,-24,0,1,PASS,1,1,74,0,746,0,2026-03-24T15:03:32Z,2026-03-24
7f9e492c365239a3_747,7f9e492c365239a3,R114792-03,W118892,AB24ROOM,5,-24,0,1,PASS,1,1,72,0,747,0,2026-03-24T15:03:32Z,2026-03-24
7f9e492c365239a3_748,7f9e492c365239a3,R114792-03,W118892,AB24ROOM,4,-24,0,1,PASS,1,1,72,0,748,0,2026-03-24T15:03:32Z,2026-03-24
7f9e492c365239a3_749,7f9e492c365239a3,R114792-03,W118892,AB24ROOM,4,-25,0,1,FAIL,17,17,61,0,749,0,2026-03-24T15:03:32Z,2026-03-24
7f9e492c365239a3_750,7f9e492c365239a3,R114792-03,W118892,AB24ROOM,5,-25,0,1,FAIL,8,8,32,0,750,0,2026-03-24T15:03:32Z,2026-03-24
7f9e492c365239a3_751,7f9e492c365239a3,R114792-03,W118892,AB24ROOM,6,-25,0,1,PASS,1,1,74,0,751,0,2026-03-24T15:03:32Z,2026-03-24
7f9e492c365239a3_752,7f9e492c365239a3,R114792-03,W118892,AB24ROOM,7,-25,0,1,PASS,1,1,72,0,752,0,2026-03-24T15:03:32Z,2026-03-24
7f9e492c365239a3_753,7f9e492c365239a3,R114792-03,W118892,AB24ROOM,8,-25,0,1,PASS,1,1,72,0,753,0,2026-03-24T15:03:32Z,2026-03-24
7f9e492c365239a3_754,7f9e492c365239a3,R114792-03,W118892,AB24ROOM,9,-25,0,1,PASS,1,1,72,0,754,0,2026-03-24T15:03:32Z,2026-03-24
7f9e492c365239a3_755,7f9e492c365239a3,R114792-03,W118892,AB24ROOM,10,-25,0,1,FAIL,2,2,51,0,755,0,2026-03-24T15:03:32Z,2026-03-24
7f9e492c365239a3_756,7f9e492c365239a3,R114792-03,W118892,AB24ROOM,11,-25,0,1,FAIL,2,2,53,0,756,0,2026-03-24T15:03:32Z,2026-03-24
7f9e492c365239a3_757,7f9e492c365239a3,R114792-03,W118892,AB24ROOM,12,-25,0,1,PASS,1,1,74,0,757,0,2026-03-24T15:03:32Z,2026-03-24
7f9e492c365239a3_758,7f9e492c365239a3,R114792-03,W118892,AB24ROOM,13,-25,0,1,PASS,1,1,72,0,758,0,2026-03-24T15:03:32Z,2026-03-24
7f9e492c365239a3_759,7f9e492c365239a3,R114792-03,W118892,AB24ROOM,14,-25,0,1,PASS,1,1,72,0,759,0,2026-03-24T15:03:32Z,2026-03-24
7f9e492c365239a3_760,7f9e492c365239a3,R114792-03,W118892,AB24ROOM,15,-25,0,1,PASS,1,1,72,0,760,0,2026-03-24T15:03:32Z,2026-03-24
7f9e492c365239a3_761,7f9e492c365239a3,R114792-03,W118892,AB24ROOM,16,-25,0,1,PASS,1,1,72,0,761,0,2026-03-24T15:03:32Z,2026-03-24
7f9e492c365239a3_762,7f9e492c365239a3,R114792-03,W118892,AB24ROOM,17,-25,0,1,PASS,1,1,72,0,762,0,2026-03-24T15:03:32Z,2026-03-24
7f9e492c365239a3_763,7f9e492c365239a3,R114792-03,W118892,AB24ROOM,18,-25,0,1,PASS,1,1,74,0,763,0,2026-03-24T15:03:32Z,2026-03-24
7f9e492c365239a3_764,7f9e492c365239a3,R114792-03,W118892,AB24ROOM,19,-25,0,1,PASS,1,1,72,0,764,0,2026-03-24T15:03:32Z,2026-03-24
7f9e492c365239a3_765,7f9e492c365239a3,R114792-03,W118892,AB24ROOM,20,-25,0,1,PASS,1,1,72,0,765,0,2026-03-24T15:03:32Z,2026-03-24
7f9e492c365239a3_766,7f9e492c365239a3,R114792-03,W118892,AB24ROOM,21,-25,0,1,PASS,1,1,72,0,766,0,2026-03-24T15:03:32Z,2026-03-24
7f9e492c365239a3_767,7f9e492c365239a3,R114792-03,W118892,AB24ROOM,22,-25,0,1,PASS,1,1,72,0,767,0,2026-03-24T15:03:32Z,2026-03-24
7f9e492c365239a3_768,7f9e492c365239a3,R114792-03,W118892,AB24ROOM,23,-25,0,1,FAIL,20,20,62,0,768,0,2026-03-24T15:03:32Z,2026-03-24
7f9e492c365239a3_769,7f9e492c365239a3,R114792-03,W118892,AB24ROOM,24,-25,0,1,PASS,1,1,74,0,769,0,2026-03-24T15:03:32Z,2026-03-24
7f9e492c365239a3_770,7f9e492c365239a3,R114792-03,W118892,AB24ROOM,25,-25,0,1,PASS,1,1,72,0,770,0,2026-03-24T15:03:32Z,2026-03-24
7f9e492c365239a3_771,7f9e492c365239a3,R114792-03,W118892,AB24ROOM,26,-25,0,1,FAIL,20,20,62,0,771,0,2026-03-24T15:03:32Z,2026-03-24
7f9e492c365239a3_772,7f9e492c365239a3,R114792-03,W118892,AB24ROOM,27,-25,0,1,PASS,1,1,74,0,772,0,2026-03-24T15:03:32Z,2026-03-24
7f9e492c365239a3_773,7f9e492c365239a3,R114792-03,W118892,AB24ROOM,28,-25,0,1,PASS,1,1,72,0,773,0,2026-03-24T15:03:32Z,2026-03-24
7f9e492c365239a3_774,7f9e492c365239a3,R114792-03,W118892,AB24ROOM,29,-25,0,1,PASS,1,1,72,0,774,0,2026-03-24T15:03:32Z,2026-03-24
7f9e492c365239a3_775,7f9e492c365239a3,R114792-03,W118892,AB24ROOM,30,-25,0,1,PASS,1,1,72,0,775,0,2026-03-24T15:03:32Z,2026-03-24
7f9e492c365239a3_776,7f9e492c365239a3,R114792-03,W118892,AB24ROOM,31,-25,0,1,PASS,1,1,72,0,776,0,2026-03-24T15:03:32Z,2026-03-24
7f9e492c365239a3_777,7f9e492c365239a3,R114792-03,W118892,AB24ROOM,32,-25,0,1,PASS,1,1,72,0,777,0,2026-03-24T15:03:32Z,2026-03-24
7f9e492c365239a3_778,7f9e492c365239a3,R114792-03,W118892,AB24ROOM,33,-25,0,1,PASS,1,1,74,0,778,0,2026-03-24T15:03:32Z,2026-03-24
7f9e492c365239a3_779,7f9e492c365239a3,R114792-03,W118892,AB24ROOM,34,-25,0,1,PASS,1,1,72,0,779,0,2026-03-24T15:03:32Z,2026-03-24
7f9e492c365239a3_780,7f9e492c365239a3,R114792-03,W118892,AB24ROOM,35,-25,0,1,PASS,1,1,72,0,780,0,2026-03-24T15:03:32Z,2026-03-24
7f9e492c365239a3_781,7f9e492c365239a3,R114792-03,W118892,AB24ROOM,36,-25,0,1,PASS,1,1,72,0,781,0,2026-03-24T15:03:32Z,2026-03-24
7f9e492c365239a3_782,7f9e492c365239a3,R114792-03,W118892,AB24ROOM,37,-25,0,1,PASS,1,1,72,0,782,0,2026-03-24T15:03:32Z,2026-03-24
7f9e492c365239a3_783,7f9e492c365239a3,R114792-03,W118892,AB24ROOM,38,-25,0,1,PASS,1,1,72,0,783,0,2026-03-24T15:03:32Z,2026-03-24
7f9e492c365239a3_784,7f9e492c365239a3,R114792-03,W118892,AB24ROOM,39,-25,0,1,PASS,1,1,74,0,784,0,2026-03-24T15:03:32Z,2026-03-24
7f9e492c365239a3_785,7f9e492c365239a3,R114792-03,W118892,AB24ROOM,40,-25,0,1,PASS,1,1,72,0,785,0,2026-03-24T15:03:32Z,2026-03-24
7f9e492c365239a3_786,7f9e492c365239a3,R114792-03,W118892,AB24ROOM,41,-25,0,1,FAIL,20,20,62,0,786,0,2026-03-24T15:03:32Z,2026-03-24
7f9e492c365239a3_787,7f9e492c365239a3,R114792-03,W118892,AB24ROOM,42,-25,0,1,FAIL,20,20,64,0,787,0,2026-03-24T15:03:32Z,2026-03-24
7f9e492c365239a3_788,7f9e492c365239a3,R114792-03,W118892,AB24ROOM,43,-25,0,1,PASS,1,1,74,0,788,0,2026-03-24T15:03:32Z,2026-03-24
7f9e492c365239a3_789,7f9e492c365239a3,R114792-03,W118892,AB24ROOM,44,-25,0,1,PASS,1,1,72,0,789,0,2026-03-24T15:03:32Z,2026-03-24
7f9e492c365239a3_790,7f9e492c365239a3,R114792-03,W118892,AB24ROOM,45,-25,0,1,PASS,1,1,72,0,790,0,2026-03-24T15:03:32Z,2026-03-24
7f9e492c365239a3_791,7f9e492c365239a3,R114792-03,W118892,AB24ROOM,45,-26,0,1,PASS,1,1,72,0,791,0,2026-03-24T15:03:32Z,2026-03-24
7f9e492c365239a3_792,7f9e492c365239a3,R114792-03,W118892,AB24ROOM,44,-26,0,1,PASS,1,1,72,0,792,0,2026-03-24T15:03:32Z,2026-03-24
7f9e492c365239a3_793,7f9e492c365239a3,R114792-03,W118892,AB24ROOM,43,-26,0,1,PASS,1,1,72,0,793,0,2026-03-24T15:03:32Z,2026-03-24
7f9e492c365239a3_794,7f9e492c365239a3,R114792-03,W118892,AB24ROOM,42,-26,0,1,PASS,1,1,74,0,794,0,2026-03-24T15:03:32Z,2026-03-24
7f9e492c365239a3_795,7f9e492c365239a3,R114792-03,W118892,AB24ROOM,41,-26,0,1,PASS,1,1,72,0,795,0,2026-03-24T15:03:32Z,2026-03-24
7f9e492c365239a3_796,7f9e492c365239a3,R114792-03,W118892,AB24ROOM,40,-26,0,1,PASS,1,1,72,0,796,0,2026-03-24T15:03:32Z,2026-03-24
7f9e492c365239a3_797,7f9e492c365239a3,R114792-03,W118892,AB24ROOM,39,-26,0,1,PASS,1,1,72,0,797,0,2026-03-24T15:03:32Z,2026-03-24
7f9e492c365239a3_798,7f9e492c365239a3,R114792-03,W118892,AB24ROOM,38,-26,0,1,PASS,1,1,72,0,798,0,2026-03-24T15:03:32Z,2026-03-24
7f9e492c365239a3_799,7f9e492c365239a3,R114792-03,W118892,AB24ROOM,37,-26,0,1,PASS,1,1,72,0,799,0,2026-03-24T15:03:32Z,2026-03-24
7f9e492c365239a3_800,7f9e492c365239a3,R114792-03,W118892,AB24ROOM,36,-26,0,1,PASS,1,1,74,0,800,0,2026-03-24T15:03:32Z,2026-03-24
7f9e492c365239a3_801,7f9e492c365239a3,R114792-03,W118892,AB24ROOM,35,-26,0,1,PASS,1,1,72,0,801,0,2026-03-24T15:03:32Z,2026-03-24
7f9e492c365239a3_802,7f9e492c365239a3,R114792-03,W118892,AB24ROOM,34,-26,0,1,PASS,1,1,72,0,802,0,2026-03-24T15:03:32Z,2026-03-24
7f9e492c365239a3_803,7f9e492c365239a3,R114792-03,W118892,AB24ROOM,33,-26,0,1,PASS,1,1,72,0,803,0,2026-03-24T15:03:32Z,2026-03-24
7f9e492c365239a3_804,7f9e492c365239a3,R114792-03,W118892,AB24ROOM,32,-26,0,1,PASS,1,1,72,0,804,0,2026-03-24T15:03:32Z,2026-03-24
7f9e492c365239a3_805,7f9e492c365239a3,R114792-03,W118892,AB24ROOM,31,-26,0,1,PASS,1,1,72,0,805,0,2026-03-24T15:03:32Z,2026-03-24
7f9e492c365239a3_806,7f9e492c365239a3,R114792-03,W118892,AB24ROOM,30,-26,0,1,PASS,1,1,56,0,806,0,2026-03-24T15:03:32Z,2026-03-24
7f9e492c365239a3_807,7f9e492c365239a3,R114792-03,W118892,AB24ROOM,29,-26,0,1,PASS,1,1,72,0,807,0,2026-03-24T15:03:32Z,2026-03-24
7f9e492c365239a3_808,7f9e492c365239a3,R114792-03,W118892,AB24ROOM,28,-26,0,1,PASS,1,1,72,0,808,0,2026-03-24T15:03:32Z,2026-03-24
7f9e492c365239a3_809,7f9e492c365239a3,R114792-03,W118892,AB24ROOM,27,-26,0,1,PASS,1,1,72,0,809,0,2026-03-24T15:03:32Z,2026-03-24
7f9e492c365239a3_810,7f9e492c365239a3,R114792-03,W118892,AB24ROOM,26,-26,0,1,PASS,1,1,72,0,810,0,2026-03-24T15:03:32Z,2026-03-24
7f9e492c365239a3_811,7f9e492c365239a3,R114792-03,W118892,AB24ROOM,25,-26,0,1,PASS,1,1,72,0,811,0,2026-03-24T15:03:32Z,2026-03-24
7f9e492c365239a3_812,7f9e492c365239a3,R114792-03,W118892,AB24ROOM,24,-26,0,1,PASS,1,1,74,0,812,0,2026-03-24T15:03:32Z,2026-03-24
7f9e492c365239a3_813,7f9e492c365239a3,R114792-03,W118892,AB24ROOM,23,-26,0,1,PASS,1,1,72,0,813,0,2026-03-24T15:03:32Z,2026-03-24
7f9e492c365239a3_814,7f9e492c365239a3,R114792-03,W118892,AB24ROOM,22,-26,0,1,PASS,1,1,72,0,814,0,2026-03-24T15:03:32Z,2026-03-24
7f9e492c365239a3_815,7f9e492c365239a3,R114792-03,W118892,AB24ROOM,21,-26,0,1,PASS,1,1,72,0,815,0,2026-03-24T15:03:32Z,2026-03-24
7f9e492c365239a3_816,7f9e492c365239a3,R114792-03,W118892,AB24ROOM,20,-26,0,1,FAIL,20,20,62,0,816,0,2026-03-24T15:03:32Z,2026-03-24
7f9e492c365239a3_817,7f9e492c365239a3,R114792-03,W118892,AB24ROOM,19,-26,0,1,PASS,1,1,74,0,817,0,2026-03-24T15:03:32Z,2026-03-24
7f9e492c365239a3_818,7f9e492c365239a3,R114792-03,W118892,AB24ROOM,18,-26,0,1,PASS,1,1,72,0,818,0,2026-03-24T15:03:32Z,2026-03-24
7f9e492c365239a3_819,7f9e492c365239a3,R114792-03,W118892,AB24ROOM,17,-26,0,1,PASS,1,1,72,0,819,0,2026-03-24T15:03:32Z,2026-03-24
7f9e492c365239a3_820,7f9e492c365239a3,R114792-03,W118892,AB24ROOM,16,-26,0,1,PASS,1,1,72,0,820,0,2026-03-24T15:03:32Z,2026-03-24
7f9e492c365239a3_821,7f9e492c365239a3,R114792-03,W118892,AB24ROOM,15,-26,0,1,PASS,1,1,72,0,821,0,2026-03-24T15:03:32Z,2026-03-24
7f9e492c365239a3_822,7f9e492c365239a3,R114792-03,W118892,AB24ROOM,14,-26,0,1,PASS,1,1,72,0,822,0,2026-03-24T15:03:32Z,2026-03-24
7f9e492c365239a3_823,7f9e492c365239a3,R114792-03,W118892,AB24ROOM,13,-26,0,1,PASS,1,1,74,0,823,0,2026-03-24T15:03:32Z,2026-03-24
7f9e492c365239a3_824,7f9e492c365239a3,R114792-03,W118892,AB24ROOM,12,-26,0,1,PASS,1,1,72,0,824,0,2026-03-24T15:03:32Z,2026-03-24
7f9e492c365239a3_825,7f9e492c365239a3,R114792-03,W118892,AB24ROOM,11,-26,0,1,PASS,1,1,72,0,825,0,2026-03-24T15:03:32Z,2026-03-24
7f9e492c365239a3_826,7f9e492c365239a3,R114792-03,W118892,AB24ROOM,10,-26,0,1,PASS,1,1,72,0,826,0,2026-03-24T15:03:32Z,2026-03-24
7f9e492c365239a3_827,7f9e492c365239a3,R114792-03,W118892,AB24ROOM,9,-26,0,1,PASS,1,1,72,0,827,0,2026-03-24T15:03:32Z,2026-03-24
7f9e492c365239a3_828,7f9e492c365239a3,R114792-03,W118892,AB24ROOM,8,-26,0,1,PASS,1,1,72,0,828,0,2026-03-24T15:03:32Z,2026-03-24
7f9e492c365239a3_829,7f9e492c365239a3,R114792-03,W118892,AB24ROOM,7,-26,0,1,PASS,1,1,74,0,829,0,2026-03-24T15:03:32Z,2026-03-24
7f9e492c365239a3_830,7f9e492c365239a3,R114792-03,W118892,AB24ROOM,6,-26,0,1,PASS,1,1,72,0,830,0,2026-03-24T15:03:32Z,2026-03-24
7f9e492c365239a3_831,7f9e492c365239a3,R114792-03,W118892,AB24ROOM,5,-26,0,1,PASS,1,1,72,0,831,0,2026-03-24T15:03:32Z,2026-03-24
7f9e492c365239a3_832,7f9e492c365239a3,R114792-03,W118892,AB24ROOM,4,-26,0,1,FAIL,17,17,61,0,832,0,2026-03-24T15:03:32Z,2026-03-24
7f9e492c365239a3_833,7f9e492c365239a3,R114792-03,W118892,AB24ROOM,4,-27,0,1,PASS,1,1,74,0,833,0,2026-03-24T15:03:32Z,2026-03-24
7f9e492c365239a3_834,7f9e492c365239a3,R114792-03,W118892,AB24ROOM,5,-27,0,1,PASS,1,1,72,0,834,0,2026-03-24T15:03:32Z,2026-03-24
7f9e492c365239a3_835,7f9e492c365239a3,R114792-03,W118892,AB24ROOM,6,-27,0,1,PASS,1,1,72,0,835,0,2026-03-24T15:03:32Z,2026-03-24
7f9e492c365239a3_836,7f9e492c365239a3,R114792-03,W118892,AB24ROOM,7,-27,0,1,FAIL,20,20,62,0,836,0,2026-03-24T15:03:32Z,2026-03-24
7f9e492c365239a3_837,7f9e492c365239a3,R114792-03,W118892,AB24ROOM,8,-27,0,1,PASS,1,1,74,0,837,0,2026-03-24T15:03:32Z,2026-03-24
7f9e492c365239a3_838,7f9e492c365239a3,R114792-03,W118892,AB24ROOM,9,-27,0,1,PASS,1,1,72,0,838,0,2026-03-24T15:03:32Z,2026-03-24
7f9e492c365239a3_839,7f9e492c365239a3,R114792-03,W118892,AB24ROOM,10,-27,0,1,PASS,1,1,72,0,839,0,2026-03-24T15:03:32Z,2026-03-24
7f9e492c365239a3_840,7f9e492c365239a3,R114792-03,W118892,AB24ROOM,11,-27,0,1,PASS,1,1,72,0,840,0,2026-03-24T15:03:32Z,2026-03-24
7f9e492c365239a3_841,7f9e492c365239a3,R114792-03,W118892,AB24ROOM,12,-27,0,1,PASS,1,1,72,0,841,0,2026-03-24T15:03:32Z,2026-03-24
7f9e492c365239a3_842,7f9e492c365239a3,R114792-03,W118892,AB24ROOM,13,-27,0,1,PASS,1,1,72,0,842,0,2026-03-24T15:03:32Z,2026-03-24
7f9e492c365239a3_843,7f9e492c365239a3,R114792-03,W118892,AB24ROOM,14,-27,0,1,PASS,1,1,74,0,843,0,2026-03-24T15:03:32Z,2026-03-24
7f9e492c365239a3_844,7f9e492c365239a3,R114792-03,W118892,AB24ROOM,15,-27,0,1,PASS,1,1,72,0,844,0,2026-03-24T15:03:32Z,2026-03-24
7f9e492c365239a3_845,7f9e492c365239a3,R114792-03,W118892,AB24ROOM,16,-27,0,1,PASS,1,1,72,0,845,0,2026-03-24T15:03:32Z,2026-03-24
7f9e492c365239a3_846,7f9e492c365239a3,R114792-03,W118892,AB24ROOM,17,-27,0,1,PASS,1,1,72,0,846,0,2026-03-24T15:03:32Z,2026-03-24
7f9e492c365239a3_847,7f9e492c365239a3,R114792-03,W118892,AB24ROOM,18,-27,0,1,PASS,1,1,72,0,847,0,2026-03-24T15:03:32Z,2026-03-24
7f9e492c365239a3_848,7f9e492c365239a3,R114792-03,W118892,AB24ROOM,19,-27,0,1,FAIL,2,2,51,0,848,0,2026-03-24T15:03:32Z,2026-03-24
7f9e492c365239a3_849,7f9e492c365239a3,R114792-03,W118892,AB24ROOM,20,-27,0,1,PASS,1,1,74,0,849,0,2026-03-24T15:03:32Z,2026-03-24
7f9e492c365239a3_850,7f9e492c365239a3,R114792-03,W118892,AB24ROOM,21,-27,0,1,PASS,1,1,72,0,850,0,2026-03-24T15:03:32Z,2026-03-24
7f9e492c365239a3_851,7f9e492c365239a3,R114792-03,W118892,AB24ROOM,22,-27,0,1,FAIL,8,8,32,0,851,0,2026-03-24T15:03:32Z,2026-03-24
7f9e492c365239a3_852,7f9e492c365239a3,R114792-03,W118892,AB24ROOM,23,-27,0,1,PASS,1,1,74,0,852,0,2026-03-24T15:03:32Z,2026-03-24
7f9e492c365239a3_853,7f9e492c365239a3,R114792-03,W118892,AB24ROOM,24,-27,0,1,PASS,1,1,72,0,853,0,2026-03-24T15:03:32Z,2026-03-24
7f9e492c365239a3_854,7f9e492c365239a3,R114792-03,W118892,AB24ROOM,25,-27,0,1,PASS,1,1,72,0,854,0,2026-03-24T15:03:32Z,2026-03-24
7f9e492c365239a3_855,7f9e492c365239a3,R114792-03,W118892,AB24ROOM,26,-27,0,1,FAIL,20,20,62,0,855,0,2026-03-24T15:03:32Z,2026-03-24
7f9e492c365239a3_856,7f9e492c365239a3,R114792-03,W118892,AB24ROOM,27,-27,0,1,PASS,1,1,74,0,856,0,2026-03-24T15:03:32Z,2026-03-24
7f9e492c365239a3_857,7f9e492c365239a3,R114792-03,W118892,AB24ROOM,28,-27,0,1,FAIL,20,20,44,0,857,0,2026-03-24T15:03:32Z,2026-03-24
7f9e492c365239a3_858,7f9e492c365239a3,R114792-03,W118892,AB24ROOM,29,-27,0,1,FAIL,8,8,32,0,858,0,2026-03-24T15:03:32Z,2026-03-24
7f9e492c365239a3_859,7f9e492c365239a3,R114792-03,W118892,AB24ROOM,30,-27,0,1,PASS,1,1,74,0,859,0,2026-03-24T15:03:32Z,2026-03-24
7f9e492c365239a3_860,7f9e492c365239a3,R114792-03,W118892,AB24ROOM,31,-27,0,1,PASS,1,1,72,0,860,0,2026-03-24T15:03:32Z,2026-03-24
7f9e492c365239a3_861,7f9e492c365239a3,R114792-03,W118892,AB24ROOM,32,-27,0,1,PASS,1,1,72,0,861,0,2026-03-24T15:03:32Z,2026-03-24
7f9e492c365239a3_862,7f9e492c365239a3,R114792-03,W118892,AB24ROOM,33,-27,0,1,PASS,1,1,72,0,862,0,2026-03-24T15:03:32Z,2026-03-24
7f9e492c365239a3_863,7f9e492c365239a3,R114792-03,W118892,AB24ROOM,34,-27,0,1,PASS,1,1,72,0,863,0,2026-03-24T15:03:32Z,2026-03-24
7f9e492c365239a3_864,7f9e492c365239a3,R114792-03,W118892,AB24ROOM,35,-27,0,1,PASS,1,1,72,0,864,0,2026-03-24T15:03:32Z,2026-03-24
7f9e492c365239a3_865,7f9e492c365239a3,R114792-03,W118892,AB24ROOM,36,-27,0,1,PASS,1,1,74,0,865,0,2026-03-24T15:03:32Z,2026-03-24
7f9e492c365239a3_866,7f9e492c365239a3,R114792-03,W118892,AB24ROOM,37,-27,0,1,PASS,1,1,72,0,866,0,2026-03-24T15:03:32Z,2026-03-24
7f9e492c365239a3_867,7f9e492c365239a3,R114792-03,W118892,AB24ROOM,38,-27,0,1,PASS,1,1,72,0,867,0,2026-03-24T15:03:32Z,2026-03-24
7f9e492c365239a3_868,7f9e492c365239a3,R114792-03,W118892,AB24ROOM,39,-27,0,1,PASS,1,1,72,0,868,0,2026-03-24T15:03:32Z,2026-03-24
7f9e492c365239a3_869,7f9e492c365239a3,R114792-03,W118892,AB24ROOM,40,-27,0,1,PASS,1,1,72,0,869,0,2026-03-24T15:03:32Z,2026-03-24
7f9e492c365239a3_870,7f9e492c365239a3,R114792-03,W118892,AB24ROOM,41,-27,0,1,PASS,1,1,72,0,870,0,2026-03-24T15:03:32Z,2026-03-24
7f9e492c365239a3_871,7f9e492c365239a3,R114792-03,W118892,AB24ROOM,42,-27,0,1,PASS,1,1,74,0,871,0,2026-03-24T15:03:32Z,2026-03-24
7f9e492c365239a3_872,7f9e492c365239a3,R114792-03,W118892,AB24ROOM,43,-27,0,1,PASS,1,1,72,0,872,0,2026-03-24T15:03:32Z,2026-03-24
7f9e492c365239a3_873,7f9e492c365239a3,R114792-03,W118892,AB24ROOM,44,-27,0,1,PASS,1,1,72,0,873,0,2026-03-24T15:03:32Z,2026-03-24
7f9e492c365239a3_874,7f9e492c365239a3,R114792-03,W118892,AB24ROOM,45,-27,0,1,PASS,1,1,72,0,874,0,2026-03-24T15:03:32Z,2026-03-24
7f9e492c365239a3_875,7f9e492c365239a3,R114792-03,W118892,AB24ROOM,45,-28,0,1,PASS,1,1,72,0,875,0,2026-03-24T15:03:32Z,2026-03-24
7f9e492c365239a3_876,7f9e492c365239a3,R114792-03,W118892,AB24ROOM,44,-28,0,1,PASS,1,1,72,0,876,0,2026-03-24T15:03:32Z,2026-03-24
7f9e492c365239a3_877,7f9e492c365239a3,R114792-03,W118892,AB24ROOM,43,-28,0,1,PASS,1,1,74,0,877,0,2026-03-24T15:03:32Z,2026-03-24
7f9e492c365239a3_878,7f9e492c365239a3,R114792-03,W118892,AB24ROOM,42,-28,0,1,PASS,1,1,72,0,878,0,2026-03-24T15:03:32Z,2026-03-24
7f9e492c365239a3_879,7f9e492c365239a3,R114792-03,W118892,AB24ROOM,41,-28,0,1,FAIL,8,8,32,0,879,0,2026-03-24T15:03:32Z,2026-03-24
7f9e492c365239a3_880,7f9e492c365239a3,R114792-03,W118892,AB24ROOM,40,-28,0,1,PASS,1,1,74,0,880,0,2026-03-24T15:03:32Z,2026-03-24
7f9e492c365239a3_881,7f9e492c365239a3,R114792-03,W118892,AB24ROOM,39,-28,0,1,PASS,1,1,72,0,881,0,2026-03-24T15:03:32Z,2026-03-24
7f9e492c365239a3_882,7f9e492c365239a3,R114792-03,W118892,AB24ROOM,38,-28,0,1,PASS,1,1,72,0,882,0,2026-03-24T15:03:32Z,2026-03-24
7f9e492c365239a3_883,7f9e492c365239a3,R114792-03,W118892,AB24ROOM,37,-28,0,1,PASS,1,1,72,0,883,0,2026-03-24T15:03:32Z,2026-03-24
7f9e492c365239a3_884,7f9e492c365239a3,R114792-03,W118892,AB24ROOM,36,-28,0,1,PASS,1,1,72,0,884,0,2026-03-24T15:03:32Z,2026-03-24
7f9e492c365239a3_885,7f9e492c365239a3,R114792-03,W118892,AB24ROOM,35,-28,0,1,PASS,1,1,72,0,885,0,2026-03-24T15:03:32Z,2026-03-24
7f9e492c365239a3_886,7f9e492c365239a3,R114792-03,W118892,AB24ROOM,34,-28,0,1,PASS,1,1,74,0,886,0,2026-03-24T15:03:32Z,2026-03-24
7f9e492c365239a3_887,7f9e492c365239a3,R114792-03,W118892,AB24ROOM,33,-28,0,1,PASS,1,1,72,0,887,0,2026-03-24T15:03:32Z,2026-03-24
7f9e492c365239a3_888,7f9e492c365239a3,R114792-03,W118892,AB24ROOM,32,-28,0,1,PASS,1,1,72,0,888,0,2026-03-24T15:03:32Z,2026-03-24
7f9e492c365239a3_889,7f9e492c365239a3,R114792-03,W118892,AB24ROOM,31,-28,0,1,PASS,1,1,72,0,889,0,2026-03-24T15:03:32Z,2026-03-24
7f9e492c365239a3_890,7f9e492c365239a3,R114792-03,W118892,AB24ROOM,30,-28,0,1,PASS,1,1,72,0,890,0,2026-03-24T15:03:32Z,2026-03-24
7f9e492c365239a3_891,7f9e492c365239a3,R114792-03,W118892,AB24ROOM,29,-28,0,1,PASS,1,1,54,0,891,0,2026-03-24T15:03:32Z,2026-03-24
7f9e492c365239a3_892,7f9e492c365239a3,R114792-03,W118892,AB24ROOM,28,-28,0,1,PASS,1,1,74,0,892,0,2026-03-24T15:03:32Z,2026-03-24
7f9e492c365239a3_893,7f9e492c365239a3,R114792-03,W118892,AB24ROOM,27,-28,0,1,PASS,1,1,72,0,893,0,2026-03-24T15:03:32Z,2026-03-24
7f9e492c365239a3_894,7f9e492c365239a3,R114792-03,W118892,AB24ROOM,26,-28,0,1,PASS,1,1,72,0,894,0,2026-03-24T15:03:32Z,2026-03-24
7f9e492c365239a3_895,7f9e492c365239a3,R114792-03,W118892,AB24ROOM,25,-28,0,1,PASS,1,1,72,0,895,0,2026-03-24T15:03:32Z,2026-03-24
7f9e492c365239a3_896,7f9e492c365239a3,R114792-03,W118892,AB24ROOM,24,-28,0,1,PASS,1,1,72,0,896,0,2026-03-24T15:03:32Z,2026-03-24
7f9e492c365239a3_897,7f9e492c365239a3,R114792-03,W118892,AB24ROOM,23,-28,0,1,PASS,1,1,72,0,897,0,2026-03-24T15:03:32Z,2026-03-24
7f9e492c365239a3_898,7f9e492c365239a3,R114792-03,W118892,AB24ROOM,22,-28,0,1,PASS,1,1,74,0,898,0,2026-03-24T15:03:32Z,2026-03-24
7f9e492c365239a3_899,7f9e492c365239a3,R114792-03,W118892,AB24ROOM,21,-28,0,1,PASS,1,1,72,0,899,0,2026-03-24T15:03:32Z,2026-03-24
7f9e492c365239a3_900,7f9e492c365239a3,R114792-03,W118892,AB24ROOM,20,-28,0,1,PASS,1,1,72,0,900,0,2026-03-24T15:03:32Z,2026-03-24
7f9e492c365239a3_901,7f9e492c365239a3,R114792-03,W118892,AB24ROOM,19,-28,0,1,PASS,1,1,72,0,901,0,2026-03-24T15:03:32Z,2026-03-24
7f9e492c365239a3_902,7f9e492c365239a3,R114792-03,W118892,AB24ROOM,18,-28,0,1,PASS,1,1,72,0,902,0,2026-03-24T15:03:32Z,2026-03-24
7f9e492c365239a3_903,7f9e492c365239a3,R114792-03,W118892,AB24ROOM,17,-28,0,1,PASS,1,1,72,0,903,0,2026-03-24T15:03:32Z,2026-03-24
7f9e492c365239a3_904,7f9e492c365239a3,R114792-03,W118892,AB24ROOM,16,-28,0,1,PASS,1,1,74,0,904,0,2026-03-24T15:03:32Z,2026-03-24
7f9e492c365239a3_905,7f9e492c365239a3,R114792-03,W118892,AB24ROOM,15,-28,0,1,FAIL,20,20,62,0,905,0,2026-03-24T15:03:32Z,2026-03-24
7f9e492c365239a3_906,7f9e492c365239a3,R114792-03,W118892,AB24ROOM,14,-28,0,1,PASS,1,1,74,0,906,0,2026-03-24T15:03:32Z,2026-03-24
7f9e492c365239a3_907,7f9e492c365239a3,R114792-03,W118892,AB24ROOM,13,-28,0,1,PASS,1,1,72,0,907,0,2026-03-24T15:03:32Z,2026-03-24
7f9e492c365239a3_908,7f9e492c365239a3,R114792-03,W118892,AB24ROOM,12,-28,0,1,PASS,1,1,72,0,908,0,2026-03-24T15:03:32Z,2026-03-24
7f9e492c365239a3_909,7f9e492c365239a3,R114792-03,W118892,AB24ROOM,11,-28,0,1,PASS,1,1,72,0,909,0,2026-03-24T15:03:32Z,2026-03-24
7f9e492c365239a3_910,7f9e492c365239a3,R114792-03,W118892,AB24ROOM,10,-28,0,1,PASS,1,1,72,0,910,0,2026-03-24T15:03:32Z,2026-03-24
7f9e492c365239a3_911,7f9e492c365239a3,R114792-03,W118892,AB24ROOM,9,-28,0,1,PASS,1,1,72,0,911,0,2026-03-24T15:03:32Z,2026-03-24
7f9e492c365239a3_912,7f9e492c365239a3,R114792-03,W118892,AB24ROOM,8,-28,0,1,PASS,1,1,74,0,912,0,2026-03-24T15:03:32Z,2026-03-24
7f9e492c365239a3_913,7f9e492c365239a3,R114792-03,W118892,AB24ROOM,7,-28,0,1,PASS,1,1,72,0,913,0,2026-03-24T15:03:32Z,2026-03-24
7f9e492c365239a3_914,7f9e492c365239a3,R114792-03,W118892,AB24ROOM,6,-28,0,1,PASS,1,1,72,0,914,0,2026-03-24T15:03:32Z,2026-03-24
7f9e492c365239a3_915,7f9e492c365239a3,R114792-03,W118892,AB24ROOM,5,-28,0,1,PASS,1,1,72,0,915,0,2026-03-24T15:03:32Z,2026-03-24
7f9e492c365239a3_916,7f9e492c365239a3,R114792-03,W118892,AB24ROOM,4,-28,0,1,FAIL,17,17,61,0,916,0,2026-03-24T15:03:32Z,2026-03-24
7f9e492c365239a3_917,7f9e492c365239a3,R114792-03,W118892,AB24ROOM,4,-29,0,1,FAIL,8,8,32,0,917,0,2026-03-24T15:03:32Z,2026-03-24
7f9e492c365239a3_918,7f9e492c365239a3,R114792-03,W118892,AB24ROOM,5,-29,0,1,FAIL,8,8,29,0,918,0,2026-03-24T15:03:32Z,2026-03-24
7f9e492c365239a3_919,7f9e492c365239a3,R114792-03,W118892,AB24ROOM,6,-29,0,1,PASS,1,1,74,0,919,0,2026-03-24T15:03:32Z,2026-03-24
7f9e492c365239a3_920,7f9e492c365239a3,R114792-03,W118892,AB24ROOM,7,-29,0,1,PASS,1,1,72,0,920,0,2026-03-24T15:03:32Z,2026-03-24
7f9e492c365239a3_921,7f9e492c365239a3,R114792-03,W118892,AB24ROOM,8,-29,0,1,PASS,1,1,72,0,921,0,2026-03-24T15:03:32Z,2026-03-24
7f9e492c365239a3_922,7f9e492c365239a3,R114792-03,W118892,AB24ROOM,9,-29,0,1,PASS,1,1,72,0,922,0,2026-03-24T15:03:32Z,2026-03-24
7f9e492c365239a3_923,7f9e492c365239a3,R114792-03,W118892,AB24ROOM,10,-29,0,1,PASS,1,1,72,0,923,0,2026-03-24T15:03:32Z,2026-03-24
7f9e492c365239a3_924,7f9e492c365239a3,R114792-03,W118892,AB24ROOM,11,-29,0,1,PASS,1,1,72,0,924,0,2026-03-24T15:03:32Z,2026-03-24
7f9e492c365239a3_925,7f9e492c365239a3,R114792-03,W118892,AB24ROOM,12,-29,0,1,PASS,1,1,56,0,925,0,2026-03-24T15:03:32Z,2026-03-24
7f9e492c365239a3_926,7f9e492c365239a3,R114792-03,W118892,AB24ROOM,13,-29,0,1,PASS,1,1,72,0,926,0,2026-03-24T15:03:32Z,2026-03-24
7f9e492c365239a3_927,7f9e492c365239a3,R114792-03,W118892,AB24ROOM,14,-29,0,1,PASS,1,1,72,0,927,0,2026-03-24T15:03:32Z,2026-03-24
7f9e492c365239a3_928,7f9e492c365239a3,R114792-03,W118892,AB24ROOM,15,-29,0,1,PASS,1,1,72,0,928,0,2026-03-24T15:03:32Z,2026-03-24
7f9e492c365239a3_929,7f9e492c365239a3,R114792-03,W118892,AB24ROOM,16,-29,0,1,PASS,1,1,72,0,929,0,2026-03-24T15:03:32Z,2026-03-24
7f9e492c365239a3_930,7f9e492c365239a3,R114792-03,W118892,AB24ROOM,17,-29,0,1,FAIL,8,8,32,0,930,0,2026-03-24T15:03:32Z,2026-03-24
7f9e492c365239a3_931,7f9e492c365239a3,R114792-03,W118892,AB24ROOM,18,-29,0,1,PASS,1,1,74,0,931,0,2026-03-24T15:03:32Z,2026-03-24
7f9e492c365239a3_932,7f9e492c365239a3,R114792-03,W118892,AB24ROOM,19,-29,0,1,PASS,1,1,72,0,932,0,2026-03-24T15:03:32Z,2026-03-24
7f9e492c365239a3_933,7f9e492c365239a3,R114792-03,W118892,AB24ROOM,20,-29,0,1,PASS,1,1,72,0,933,0,2026-03-24T15:03:32Z,2026-03-24
7f9e492c365239a3_934,7f9e492c365239a3,R114792-03,W118892,AB24ROOM,21,-29,0,1,FAIL,8,8,32,0,934,0,2026-03-24T15:03:32Z,2026-03-24
7f9e492c365239a3_935,7f9e492c365239a3,R114792-03,W118892,AB24ROOM,22,-29,0,1,PASS,1,1,74,0,935,0,2026-03-24T15:03:32Z,2026-03-24
7f9e492c365239a3_936,7f9e492c365239a3,R114792-03,W118892,AB24ROOM,23,-29,0,1,PASS,1,1,72,0,936,0,2026-03-24T15:03:32Z,2026-03-24
7f9e492c365239a3_937,7f9e492c365239a3,R114792-03,W118892,AB24ROOM,24,-29,0,1,PASS,1,1,72,0,937,0,2026-03-24T15:03:32Z,2026-03-24
7f9e492c365239a3_938,7f9e492c365239a3,R114792-03,W118892,AB24ROOM,25,-29,0,1,PASS,1,1,72,0,938,0,2026-03-24T15:03:32Z,2026-03-24
7f9e492c365239a3_939,7f9e492c365239a3,R114792-03,W118892,AB24ROOM,26,-29,0,1,PASS,1,1,72,0,939,0,2026-03-24T15:03:32Z,2026-03-24
7f9e492c365239a3_940,7f9e492c365239a3,R114792-03,W118892,AB24ROOM,27,-29,0,1,PASS,1,1,72,0,940,0,2026-03-24T15:03:32Z,2026-03-24
7f9e492c365239a3_941,7f9e492c365239a3,R114792-03,W118892,AB24ROOM,28,-29,0,1,PASS,1,1,74,0,941,0,2026-03-24T15:03:32Z,2026-03-24
7f9e492c365239a3_942,7f9e492c365239a3,R114792-03,W118892,AB24ROOM,29,-29,0,1,PASS,1,1,72,0,942,0,2026-03-24T15:03:32Z,2026-03-24
7f9e492c365239a3_943,7f9e492c365239a3,R114792-03,W118892,AB24ROOM,30,-29,0,1,FAIL,20,20,62,0,943,0,2026-03-24T15:03:32Z,2026-03-24
7f9e492c365239a3_944,7f9e492c365239a3,R114792-03,W118892,AB24ROOM,31,-29,0,1,PASS,1,1,74,0,944,0,2026-03-24T15:03:32Z,2026-03-24
7f9e492c365239a3_945,7f9e492c365239a3,R114792-03,W118892,AB24ROOM,32,-29,0,1,FAIL,20,20,62,0,945,0,2026-03-24T15:03:32Z,2026-03-24
7f9e492c365239a3_946,7f9e492c365239a3,R114792-03,W118892,AB24ROOM,33,-29,0,1,PASS,1,1,74,0,946,0,2026-03-24T15:03:32Z,2026-03-24
7f9e492c365239a3_947,7f9e492c365239a3,R114792-03,W118892,AB24ROOM,34,-29,0,1,PASS,1,1,72,0,947,0,2026-03-24T15:03:32Z,2026-03-24
7f9e492c365239a3_948,7f9e492c365239a3,R114792-03,W118892,AB24ROOM,35,-29,0,1,PASS,1,1,72,0,948,0,2026-03-24T15:03:32Z,2026-03-24
7f9e492c365239a3_949,7f9e492c365239a3,R114792-03,W118892,AB24ROOM,36,-29,0,1,FAIL,8,8,32,0,949,0,2026-03-24T15:03:32Z,2026-03-24
7f9e492c365239a3_950,7f9e492c365239a3,R114792-03,W118892,AB24ROOM,37,-29,0,1,PASS,1,1,74,0,950,0,2026-03-24T15:03:32Z,2026-03-24
7f9e492c365239a3_951,7f9e492c365239a3,R114792-03,W118892,AB24ROOM,38,-29,0,1,PASS,1,1,72,0,951,0,2026-03-24T15:03:32Z,2026-03-24
7f9e492c365239a3_952,7f9e492c365239a3,R114792-03,W118892,AB24ROOM,39,-29,0,1,PASS,1,1,72,0,952,0,2026-03-24T15:03:32Z,2026-03-24
7f9e492c365239a3_953,7f9e492c365239a3,R114792-03,W118892,AB24ROOM,40,-29,0,1,PASS,1,1,72,0,953,0,2026-03-24T15:03:32Z,2026-03-24
7f9e492c365239a3_954,7f9e492c365239a3,R114792-03,W118892,AB24ROOM,41,-29,0,1,PASS,1,1,72,0,954,0,2026-03-24T15:03:32Z,2026-03-24
7f9e492c365239a3_955,7f9e492c365239a3,R114792-03,W118892,AB24ROOM,42,-29,0,1,FAIL,20,20,62,0,955,0,2026-03-24T15:03:32Z,2026-03-24
7f9e492c365239a3_956,7f9e492c365239a3,R114792-03,W118892,AB24ROOM,43,-29,0,1,PASS,1,1,74,0,956,0,2026-03-24T15:03:32Z,2026-03-24
7f9e492c365239a3_957,7f9e492c365239a3,R114792-03,W118892,AB24ROOM,44,-29,0,1,PASS,1,1,72,0,957,0,2026-03-24T15:03:32Z,2026-03-24
7f9e492c365239a3_958,7f9e492c365239a3,R114792-03,W118892,AB24ROOM,45,-29,0,1,PASS,1,1,72,0,958,0,2026-03-24T15:03:32Z,2026-03-24
7f9e492c365239a3_959,7f9e492c365239a3,R114792-03,W118892,AB24ROOM,45,-30,0,1,PASS,1,1,72,0,959,0,2026-03-24T15:03:32Z,2026-03-24
7f9e492c365239a3_960,7f9e492c365239a3,R114792-03,W118892,AB24ROOM,44,-30,0,1,PASS,1,1,72,0,960,0,2026-03-24T15:03:32Z,2026-03-24
7f9e492c365239a3_961,7f9e492c365239a3,R114792-03,W118892,AB24ROOM,43,-30,0,1,PASS,1,1,72,0,961,0,2026-03-24T15:03:32Z,2026-03-24
7f9e492c365239a3_962,7f9e492c365239a3,R114792-03,W118892,AB24ROOM,42,-30,0,1,PASS,1,1,74,0,962,0,2026-03-24T15:03:32Z,2026-03-24
7f9e492c365239a3_963,7f9e492c365239a3,R114792-03,W118892,AB24ROOM,41,-30,0,1,PASS,1,1,72,0,963,0,2026-03-24T15:03:32Z,2026-03-24
7f9e492c365239a3_964,7f9e492c365239a3,R114792-03,W118892,AB24ROOM,40,-30,0,1,FAIL,8,8,32,0,964,0,2026-03-24T15:03:32Z,2026-03-24
7f9e492c365239a3_965,7f9e492c365239a3,R114792-03,W118892,AB24ROOM,39,-30,0,1,PASS,1,1,74,0,965,0,2026-03-24T15:03:32Z,2026-03-24
7f9e492c365239a3_966,7f9e492c365239a3,R114792-03,W118892,AB24ROOM,38,-30,0,1,PASS,1,1,72,0,966,0,2026-03-24T15:03:32Z,2026-03-24
7f9e492c365239a3_967,7f9e492c365239a3,R114792-03,W118892,AB24ROOM,37,-30,0,1,PASS,1,1,72,0,967,0,2026-03-24T15:03:32Z,2026-03-24
7f9e492c365239a3_968,7f9e492c365239a3,R114792-03,W118892,AB24ROOM,36,-30,0,1,PASS,1,1,72,0,968,0,2026-03-24T15:03:32Z,2026-03-24
7f9e492c365239a3_969,7f9e492c365239a3,R114792-03,W118892,AB24ROOM,35,-30,0,1,PASS,1,1,72,0,969,0,2026-03-24T15:03:32Z,2026-03-24
7f9e492c365239a3_970,7f9e492c365239a3,R114792-03,W118892,AB24ROOM,34,-30,0,1,PASS,1,1,72,0,970,0,2026-03-24T15:03:32Z,2026-03-24
7f9e492c365239a3_971,7f9e492c365239a3,R114792-03,W118892,AB24ROOM,33,-30,0,1,PASS,1,1,74,0,971,0,2026-03-24T15:03:32Z,2026-03-24
7f9e492c365239a3_972,7f9e492c365239a3,R114792-03,W118892,AB24ROOM,32,-30,0,1,PASS,1,1,72,0,972,0,2026-03-24T15:03:32Z,2026-03-24
7f9e492c365239a3_973,7f9e492c365239a3,R114792-03,W118892,AB24ROOM,31,-30,0,1,PASS,1,1,72,0,973,0,2026-03-24T15:03:32Z,2026-03-24
7f9e492c365239a3_974,7f9e492c365239a3,R114792-03,W118892,AB24ROOM,30,-30,0,1,PASS,1,1,72,0,974,0,2026-03-24T15:03:32Z,2026-03-24
7f9e492c365239a3_975,7f9e492c365239a3,R114792-03,W118892,AB24ROOM,29,-30,0,1,PASS,1,1,72,0,975,0,2026-03-24T15:03:32Z,2026-03-24
7f9e492c365239a3_976,7f9e492c365239a3,R114792-03,W118892,AB24ROOM,28,-30,0,1,PASS,1,1,72,0,976,0,2026-03-24T15:03:32Z,2026-03-24
7f9e492c365239a3_977,7f9e492c365239a3,R114792-03,W118892,AB24ROOM,27,-30,0,1,PASS,1,1,74,0,977,0,2026-03-24T15:03:32Z,2026-03-24
7f9e492c365239a3_978,7f9e492c365239a3,R114792-03,W118892,AB24ROOM,26,-30,0,1,FAIL,20,20,62,0,978,0,2026-03-24T15:03:32Z,2026-03-24
7f9e492c365239a3_979,7f9e492c365239a3,R114792-03,W118892,AB24ROOM,25,-30,0,1,PASS,1,1,74,0,979,0,2026-03-24T15:03:32Z,2026-03-24
7f9e492c365239a3_980,7f9e492c365239a3,R114792-03,W118892,AB24ROOM,24,-30,0,1,PASS,1,1,72,0,980,0,2026-03-24T15:03:32Z,2026-03-24
7f9e492c365239a3_981,7f9e492c365239a3,R114792-03,W118892,AB24ROOM,23,-30,0,1,PASS,1,1,72,0,981,0,2026-03-24T15:03:32Z,2026-03-24
7f9e492c365239a3_982,7f9e492c365239a3,R114792-03,W118892,AB24ROOM,22,-30,0,1,PASS,1,1,72,0,982,0,2026-03-24T15:03:32Z,2026-03-24
7f9e492c365239a3_983,7f9e492c365239a3,R114792-03,W118892,AB24ROOM,21,-30,0,1,PASS,1,1,72,0,983,0,2026-03-24T15:03:32Z,2026-03-24
7f9e492c365239a3_984,7f9e492c365239a3,R114792-03,W118892,AB24ROOM,20,-30,0,1,PASS,1,1,72,0,984,0,2026-03-24T15:03:32Z,2026-03-24
7f9e492c365239a3_985,7f9e492c365239a3,R114792-03,W118892,AB24ROOM,19,-30,0,1,PASS,1,1,74,0,985,0,2026-03-24T15:03:32Z,2026-03-24
7f9e492c365239a3_986,7f9e492c365239a3,R114792-03,W118892,AB24ROOM,18,-30,0,1,PASS,1,1,72,0,986,0,2026-03-24T15:03:32Z,2026-03-24
7f9e492c365239a3_987,7f9e492c365239a3,R114792-03,W118892,AB24ROOM,17,-30,0,1,FAIL,10,10,11,0,987,0,2026-03-24T15:03:32Z,2026-03-24
7f9e492c365239a3_988,7f9e492c365239a3,R114792-03,W118892,AB24ROOM,16,-30,0,1,PASS,1,1,74,0,988,0,2026-03-24T15:03:32Z,2026-03-24
7f9e492c365239a3_989,7f9e492c365239a3,R114792-03,W118892,AB24ROOM,15,-30,0,1,PASS,1,1,72,0,989,0,2026-03-24T15:03:32Z,2026-03-24
7f9e492c365239a3_990,7f9e492c365239a3,R114792-03,W118892,AB24ROOM,14,-30,0,1,PASS,1,1,72,0,990,0,2026-03-24T15:03:32Z,2026-03-24
7f9e492c365239a3_991,7f9e492c365239a3,R114792-03,W118892,AB24ROOM,13,-30,0,1,PASS,1,1,72,0,991,0,2026-03-24T15:03:32Z,2026-03-24
7f9e492c365239a3_992,7f9e492c365239a3,R114792-03,W118892,AB24ROOM,12,-30,0,1,PASS,1,1,72,0,992,0,2026-03-24T15:03:32Z,2026-03-24
7f9e492c365239a3_993,7f9e492c365239a3,R114792-03,W118892,AB24ROOM,11,-30,0,1,PASS,1,1,72,0,993,0,2026-03-24T15:03:32Z,2026-03-24
7f9e492c365239a3_994,7f9e492c365239a3,R114792-03,W118892,AB24ROOM,10,-30,0,1,PASS,1,1,74,0,994,0,2026-03-24T15:03:32Z,2026-03-24
7f9e492c365239a3_995,7f9e492c365239a3,R114792-03,W118892,AB24ROOM,9,-30,0,1,PASS,1,1,72,0,995,0,2026-03-24T15:03:32Z,2026-03-24
7f9e492c365239a3_996,7f9e492c365239a3,R114792-03,W118892,AB24ROOM,8,-30,0,1,PASS,1,1,72,0,996,0,2026-03-24T15:03:32Z,2026-03-24
7f9e492c365239a3_997,7f9e492c365239a3,R114792-03,W118892,AB24ROOM,7,-30,0,1,PASS,1,1,72,0,997,0,2026-03-24T15:03:32Z,2026-03-24
7f9e492c365239a3_998,7f9e492c365239a3,R114792-03,W118892,AB24ROOM,6,-30,0,1,PASS,1,1,72,0,998,0,2026-03-24T15:03:32Z,2026-03-24
7f9e492c365239a3_999,7f9e492c365239a3,R114792-03,W118892,AB24ROOM,5,-30,0,1,PASS,1,1,72,0,999,0,2026-03-24T15:03:32Z,2026-03-24
7f9e492c365239a3_1000,7f9e492c365239a3,R114792-03,W118892,AB24ROOM,4,-30,0,1,PASS,1,1,74,0,1000,0,2026-03-24T15:03:32Z,2026-03-24
7f9e492c365239a3_1001,7f9e492c365239a3,R114792-03,W118892,AB24ROOM,5,-31,0,1,PASS,1,1,72,0,1001,0,2026-03-24T15:03:32Z,2026-03-24
7f9e492c365239a3_1002,7f9e492c365239a3,R114792-03,W118892,AB24ROOM,6,-31,0,1,PASS,1,1,72,0,1002,0,2026-03-24T15:03:32Z,2026-03-24
7f9e492c365239a3_1003,7f9e492c365239a3,R114792-03,W118892,AB24ROOM,7,-31,0,1,PASS,1,1,72,0,1003,0,2026-03-24T15:03:32Z,2026-03-24
7f9e492c365239a3_1004,7f9e492c365239a3,R114792-03,W118892,AB24ROOM,8,-31,0,1,PASS,1,1,72,0,1004,0,2026-03-24T15:03:32Z,2026-03-24
7f9e492c365239a3_1005,7f9e492c365239a3,R114792-03,W118892,AB24ROOM,9,-31,0,1,PASS,1,1,72,0,1005,0,2026-03-24T15:03:32Z,2026-03-24
7f9e492c365239a3_1006,7f9e492c365239a3,R114792-03,W118892,AB24ROOM,10,-31,0,1,PASS,1,1,74,0,1006,0,2026-03-24T15:03:32Z,2026-03-24
7f9e492c365239a3_1007,7f9e492c365239a3,R114792-03,W118892,AB24ROOM,11,-31,0,1,PASS,1,1,72,0,1007,0,2026-03-24T15:03:32Z,2026-03-24
7f9e492c365239a3_1008,7f9e492c365239a3,R114792-03,W118892,AB24ROOM,12,-31,0,1,PASS,1,1,72,0,1008,0,2026-03-24T15:03:32Z,2026-03-24
7f9e492c365239a3_1009,7f9e492c365239a3,R114792-03,W118892,AB24ROOM,13,-31,0,1,PASS,1,1,72,0,1009,0,2026-03-24T15:03:32Z,2026-03-24
7f9e492c365239a3_1010,7f9e492c365239a3,R114792-03,W118892,AB24ROOM,14,-31,0,1,FAIL,10,10,11,0,1010,0,2026-03-24T15:03:32Z,2026-03-24
7f9e492c365239a3_1011,7f9e492c365239a3,R114792-03,W118892,AB24ROOM,15,-31,0,1,FAIL,10,10,11,0,1011,0,2026-03-24T15:03:32Z,2026-03-24
7f9e492c365239a3_1012,7f9e492c365239a3,R114792-03,W118892,AB24ROOM,16,-31,0,1,PASS,1,1,74,0,1012,0,2026-03-24T15:03:32Z,2026-03-24
7f9e492c365239a3_1013,7f9e492c365239a3,R114792-03,W118892,AB24ROOM,17,-31,0,1,FAIL,2,2,54,0,1013,0,2026-03-24T15:03:32Z,2026-03-24
7f9e492c365239a3_1014,7f9e492c365239a3,R114792-03,W118892,AB24ROOM,18,-31,0,1,PASS,1,1,74,0,1014,0,2026-03-24T15:03:32Z,2026-03-24
7f9e492c365239a3_1015,7f9e492c365239a3,R114792-03,W118892,AB24ROOM,19,-31,0,1,PASS,1,1,72,0,1015,0,2026-03-24T15:03:32Z,2026-03-24
7f9e492c365239a3_1016,7f9e492c365239a3,R114792-03,W118892,AB24ROOM,20,-31,0,1,PASS,1,1,72,0,1016,0,2026-03-24T15:03:32Z,2026-03-24
7f9e492c365239a3_1017,7f9e492c365239a3,R114792-03,W118892,AB24ROOM,21,-31,0,1,PASS,1,1,72,0,1017,0,2026-03-24T15:03:32Z,2026-03-24
7f9e492c365239a3_1018,7f9e492c365239a3,R114792-03,W118892,AB24ROOM,22,-31,0,1,PASS,1,1,72,0,1018,0,2026-03-24T15:03:32Z,2026-03-24
7f9e492c365239a3_1019,7f9e492c365239a3,R114792-03,W118892,AB24ROOM,23,-31,0,1,PASS,1,1,72,0,1019,0,2026-03-24T15:03:32Z,2026-03-24
7f9e492c365239a3_1020,7f9e492c365239a3,R114792-03,W118892,AB24ROOM,24,-31,0,1,PASS,1,1,74,0,1020,0,2026-03-24T15:03:32Z,2026-03-24
7f9e492c365239a3_1021,7f9e492c365239a3,R114792-03,W118892,AB24ROOM,25,-31,0,1,PASS,1,1,72,0,1021,0,2026-03-24T15:03:32Z,2026-03-24
7f9e492c365239a3_1022,7f9e492c365239a3,R114792-03,W118892,AB24ROOM,26,-31,0,1,PASS,1,1,54,0,1022,0,2026-03-24T15:03:32Z,2026-03-24
7f9e492c365239a3_1023,7f9e492c365239a3,R114792-03,W118892,AB24ROOM,27,-31,0,1,PASS,1,1,72,0,1023,0,2026-03-24T15:03:32Z,2026-03-24
7f9e492c365239a3_1024,7f9e492c365239a3,R114792-03,W118892,AB24ROOM,28,-31,0,1,PASS,1,1,72,0,1024,0,2026-03-24T15:03:32Z,2026-03-24
7f9e492c365239a3_1025,7f9e492c365239a3,R114792-03,W118892,AB24ROOM,29,-31,0,1,PASS,1,1,72,0,1025,0,2026-03-24T15:03:32Z,2026-03-24
7f9e492c365239a3_1026,7f9e492c365239a3,R114792-03,W118892,AB24ROOM,30,-31,0,1,PASS,1,1,74,0,1026,0,2026-03-24T15:03:32Z,2026-03-24
7f9e492c365239a3_1027,7f9e492c365239a3,R114792-03,W118892,AB24ROOM,31,-31,0,1,FAIL,8,8,32,0,1027,0,2026-03-24T15:03:32Z,2026-03-24
7f9e492c365239a3_1028,7f9e492c365239a3,R114792-03,W118892,AB24ROOM,32,-31,0,1,PASS,1,1,74,0,1028,0,2026-03-24T15:03:32Z,2026-03-24
7f9e492c365239a3_1029,7f9e492c365239a3,R114792-03,W118892,AB24ROOM,33,-31,0,1,PASS,1,1,72,0,1029,0,2026-03-24T15:03:32Z,2026-03-24
7f9e492c365239a3_1030,7f9e492c365239a3,R114792-03,W118892,AB24ROOM,34,-31,0,1,PASS,1,1,72,0,1030,0,2026-03-24T15:03:32Z,2026-03-24
7f9e492c365239a3_1031,7f9e492c365239a3,R114792-03,W118892,AB24ROOM,35,-31,0,1,PASS,1,1,72,0,1031,0,2026-03-24T15:03:32Z,2026-03-24
7f9e492c365239a3_1032,7f9e492c365239a3,R114792-03,W118892,AB24ROOM,36,-31,0,1,PASS,1,1,72,0,1032,0,2026-03-24T15:03:32Z,2026-03-24
7f9e492c365239a3_1033,7f9e492c365239a3,R114792-03,W118892,AB24ROOM,37,-31,0,1,PASS,1,1,72,0,1033,0,2026-03-24T15:03:32Z,2026-03-24
7f9e492c365239a3_1034,7f9e492c365239a3,R114792-03,W118892,AB24ROOM,38,-31,0,1,PASS,1,1,74,0,1034,0,2026-03-24T15:03:32Z,2026-03-24
7f9e492c365239a3_1035,7f9e492c365239a3,R114792-03,W118892,AB24ROOM,39,-31,0,1,FAIL,20,20,62,0,1035,0,2026-03-24T15:03:32Z,2026-03-24
7f9e492c365239a3_1036,7f9e492c365239a3,R114792-03,W118892,AB24ROOM,40,-31,0,1,PASS,1,1,74,0,1036,0,2026-03-24T15:03:32Z,2026-03-24
7f9e492c365239a3_1037,7f9e492c365239a3,R114792-03,W118892,AB24ROOM,41,-31,0,1,PASS,1,1,72,0,1037,0,2026-03-24T15:03:32Z,2026-03-24
7f9e492c365239a3_1038,7f9e492c365239a3,R114792-03,W118892,AB24ROOM,42,-31,0,1,PASS,1,1,72,0,1038,0,2026-03-24T15:03:32Z,2026-03-24
7f9e492c365239a3_1039,7f9e492c365239a3,R114792-03,W118892,AB24ROOM,43,-31,0,1,PASS,1,1,72,0,1039,0,2026-03-24T15:03:32Z,2026-03-24
7f9e492c365239a3_1040,7f9e492c365239a3,R114792-03,W118892,AB24ROOM,44,-31,0,1,PASS,1,1,72,0,1040,0,2026-03-24T15:03:32Z,2026-03-24
7f9e492c365239a3_1041,7f9e492c365239a3,R114792-03,W118892,AB24ROOM,45,-31,0,1,PASS,1,1,72,0,1041,0,2026-03-24T15:03:32Z,2026-03-24
7f9e492c365239a3_1042,7f9e492c365239a3,R114792-03,W118892,AB24ROOM,45,-32,0,1,PASS,1,1,74,0,1042,0,2026-03-24T15:03:32Z,2026-03-24
7f9e492c365239a3_1043,7f9e492c365239a3,R114792-03,W118892,AB24ROOM,44,-32,0,1,PASS,1,1,72,0,1043,0,2026-03-24T15:03:32Z,2026-03-24
7f9e492c365239a3_1044,7f9e492c365239a3,R114792-03,W118892,AB24ROOM,43,-32,0,1,PASS,1,1,72,0,1044,0,2026-03-24T15:03:32Z,2026-03-24
7f9e492c365239a3_1045,7f9e492c365239a3,R114792-03,W118892,AB24ROOM,42,-32,0,1,PASS,1,1,72,0,1045,0,2026-03-24T15:03:32Z,2026-03-24
7f9e492c365239a3_1046,7f9e492c365239a3,R114792-03,W118892,AB24ROOM,41,-32,0,1,PASS,1,1,72,0,1046,0,2026-03-24T15:03:32Z,2026-03-24
7f9e492c365239a3_1047,7f9e492c365239a3,R114792-03,W118892,AB24ROOM,40,-32,0,1,PASS,1,1,54,0,1047,0,2026-03-24T15:03:32Z,2026-03-24
7f9e492c365239a3_1048,7f9e492c365239a3,R114792-03,W118892,AB24ROOM,39,-32,0,1,PASS,1,1,74,0,1048,0,2026-03-24T15:03:32Z,2026-03-24
7f9e492c365239a3_1049,7f9e492c365239a3,R114792-03,W118892,AB24ROOM,38,-32,0,1,PASS,1,1,72,0,1049,0,2026-03-24T15:03:32Z,2026-03-24
7f9e492c365239a3_1050,7f9e492c365239a3,R114792-03,W118892,AB24ROOM,37,-32,0,1,PASS,1,1,72,0,1050,0,2026-03-24T15:03:32Z,2026-03-24
7f9e492c365239a3_1051,7f9e492c365239a3,R114792-03,W118892,AB24ROOM,36,-32,0,1,PASS,1,1,72,0,1051,0,2026-03-24T15:03:32Z,2026-03-24
7f9e492c365239a3_1052,7f9e492c365239a3,R114792-03,W118892,AB24ROOM,35,-32,0,1,PASS,1,1,72,0,1052,0,2026-03-24T15:03:32Z,2026-03-24
7f9e492c365239a3_1053,7f9e492c365239a3,R114792-03,W118892,AB24ROOM,34,-32,0,1,PASS,1,1,72,0,1053,0,2026-03-24T15:03:32Z,2026-03-24
7f9e492c365239a3_1054,7f9e492c365239a3,R114792-03,W118892,AB24ROOM,33,-32,0,1,PASS,1,1,74,0,1054,0,2026-03-24T15:03:32Z,2026-03-24
7f9e492c365239a3_1055,7f9e492c365239a3,R114792-03,W118892,AB24ROOM,32,-32,0,1,FAIL,20,20,62,0,1055,0,2026-03-24T15:03:32Z,2026-03-24
7f9e492c365239a3_1056,7f9e492c365239a3,R114792-03,W118892,AB24ROOM,31,-32,0,1,PASS,1,1,74,0,1056,0,2026-03-24T15:03:32Z,2026-03-24
7f9e492c365239a3_1057,7f9e492c365239a3,R114792-03,W118892,AB24ROOM,30,-32,0,1,PASS,1,1,72,0,1057,0,2026-03-24T15:03:32Z,2026-03-24
7f9e492c365239a3_1058,7f9e492c365239a3,R114792-03,W118892,AB24ROOM,29,-32,0,1,PASS,1,1,72,0,1058,0,2026-03-24T15:03:32Z,2026-03-24
7f9e492c365239a3_1059,7f9e492c365239a3,R114792-03,W118892,AB24ROOM,28,-32,0,1,FAIL,20,20,62,0,1059,0,2026-03-24T15:03:32Z,2026-03-24
7f9e492c365239a3_1060,7f9e492c365239a3,R114792-03,W118892,AB24ROOM,27,-32,0,1,PASS,1,1,74,0,1060,0,2026-03-24T15:03:32Z,2026-03-24
7f9e492c365239a3_1061,7f9e492c365239a3,R114792-03,W118892,AB24ROOM,26,-32,0,1,PASS,1,1,72,0,1061,0,2026-03-24T15:03:32Z,2026-03-24
7f9e492c365239a3_1062,7f9e492c365239a3,R114792-03,W118892,AB24ROOM,25,-32,0,1,FAIL,20,20,62,0,1062,0,2026-03-24T15:03:32Z,2026-03-24
7f9e492c365239a3_1063,7f9e492c365239a3,R114792-03,W118892,AB24ROOM,24,-32,0,1,FAIL,2,2,39,0,1063,0,2026-03-24T15:03:32Z,2026-03-24
7f9e492c365239a3_1064,7f9e492c365239a3,R114792-03,W118892,AB24ROOM,23,-32,0,1,FAIL,20,20,64,0,1064,0,2026-03-24T15:03:32Z,2026-03-24
7f9e492c365239a3_1065,7f9e492c365239a3,R114792-03,W118892,AB24ROOM,22,-32,0,1,PASS,1,1,74,0,1065,0,2026-03-24T15:03:32Z,2026-03-24
7f9e492c365239a3_1066,7f9e492c365239a3,R114792-03,W118892,AB24ROOM,21,-32,0,1,PASS,1,1,72,0,1066,0,2026-03-24T15:03:32Z,2026-03-24
7f9e492c365239a3_1067,7f9e492c365239a3,R114792-03,W118892,AB24ROOM,20,-32,0,1,FAIL,8,8,32,0,1067,0,2026-03-24T15:03:32Z,2026-03-24
7f9e492c365239a3_1068,7f9e492c365239a3,R114792-03,W118892,AB24ROOM,19,-32,0,1,PASS,1,1,74,0,1068,0,2026-03-24T15:03:32Z,2026-03-24
7f9e492c365239a3_1069,7f9e492c365239a3,R114792-03,W118892,AB24ROOM,18,-32,0,1,FAIL,2,2,51,0,1069,0,2026-03-24T15:03:32Z,2026-03-24
7f9e492c365239a3_1070,7f9e492c365239a3,R114792-03,W118892,AB24ROOM,17,-32,0,1,PASS,1,1,74,0,1070,0,2026-03-24T15:03:32Z,2026-03-24
7f9e492c365239a3_1071,7f9e492c365239a3,R114792-03,W118892,AB24ROOM,16,-32,0,1,PASS,1,1,72,0,1071,0,2026-03-24T15:03:32Z,2026-03-24
7f9e492c365239a3_1072,7f9e492c365239a3,R114792-03,W118892,AB24ROOM,15,-32,0,1,PASS,1,1,72,0,1072,0,2026-03-24T15:03:32Z,2026-03-24
7f9e492c365239a3_1073,7f9e492c365239a3,R114792-03,W118892,AB24ROOM,14,-32,0,1,PASS,1,1,72,0,1073,0,2026-03-24T15:03:32Z,2026-03-24
7f9e492c365239a3_1074,7f9e492c365239a3,R114792-03,W118892,AB24ROOM,13,-32,0,1,PASS,1,1,72,0,1074,0,2026-03-24T15:03:32Z,2026-03-24
7f9e492c365239a3_1075,7f9e492c365239a3,R114792-03,W118892,AB24ROOM,12,-32,0,1,PASS,1,1,72,0,1075,0,2026-03-24T15:03:32Z,2026-03-24
7f9e492c365239a3_1076,7f9e492c365239a3,R114792-03,W118892,AB24ROOM,11,-32,0,1,PASS,1,1,74,0,1076,0,2026-03-24T15:03:32Z,2026-03-24
7f9e492c365239a3_1077,7f9e492c365239a3,R114792-03,W118892,AB24ROOM,10,-32,0,1,PASS,1,1,72,0,1077,0,2026-03-24T15:03:32Z,2026-03-24
7f9e492c365239a3_1078,7f9e492c365239a3,R114792-03,W118892,AB24ROOM,9,-32,0,1,PASS,1,1,72,0,1078,0,2026-03-24T15:03:32Z,2026-03-24
7f9e492c365239a3_1079,7f9e492c365239a3,R114792-03,W118892,AB24ROOM,8,-32,0,1,PASS,1,1,72,0,1079,0,2026-03-24T15:03:32Z,2026-03-24
7f9e492c365239a3_1080,7f9e492c365239a3,R114792-03,W118892,AB24ROOM,7,-32,0,1,PASS,1,1,72,0,1080,0,2026-03-24T15:03:32Z,2026-03-24
7f9e492c365239a3_1081,7f9e492c365239a3,R114792-03,W118892,AB24ROOM,6,-32,0,1,PASS,1,1,72,0,1081,0,2026-03-24T15:03:32Z,2026-03-24
7f9e492c365239a3_1082,7f9e492c365239a3,R114792-03,W118892,AB24ROOM,5,-32,0,1,PASS,1,1,74,0,1082,0,2026-03-24T15:03:32Z,2026-03-24
7f9e492c365239a3_1083,7f9e492c365239a3,R114792-03,W118892,AB24ROOM,5,-33,0,1,FAIL,5,5,1,0,1083,0,2026-03-24T15:03:32Z,2026-03-24
7f9e492c365239a3_1084,7f9e492c365239a3,R114792-03,W118892,AB24ROOM,6,-33,0,1,PASS,1,1,74,0,1084,0,2026-03-24T15:03:32Z,2026-03-24
7f9e492c365239a3_1085,7f9e492c365239a3,R114792-03,W118892,AB24ROOM,7,-33,0,1,PASS,1,1,72,0,1085,0,2026-03-24T15:03:32Z,2026-03-24
7f9e492c365239a3_1086,7f9e492c365239a3,R114792-03,W118892,AB24ROOM,8,-33,0,1,PASS,1,1,72,0,1086,0,2026-03-24T15:03:32Z,2026-03-24
7f9e492c365239a3_1087,7f9e492c365239a3,R114792-03,W118892,AB24ROOM,9,-33,0,1,PASS,1,1,72,0,1087,0,2026-03-24T15:03:32Z,2026-03-24
7f9e492c365239a3_1088,7f9e492c365239a3,R114792-03,W118892,AB24ROOM,10,-33,0,1,PASS,1,1,72,0,1088,0,2026-03-24T15:03:32Z,2026-03-24
7f9e492c365239a3_1089,7f9e492c365239a3,R114792-03,W118892,AB24ROOM,11,-33,0,1,PASS,1,1,72,0,1089,0,2026-03-24T15:03:32Z,2026-03-24
7f9e492c365239a3_1090,7f9e492c365239a3,R114792-03,W118892,AB24ROOM,12,-33,0,1,PASS,1,1,74,0,1090,0,2026-03-24T15:03:32Z,2026-03-24
7f9e492c365239a3_1091,7f9e492c365239a3,R114792-03,W118892,AB24ROOM,13,-33,0,1,PASS,1,1,72,0,1091,0,2026-03-24T15:03:32Z,2026-03-24
7f9e492c365239a3_1092,7f9e492c365239a3,R114792-03,W118892,AB24ROOM,14,-33,0,1,PASS,1,1,72,0,1092,0,2026-03-24T15:03:32Z,2026-03-24
7f9e492c365239a3_1093,7f9e492c365239a3,R114792-03,W118892,AB24ROOM,15,-33,0,1,FAIL,20,20,62,0,1093,0,2026-03-24T15:03:32Z,2026-03-24
7f9e492c365239a3_1094,7f9e492c365239a3,R114792-03,W118892,AB24ROOM,16,-33,0,1,PASS,1,1,74,0,1094,0,2026-03-24T15:03:32Z,2026-03-24
7f9e492c365239a3_1095,7f9e492c365239a3,R114792-03,W118892,AB24ROOM,17,-33,0,1,PASS,1,1,72,0,1095,0,2026-03-24T15:03:32Z,2026-03-24
7f9e492c365239a3_1096,7f9e492c365239a3,R114792-03,W118892,AB24ROOM,18,-33,0,1,PASS,1,1,72,0,1096,0,2026-03-24T15:03:32Z,2026-03-24
7f9e492c365239a3_1097,7f9e492c365239a3,R114792-03,W118892,AB24ROOM,19,-33,0,1,PASS,1,1,72,0,1097,0,2026-03-24T15:03:32Z,2026-03-24
7f9e492c365239a3_1098,7f9e492c365239a3,R114792-03,W118892,AB24ROOM,20,-33,0,1,PASS,1,1,72,0,1098,0,2026-03-24T15:03:32Z,2026-03-24
7f9e492c365239a3_1099,7f9e492c365239a3,R114792-03,W118892,AB24ROOM,21,-33,0,1,PASS,1,1,72,0,1099,0,2026-03-24T15:03:32Z,2026-03-24
7f9e492c365239a3_1100,7f9e492c365239a3,R114792-03,W118892,AB24ROOM,22,-33,0,1,PASS,1,1,74,0,1100,0,2026-03-24T15:03:32Z,2026-03-24
7f9e492c365239a3_1101,7f9e492c365239a3,R114792-03,W118892,AB24ROOM,23,-33,0,1,PASS,1,1,72,0,1101,0,2026-03-24T15:03:32Z,2026-03-24
7f9e492c365239a3_1102,7f9e492c365239a3,R114792-03,W118892,AB24ROOM,24,-33,0,1,PASS,1,1,72,0,1102,0,2026-03-24T15:03:32Z,2026-03-24
7f9e492c365239a3_1103,7f9e492c365239a3,R114792-03,W118892,AB24ROOM,25,-33,0,1,PASS,1,1,72,0,1103,0,2026-03-24T15:03:32Z,2026-03-24
7f9e492c365239a3_1104,7f9e492c365239a3,R114792-03,W118892,AB24ROOM,26,-33,0,1,FAIL,2,2,51,0,1104,0,2026-03-24T15:03:32Z,2026-03-24
7f9e492c365239a3_1105,7f9e492c365239a3,R114792-03,W118892,AB24ROOM,27,-33,0,1,FAIL,20,20,64,0,1105,0,2026-03-24T15:03:32Z,2026-03-24
7f9e492c365239a3_1106,7f9e492c365239a3,R114792-03,W118892,AB24ROOM,28,-33,0,1,PASS,1,1,74,0,1106,0,2026-03-24T15:03:32Z,2026-03-24
7f9e492c365239a3_1107,7f9e492c365239a3,R114792-03,W118892,AB24ROOM,29,-33,0,1,PASS,1,1,72,0,1107,0,2026-03-24T15:03:32Z,2026-03-24
7f9e492c365239a3_1108,7f9e492c365239a3,R114792-03,W118892,AB24ROOM,30,-33,0,1,FAIL,2,2,51,0,1108,0,2026-03-24T15:03:32Z,2026-03-24
7f9e492c365239a3_1109,7f9e492c365239a3,R114792-03,W118892,AB24ROOM,31,-33,0,1,PASS,1,1,74,0,1109,0,2026-03-24T15:03:32Z,2026-03-24
7f9e492c365239a3_1110,7f9e492c365239a3,R114792-03,W118892,AB24ROOM,32,-33,0,1,PASS,1,1,72,0,1110,0,2026-03-24T15:03:32Z,2026-03-24
7f9e492c365239a3_1111,7f9e492c365239a3,R114792-03,W118892,AB24ROOM,33,-33,0,1,PASS,1,1,72,0,1111,0,2026-03-24T15:03:32Z,2026-03-24
7f9e492c365239a3_1112,7f9e492c365239a3,R114792-03,W118892,AB24ROOM,34,-33,0,1,PASS,1,1,72,0,1112,0,2026-03-24T15:03:32Z,2026-03-24
7f9e492c365239a3_1113,7f9e492c365239a3,R114792-03,W118892,AB24ROOM,35,-33,0,1,PASS,1,1,72,0,1113,0,2026-03-24T15:03:32Z,2026-03-24
7f9e492c365239a3_1114,7f9e492c365239a3,R114792-03,W118892,AB24ROOM,36,-33,0,1,FAIL,20,20,62,0,1114,0,2026-03-24T15:03:32Z,2026-03-24
7f9e492c365239a3_1115,7f9e492c365239a3,R114792-03,W118892,AB24ROOM,37,-33,0,1,FAIL,17,17,63,0,1115,0,2026-03-24T15:03:32Z,2026-03-24
7f9e492c365239a3_1116,7f9e492c365239a3,R114792-03,W118892,AB24ROOM,38,-33,0,1,FAIL,20,20,64,0,1116,0,2026-03-24T15:03:32Z,2026-03-24
7f9e492c365239a3_1117,7f9e492c365239a3,R114792-03,W118892,AB24ROOM,39,-33,0,1,FAIL,8,8,32,0,1117,0,2026-03-24T15:03:32Z,2026-03-24
7f9e492c365239a3_1118,7f9e492c365239a3,R114792-03,W118892,AB24ROOM,40,-33,0,1,PASS,1,1,74,0,1118,0,2026-03-24T15:03:32Z,2026-03-24
7f9e492c365239a3_1119,7f9e492c365239a3,R114792-03,W118892,AB24ROOM,41,-33,0,1,PASS,1,1,72,0,1119,0,2026-03-24T15:03:32Z,2026-03-24
7f9e492c365239a3_1120,7f9e492c365239a3,R114792-03,W118892,AB24ROOM,42,-33,0,1,PASS,1,1,72,0,1120,0,2026-03-24T15:03:32Z,2026-03-24
7f9e492c365239a3_1121,7f9e492c365239a3,R114792-03,W118892,AB24ROOM,43,-33,0,1,FAIL,20,20,62,0,1121,0,2026-03-24T15:03:32Z,2026-03-24
7f9e492c365239a3_1122,7f9e492c365239a3,R114792-03,W118892,AB24ROOM,44,-33,0,1,PASS,1,1,74,0,1122,0,2026-03-24T15:03:32Z,2026-03-24
7f9e492c365239a3_1123,7f9e492c365239a3,R114792-03,W118892,AB24ROOM,44,-34,0,1,PASS,1,1,72,0,1123,0,2026-03-24T15:03:32Z,2026-03-24
7f9e492c365239a3_1124,7f9e492c365239a3,R114792-03,W118892,AB24ROOM,43,-34,0,1,FAIL,8,8,32,0,1124,0,2026-03-24T15:03:32Z,2026-03-24
7f9e492c365239a3_1125,7f9e492c365239a3,R114792-03,W118892,AB24ROOM,42,-34,0,1,PASS,1,1,74,0,1125,0,2026-03-24T15:03:32Z,2026-03-24
7f9e492c365239a3_1126,7f9e492c365239a3,R114792-03,W118892,AB24ROOM,41,-34,0,1,PASS,1,1,72,0,1126,0,2026-03-24T15:03:32Z,2026-03-24
7f9e492c365239a3_1127,7f9e492c365239a3,R114792-03,W118892,AB24ROOM,40,-34,0,1,PASS,1,1,72,0,1127,0,2026-03-24T15:03:32Z,2026-03-24
7f9e492c365239a3_1128,7f9e492c365239a3,R114792-03,W118892,AB24ROOM,39,-34,0,1,FAIL,8,8,32,0,1128,0,2026-03-24T15:03:32Z,2026-03-24
7f9e492c365239a3_1129,7f9e492c365239a3,R114792-03,W118892,AB24ROOM,38,-34,0,1,PASS,1,1,74,0,1129,0,2026-03-24T15:03:32Z,2026-03-24
7f9e492c365239a3_1130,7f9e492c365239a3,R114792-03,W118892,AB24ROOM,37,-34,0,1,PASS,1,1,72,0,1130,0,2026-03-24T15:03:32Z,2026-03-24
7f9e492c365239a3_1131,7f9e492c365239a3,R114792-03,W118892,AB24ROOM,36,-34,0,1,PASS,1,1,72,0,1131,0,2026-03-24T15:03:32Z,2026-03-24
7f9e492c365239a3_1132,7f9e492c365239a3,R114792-03,W118892,AB24ROOM,35,-34,0,1,PASS,1,1,72,0,1132,0,2026-03-24T15:03:32Z,2026-03-24
7f9e492c365239a3_1133,7f9e492c365239a3,R114792-03,W118892,AB24ROOM,34,-34,0,1,PASS,1,1,72,0,1133,0,2026-03-24T15:03:32Z,2026-03-24
7f9e492c365239a3_1134,7f9e492c365239a3,R114792-03,W118892,AB24ROOM,33,-34,0,1,PASS,1,1,72,0,1134,0,2026-03-24T15:03:32Z,2026-03-24
7f9e492c365239a3_1135,7f9e492c365239a3,R114792-03,W118892,AB24ROOM,32,-34,0,1,PASS,1,1,74,0,1135,0,2026-03-24T15:03:32Z,2026-03-24
7f9e492c365239a3_1136,7f9e492c365239a3,R114792-03,W118892,AB24ROOM,31,-34,0,1,PASS,1,1,72,0,1136,0,2026-03-24T15:03:32Z,2026-03-24
7f9e492c365239a3_1137,7f9e492c365239a3,R114792-03,W118892,AB24ROOM,30,-34,0,1,PASS,1,1,72,0,1137,0,2026-03-24T15:03:32Z,2026-03-24
7f9e492c365239a3_1138,7f9e492c365239a3,R114792-03,W118892,AB24ROOM,29,-34,0,1,PASS,1,1,72,0,1138,0,2026-03-24T15:03:32Z,2026-03-24
7f9e492c365239a3_1139,7f9e492c365239a3,R114792-03,W118892,AB24ROOM,28,-34,0,1,PASS,1,1,72,0,1139,0,2026-03-24T15:03:32Z,2026-03-24
7f9e492c365239a3_1140,7f9e492c365239a3,R114792-03,W118892,AB24ROOM,27,-34,0,1,PASS,1,1,72,0,1140,0,2026-03-24T15:03:32Z,2026-03-24
7f9e492c365239a3_1141,7f9e492c365239a3,R114792-03,W118892,AB24ROOM,26,-34,0,1,PASS,1,1,74,0,1141,0,2026-03-24T15:03:32Z,2026-03-24
7f9e492c365239a3_1142,7f9e492c365239a3,R114792-03,W118892,AB24ROOM,25,-34,0,1,PASS,1,1,72,0,1142,0,2026-03-24T15:03:32Z,2026-03-24
7f9e492c365239a3_1143,7f9e492c365239a3,R114792-03,W118892,AB24ROOM,24,-34,0,1,PASS,1,1,72,0,1143,0,2026-03-24T15:03:32Z,2026-03-24
7f9e492c365239a3_1144,7f9e492c365239a3,R114792-03,W118892,AB24ROOM,23,-34,0,1,PASS,1,1,54,0,1144,0,2026-03-24T15:03:32Z,2026-03-24
7f9e492c365239a3_1145,7f9e492c365239a3,R114792-03,W118892,AB24ROOM,22,-34,0,1,PASS,1,1,72,0,1145,0,2026-03-24T15:03:32Z,2026-03-24
7f9e492c365239a3_1146,7f9e492c365239a3,R114792-03,W118892,AB24ROOM,21,-34,0,1,PASS,1,1,72,0,1146,0,2026-03-24T15:03:32Z,2026-03-24
7f9e492c365239a3_1147,7f9e492c365239a3,R114792-03,W118892,AB24ROOM,20,-34,0,1,PASS,1,1,74,0,1147,0,2026-03-24T15:03:32Z,2026-03-24
7f9e492c365239a3_1148,7f9e492c365239a3,R114792-03,W118892,AB24ROOM,19,-34,0,1,PASS,1,1,72,0,1148,0,2026-03-24T15:03:32Z,2026-03-24
7f9e492c365239a3_1149,7f9e492c365239a3,R114792-03,W118892,AB24ROOM,18,-34,0,1,PASS,1,1,72,0,1149,0,2026-03-24T15:03:32Z,2026-03-24
7f9e492c365239a3_1150,7f9e492c365239a3,R114792-03,W118892,AB24ROOM,17,-34,0,1,PASS,1,1,72,0,1150,0,2026-03-24T15:03:32Z,2026-03-24
7f9e492c365239a3_1151,7f9e492c365239a3,R114792-03,W118892,AB24ROOM,16,-34,0,1,PASS,1,1,72,0,1151,0,2026-03-24T15:03:32Z,2026-03-24
7f9e492c365239a3_1152,7f9e492c365239a3,R114792-03,W118892,AB24ROOM,15,-34,0,1,PASS,1,1,72,0,1152,0,2026-03-24T15:03:32Z,2026-03-24
7f9e492c365239a3_1153,7f9e492c365239a3,R114792-03,W118892,AB24ROOM,14,-34,0,1,PASS,1,1,74,0,1153,0,2026-03-24T15:03:32Z,2026-03-24
7f9e492c365239a3_1154,7f9e492c365239a3,R114792-03,W118892,AB24ROOM,13,-34,0,1,PASS,1,1,72,0,1154,0,2026-03-24T15:03:32Z,2026-03-24
7f9e492c365239a3_1155,7f9e492c365239a3,R114792-03,W118892,AB24ROOM,12,-34,0,1,PASS,1,1,72,0,1155,0,2026-03-24T15:03:32Z,2026-03-24
7f9e492c365239a3_1156,7f9e492c365239a3,R114792-03,W118892,AB24ROOM,11,-34,0,1,PASS,1,1,72,0,1156,0,2026-03-24T15:03:32Z,2026-03-24
7f9e492c365239a3_1157,7f9e492c365239a3,R114792-03,W118892,AB24ROOM,10,-34,0,1,PASS,1,1,72,0,1157,0,2026-03-24T15:03:32Z,2026-03-24
7f9e492c365239a3_1158,7f9e492c365239a3,R114792-03,W118892,AB24ROOM,9,-34,0,1,PASS,1,1,72,0,1158,0,2026-03-24T15:03:32Z,2026-03-24
7f9e492c365239a3_1159,7f9e492c365239a3,R114792-03,W118892,AB24ROOM,8,-34,0,1,FAIL,16,16,60,0,1159,0,2026-03-24T15:03:32Z,2026-03-24
7f9e492c365239a3_1160,7f9e492c365239a3,R114792-03,W118892,AB24ROOM,7,-34,0,1,PASS,1,1,74,0,1160,0,2026-03-24T15:03:32Z,2026-03-24
7f9e492c365239a3_1161,7f9e492c365239a3,R114792-03,W118892,AB24ROOM,6,-34,0,1,PASS,1,1,72,0,1161,0,2026-03-24T15:03:32Z,2026-03-24
7f9e492c365239a3_1162,7f9e492c365239a3,R114792-03,W118892,AB24ROOM,7,-35,0,1,PASS,1,1,72,0,1162,0,2026-03-24T15:03:32Z,2026-03-24
7f9e492c365239a3_1163,7f9e492c365239a3,R114792-03,W118892,AB24ROOM,8,-35,0,1,PASS,1,1,72,0,1163,0,2026-03-24T15:03:32Z,2026-03-24
7f9e492c365239a3_1164,7f9e492c365239a3,R114792-03,W118892,AB24ROOM,9,-35,0,1,PASS,1,1,72,0,1164,0,2026-03-24T15:03:32Z,2026-03-24
7f9e492c365239a3_1165,7f9e492c365239a3,R114792-03,W118892,AB24ROOM,10,-35,0,1,PASS,1,1,54,0,1165,0,2026-03-24T15:03:32Z,2026-03-24
7f9e492c365239a3_1166,7f9e492c365239a3,R114792-03,W118892,AB24ROOM,11,-35,0,1,PASS,1,1,74,0,1166,0,2026-03-24T15:03:32Z,2026-03-24
7f9e492c365239a3_1167,7f9e492c365239a3,R114792-03,W118892,AB24ROOM,12,-35,0,1,PASS,1,1,72,0,1167,0,2026-03-24T15:03:32Z,2026-03-24
7f9e492c365239a3_1168,7f9e492c365239a3,R114792-03,W118892,AB24ROOM,13,-35,0,1,PASS,1,1,72,0,1168,0,2026-03-24T15:03:32Z,2026-03-24
7f9e492c365239a3_1169,7f9e492c365239a3,R114792-03,W118892,AB24ROOM,14,-35,0,1,PASS,1,1,72,0,1169,0,2026-03-24T15:03:32Z,2026-03-24
7f9e492c365239a3_1170,7f9e492c365239a3,R114792-03,W118892,AB24ROOM,15,-35,0,1,PASS,1,1,72,0,1170,0,2026-03-24T15:03:32Z,2026-03-24
7f9e492c365239a3_1171,7f9e492c365239a3,R114792-03,W118892,AB24ROOM,16,-35,0,1,PASS,1,1,72,0,1171,0,2026-03-24T15:03:32Z,2026-03-24
7f9e492c365239a3_1172,7f9e492c365239a3,R114792-03,W118892,AB24ROOM,17,-35,0,1,PASS,1,1,74,0,1172,0,2026-03-24T15:03:32Z,2026-03-24
7f9e492c365239a3_1173,7f9e492c365239a3,R114792-03,W118892,AB24ROOM,18,-35,0,1,PASS,1,1,72,0,1173,0,2026-03-24T15:03:32Z,2026-03-24
7f9e492c365239a3_1174,7f9e492c365239a3,R114792-03,W118892,AB24ROOM,19,-35,0,1,PASS,1,1,72,0,1174,0,2026-03-24T15:03:32Z,2026-03-24
7f9e492c365239a3_1175,7f9e492c365239a3,R114792-03,W118892,AB24ROOM,20,-35,0,1,PASS,1,1,72,0,1175,0,2026-03-24T15:03:32Z,2026-03-24
7f9e492c365239a3_1176,7f9e492c365239a3,R114792-03,W118892,AB24ROOM,21,-35,0,1,PASS,1,1,72,0,1176,0,2026-03-24T15:03:32Z,2026-03-24
7f9e492c365239a3_1177,7f9e492c365239a3,R114792-03,W118892,AB24ROOM,22,-35,0,1,PASS,1,1,54,0,1177,0,2026-03-24T15:03:32Z,2026-03-24
7f9e492c365239a3_1178,7f9e492c365239a3,R114792-03,W118892,AB24ROOM,23,-35,0,1,PASS,1,1,74,0,1178,0,2026-03-24T15:03:32Z,2026-03-24
7f9e492c365239a3_1179,7f9e492c365239a3,R114792-03,W118892,AB24ROOM,24,-35,0,1,PASS,1,1,54,0,1179,0,2026-03-24T15:03:32Z,2026-03-24
7f9e492c365239a3_1180,7f9e492c365239a3,R114792-03,W118892,AB24ROOM,25,-35,0,1,PASS,1,1,72,0,1180,0,2026-03-24T15:03:32Z,2026-03-24
7f9e492c365239a3_1181,7f9e492c365239a3,R114792-03,W118892,AB24ROOM,26,-35,0,1,PASS,1,1,72,0,1181,0,2026-03-24T15:03:32Z,2026-03-24
7f9e492c365239a3_1182,7f9e492c365239a3,R114792-03,W118892,AB24ROOM,27,-35,0,1,PASS,1,1,72,0,1182,0,2026-03-24T15:03:32Z,2026-03-24
7f9e492c365239a3_1183,7f9e492c365239a3,R114792-03,W118892,AB24ROOM,28,-35,0,1,PASS,1,1,72,0,1183,0,2026-03-24T15:03:32Z,2026-03-24
7f9e492c365239a3_1184,7f9e492c365239a3,R114792-03,W118892,AB24ROOM,29,-35,0,1,PASS,1,1,56,0,1184,0,2026-03-24T15:03:32Z,2026-03-24
7f9e492c365239a3_1185,7f9e492c365239a3,R114792-03,W118892,AB24ROOM,30,-35,0,1,PASS,1,1,54,0,1185,0,2026-03-24T15:03:32Z,2026-03-24
7f9e492c365239a3_1186,7f9e492c365239a3,R114792-03,W118892,AB24ROOM,31,-35,0,1,PASS,1,1,72,0,1186,0,2026-03-24T15:03:32Z,2026-03-24
7f9e492c365239a3_1187,7f9e492c365239a3,R114792-03,W118892,AB24ROOM,32,-35,0,1,PASS,1,1,72,0,1187,0,2026-03-24T15:03:32Z,2026-03-24
7f9e492c365239a3_1188,7f9e492c365239a3,R114792-03,W118892,AB24ROOM,33,-35,0,1,PASS,1,1,72,0,1188,0,2026-03-24T15:03:32Z,2026-03-24
7f9e492c365239a3_1189,7f9e492c365239a3,R114792-03,W118892,AB24ROOM,34,-35,0,1,PASS,1,1,72,0,1189,0,2026-03-24T15:03:32Z,2026-03-24
7f9e492c365239a3_1190,7f9e492c365239a3,R114792-03,W118892,AB24ROOM,35,-35,0,1,PASS,1,1,74,0,1190,0,2026-03-24T15:03:32Z,2026-03-24
7f9e492c365239a3_1191,7f9e492c365239a3,R114792-03,W118892,AB24ROOM,36,-35,0,1,PASS,1,1,54,0,1191,0,2026-03-24T15:03:32Z,2026-03-24
7f9e492c365239a3_1192,7f9e492c365239a3,R114792-03,W118892,AB24ROOM,37,-35,0,1,PASS,1,1,72,0,1192,0,2026-03-24T15:03:32Z,2026-03-24
7f9e492c365239a3_1193,7f9e492c365239a3,R114792-03,W118892,AB24ROOM,38,-35,0,1,PASS,1,1,72,0,1193,0,2026-03-24T15:03:32Z,2026-03-24
7f9e492c365239a3_1194,7f9e492c365239a3,R114792-03,W118892,AB24ROOM,39,-35,0,1,PASS,1,1,72,0,1194,0,2026-03-24T15:03:32Z,2026-03-24
7f9e492c365239a3_1195,7f9e492c365239a3,R114792-03,W118892,AB24ROOM,40,-35,0,1,PASS,1,1,72,0,1195,0,2026-03-24T15:03:32Z,2026-03-24
7f9e492c365239a3_1196,7f9e492c365239a3,R114792-03,W118892,AB24ROOM,41,-35,0,1,FAIL,10,10,11,0,1196,0,2026-03-24T15:03:32Z,2026-03-24
7f9e492c365239a3_1197,7f9e492c365239a3,R114792-03,W118892,AB24ROOM,42,-35,0,1,PASS,1,1,74,0,1197,0,2026-03-24T15:03:32Z,2026-03-24
7f9e492c365239a3_1198,7f9e492c365239a3,R114792-03,W118892,AB24ROOM,43,-35,0,1,PASS,1,1,72,0,1198,0,2026-03-24T15:03:32Z,2026-03-24
7f9e492c365239a3_1199,7f9e492c365239a3,R114792-03,W118892,AB24ROOM,44,-35,0,1,FAIL,5,5,1,0,1199,0,2026-03-24T15:03:32Z,2026-03-24
7f9e492c365239a3_1200,7f9e492c365239a3,R114792-03,W118892,AB24ROOM,43,-36,0,1,PASS,1,1,74,0,1200,0,2026-03-24T15:03:32Z,2026-03-24
7f9e492c365239a3_1201,7f9e492c365239a3,R114792-03,W118892,AB24ROOM,42,-36,0,1,PASS,1,1,72,0,1201,0,2026-03-24T15:03:32Z,2026-03-24
7f9e492c365239a3_1202,7f9e492c365239a3,R114792-03,W118892,AB24ROOM,41,-36,0,1,PASS,1,1,72,0,1202,0,2026-03-24T15:03:32Z,2026-03-24
7f9e492c365239a3_1203,7f9e492c365239a3,R114792-03,W118892,AB24ROOM,40,-36,0,1,PASS,1,1,72,0,1203,0,2026-03-24T15:03:32Z,2026-03-24
7f9e492c365239a3_1204,7f9e492c365239a3,R114792-03,W118892,AB24ROOM,37,-36,0,1,PASS,1,1,72,0,1204,0,2026-03-24T15:03:32Z,2026-03-24
7f9e492c365239a3_1205,7f9e492c365239a3,R114792-03,W118892,AB24ROOM,36,-36,0,1,PASS,1,1,72,0,1205,0,2026-03-24T15:03:32Z,2026-03-24
7f9e492c365239a3_1206,7f9e492c365239a3,R114792-03,W118892,AB24ROOM,35,-36,0,1,PASS,1,1,74,0,1206,0,2026-03-24T15:03:32Z,2026-03-24
7f9e492c365239a3_1207,7f9e492c365239a3,R114792-03,W118892,AB24ROOM,34,-36,0,1,PASS,1,1,72,0,1207,0,2026-03-24T15:03:32Z,2026-03-24
7f9e492c365239a3_1208,7f9e492c365239a3,R114792-03,W118892,AB24ROOM,33,-36,0,1,PASS,1,1,72,0,1208,0,2026-03-24T15:03:32Z,2026-03-24
7f9e492c365239a3_1209,7f9e492c365239a3,R114792-03,W118892,AB24ROOM,32,-36,0,1,PASS,1,1,72,0,1209,0,2026-03-24T15:03:32Z,2026-03-24
7f9e492c365239a3_1210,7f9e492c365239a3,R114792-03,W118892,AB24ROOM,31,-36,0,1,PASS,1,1,72,0,1210,0,2026-03-24T15:03:32Z,2026-03-24
7f9e492c365239a3_1211,7f9e492c365239a3,R114792-03,W118892,AB24ROOM,30,-36,0,1,PASS,1,1,72,0,1211,0,2026-03-24T15:03:32Z,2026-03-24
7f9e492c365239a3_1212,7f9e492c365239a3,R114792-03,W118892,AB24ROOM,29,-36,0,1,PASS,1,1,74,0,1212,0,2026-03-24T15:03:32Z,2026-03-24
7f9e492c365239a3_1213,7f9e492c365239a3,R114792-03,W118892,AB24ROOM,28,-36,0,1,PASS,1,1,72,0,1213,0,2026-03-24T15:03:32Z,2026-03-24
7f9e492c365239a3_1214,7f9e492c365239a3,R114792-03,W118892,AB24ROOM,27,-36,0,1,PASS,1,1,72,0,1214,0,2026-03-24T15:03:32Z,2026-03-24
7f9e492c365239a3_1215,7f9e492c365239a3,R114792-03,W118892,AB24ROOM,26,-36,0,1,PASS,1,1,72,0,1215,0,2026-03-24T15:03:32Z,2026-03-24
7f9e492c365239a3_1216,7f9e492c365239a3,R114792-03,W118892,AB24ROOM,25,-36,0,1,PASS,1,1,72,0,1216,0,2026-03-24T15:03:32Z,2026-03-24
7f9e492c365239a3_1217,7f9e492c365239a3,R114792-03,W118892,AB24ROOM,24,-36,0,1,PASS,1,1,72,0,1217,0,2026-03-24T15:03:32Z,2026-03-24
7f9e492c365239a3_1218,7f9e492c365239a3,R114792-03,W118892,AB24ROOM,23,-36,0,1,PASS,1,1,74,0,1218,0,2026-03-24T15:03:32Z,2026-03-24
7f9e492c365239a3_1219,7f9e492c365239a3,R114792-03,W118892,AB24ROOM,22,-36,0,1,FAIL,4,4,38,0,1219,0,2026-03-24T15:03:32Z,2026-03-24
7f9e492c365239a3_1220,7f9e492c365239a3,R114792-03,W118892,AB24ROOM,21,-36,0,1,PASS,1,1,74,0,1220,0,2026-03-24T15:03:32Z,2026-03-24
7f9e492c365239a3_1221,7f9e492c365239a3,R114792-03,W118892,AB24ROOM,20,-36,0,1,PASS,1,1,72,0,1221,0,2026-03-24T15:03:32Z,2026-03-24
7f9e492c365239a3_1222,7f9e492c365239a3,R114792-03,W118892,AB24ROOM,19,-36,0,1,PASS,1,1,72,0,1222,0,2026-03-24T15:03:32Z,2026-03-24
7f9e492c365239a3_1223,7f9e492c365239a3,R114792-03,W118892,AB24ROOM,18,-36,0,1,PASS,1,1,72,0,1223,0,2026-03-24T15:03:32Z,2026-03-24
7f9e492c365239a3_1224,7f9e492c365239a3,R114792-03,W118892,AB24ROOM,17,-36,0,1,PASS,1,1,72,0,1224,0,2026-03-24T15:03:32Z,2026-03-24
7f9e492c365239a3_1225,7f9e492c365239a3,R114792-03,W118892,AB24ROOM,16,-36,0,1,PASS,1,1,72,0,1225,0,2026-03-24T15:03:32Z,2026-03-24
7f9e492c365239a3_1226,7f9e492c365239a3,R114792-03,W118892,AB24ROOM,15,-36,0,1,PASS,1,1,74,0,1226,0,2026-03-24T15:03:32Z,2026-03-24
7f9e492c365239a3_1227,7f9e492c365239a3,R114792-03,W118892,AB24ROOM,14,-36,0,1,PASS,1,1,72,0,1227,0,2026-03-24T15:03:32Z,2026-03-24
7f9e492c365239a3_1228,7f9e492c365239a3,R114792-03,W118892,AB24ROOM,13,-36,0,1,PASS,1,1,72,0,1228,0,2026-03-24T15:03:32Z,2026-03-24
7f9e492c365239a3_1229,7f9e492c365239a3,R114792-03,W118892,AB24ROOM,10,-36,0,1,PASS,1,1,72,0,1229,0,2026-03-24T15:03:32Z,2026-03-24
7f9e492c365239a3_1230,7f9e492c365239a3,R114792-03,W118892,AB24ROOM,9,-36,0,1,FAIL,2,2,55,0,1230,0,2026-03-24T15:03:32Z,2026-03-24
7f9e492c365239a3_1231,7f9e492c365239a3,R114792-03,W118892,AB24ROOM,8,-36,0,1,PASS,1,1,74,0,1231,0,2026-03-24T15:03:32Z,2026-03-24
7f9e492c365239a3_1232,7f9e492c365239a3,R114792-03,W118892,AB24ROOM,8,-37,0,1,FAIL,2,2,37,0,1232,0,2026-03-24T15:03:32Z,2026-03-24
7f9e492c365239a3_1233,7f9e492c365239a3,R114792-03,W118892,AB24ROOM,9,-37,0,1,PASS,1,1,74,0,1233,0,2026-03-24T15:03:32Z,2026-03-24
7f9e492c365239a3_1234,7f9e492c365239a3,R114792-03,W118892,AB24ROOM,10,-37,0,1,PASS,1,1,72,0,1234,0,2026-03-24T15:03:32Z,2026-03-24
7f9e492c365239a3_1235,7f9e492c365239a3,R114792-03,W118892,AB24ROOM,13,-37,0,1,PASS,1,1,72,0,1235,0,2026-03-24T15:03:32Z,2026-03-24
7f9e492c365239a3_1236,7f9e492c365239a3,R114792-03,W118892,AB24ROOM,14,-37,0,1,PASS,1,1,72,0,1236,0,2026-03-24T15:03:32Z,2026-03-24
7f9e492c365239a3_1237,7f9e492c365239a3,R114792-03,W118892,AB24ROOM,15,-37,0,1,PASS,1,1,72,0,1237,0,2026-03-24T15:03:32Z,2026-03-24
7f9e492c365239a3_1238,7f9e492c365239a3,R114792-03,W118892,AB24ROOM,16,-37,0,1,PASS,1,1,72,0,1238,0,2026-03-24T15:03:32Z,2026-03-24
7f9e492c365239a3_1239,7f9e492c365239a3,R114792-03,W118892,AB24ROOM,17,-37,0,1,PASS,1,1,74,0,1239,0,2026-03-24T15:03:32Z,2026-03-24
7f9e492c365239a3_1240,7f9e492c365239a3,R114792-03,W118892,AB24ROOM,18,-37,0,1,PASS,1,1,72,0,1240,0,2026-03-24T15:03:32Z,2026-03-24
7f9e492c365239a3_1241,7f9e492c365239a3,R114792-03,W118892,AB24ROOM,19,-37,0,1,FAIL,2,2,51,0,1241,0,2026-03-24T15:03:32Z,2026-03-24
7f9e492c365239a3_1242,7f9e492c365239a3,R114792-03,W118892,AB24ROOM,20,-37,0,1,PASS,1,1,74,0,1242,0,2026-03-24T15:03:32Z,2026-03-24
7f9e492c365239a3_1243,7f9e492c365239a3,R114792-03,W118892,AB24ROOM,21,-37,0,1,PASS,1,1,72,0,1243,0,2026-03-24T15:03:32Z,2026-03-24
7f9e492c365239a3_1244,7f9e492c365239a3,R114792-03,W118892,AB24ROOM,22,-37,0,1,PASS,1,1,72,0,1244,0,2026-03-24T15:03:32Z,2026-03-24
7f9e492c365239a3_1245,7f9e492c365239a3,R114792-03,W118892,AB24ROOM,23,-37,0,1,PASS,1,1,72,0,1245,0,2026-03-24T15:03:32Z,2026-03-24
7f9e492c365239a3_1246,7f9e492c365239a3,R114792-03,W118892,AB24ROOM,24,-37,0,1,PASS,1,1,72,0,1246,0,2026-03-24T15:03:32Z,2026-03-24
7f9e492c365239a3_1247,7f9e492c365239a3,R114792-03,W118892,AB24ROOM,25,-37,0,1,PASS,1,1,72,0,1247,0,2026-03-24T15:03:32Z,2026-03-24
7f9e492c365239a3_1248,7f9e492c365239a3,R114792-03,W118892,AB24ROOM,26,-37,0,1,PASS,1,1,74,0,1248,0,2026-03-24T15:03:32Z,2026-03-24
7f9e492c365239a3_1249,7f9e492c365239a3,R114792-03,W118892,AB24ROOM,27,-37,0,1,PASS,1,1,72,0,1249,0,2026-03-24T15:03:32Z,2026-03-24
7f9e492c365239a3_1250,7f9e492c365239a3,R114792-03,W118892,AB24ROOM,28,-37,0,1,PASS,1,1,72,0,1250,0,2026-03-24T15:03:32Z,2026-03-24
7f9e492c365239a3_1251,7f9e492c365239a3,R114792-03,W118892,AB24ROOM,29,-37,0,1,PASS,1,1,72,0,1251,0,2026-03-24T15:03:32Z,2026-03-24
7f9e492c365239a3_1252,7f9e492c365239a3,R114792-03,W118892,AB24ROOM,30,-37,0,1,PASS,1,1,72,0,1252,0,2026-03-24T15:03:32Z,2026-03-24
7f9e492c365239a3_1253,7f9e492c365239a3,R114792-03,W118892,AB24ROOM,31,-37,0,1,PASS,1,1,72,0,1253,0,2026-03-24T15:03:32Z,2026-03-24
7f9e492c365239a3_1254,7f9e492c365239a3,R114792-03,W118892,AB24ROOM,32,-37,0,1,FAIL,8,8,32,0,1254,0,2026-03-24T15:03:32Z,2026-03-24
7f9e492c365239a3_1255,7f9e492c365239a3,R114792-03,W118892,AB24ROOM,33,-37,0,1,PASS,1,1,74,0,1255,0,2026-03-24T15:03:32Z,2026-03-24
7f9e492c365239a3_1256,7f9e492c365239a3,R114792-03,W118892,AB24ROOM,34,-37,0,1,PASS,1,1,72,0,1256,0,2026-03-24T15:03:32Z,2026-03-24
7f9e492c365239a3_1257,7f9e492c365239a3,R114792-03,W118892,AB24ROOM,35,-37,0,1,PASS,1,1,72,0,1257,0,2026-03-24T15:03:32Z,2026-03-24
7f9e492c365239a3_1258,7f9e492c365239a3,R114792-03,W118892,AB24ROOM,36,-37,0,1,PASS,1,1,72,0,1258,0,2026-03-24T15:03:32Z,2026-03-24
7f9e492c365239a3_1259,7f9e492c365239a3,R114792-03,W118892,AB24ROOM,37,-37,0,1,PASS,1,1,72,0,1259,0,2026-03-24T15:03:32Z,2026-03-24
7f9e492c365239a3_1260,7f9e492c365239a3,R114792-03,W118892,AB24ROOM,40,-37,0,1,PASS,1,1,72,0,1260,0,2026-03-24T15:03:32Z,2026-03-24
7f9e492c365239a3_1261,7f9e492c365239a3,R114792-03,W118892,AB24ROOM,41,-37,0,1,PASS,1,1,74,0,1261,0,2026-03-24T15:03:32Z,2026-03-24
7f9e492c365239a3_1262,7f9e492c365239a3,R114792-03,W118892,AB24ROOM,42,-37,0,1,PASS,1,1,72,0,1262,0,2026-03-24T15:03:32Z,2026-03-24
7f9e492c365239a3_1263,7f9e492c365239a3,R114792-03,W118892,AB24ROOM,41,-38,0,1,PASS,1,1,72,0,1263,0,2026-03-24T15:03:32Z,2026-03-24
7f9e492c365239a3_1264,7f9e492c365239a3,R114792-03,W118892,AB24ROOM,40,-38,0,1,PASS,1,1,72,0,1264,0,2026-03-24T15:03:32Z,2026-03-24
7f9e492c365239a3_1265,7f9e492c365239a3,R114792-03,W118892,AB24ROOM,39,-38,0,1,PASS,1,1,72,0,1265,0,2026-03-24T15:03:32Z,2026-03-24
7f9e492c365239a3_1266,7f9e492c365239a3,R114792-03,W118892,AB24ROOM,38,-38,0,1,PASS,1,1,72,0,1266,0,2026-03-24T15:03:32Z,2026-03-24
7f9e492c365239a3_1267,7f9e492c365239a3,R114792-03,W118892,AB24ROOM,37,-38,0,1,PASS,1,1,74,0,1267,0,2026-03-24T15:03:32Z,2026-03-24
7f9e492c365239a3_1268,7f9e492c365239a3,R114792-03,W118892,AB24ROOM,36,-38,0,1,PASS,1,1,72,0,1268,0,2026-03-24T15:03:32Z,2026-03-24
7f9e492c365239a3_1269,7f9e492c365239a3,R114792-03,W118892,AB24ROOM,35,-38,0,1,PASS,1,1,72,0,1269,0,2026-03-24T15:03:32Z,2026-03-24
7f9e492c365239a3_1270,7f9e492c365239a3,R114792-03,W118892,AB24ROOM,34,-38,0,1,PASS,1,1,72,0,1270,0,2026-03-24T15:03:32Z,2026-03-24
7f9e492c365239a3_1271,7f9e492c365239a3,R114792-03,W118892,AB24ROOM,33,-38,0,1,PASS,1,1,72,0,1271,0,2026-03-24T15:03:32Z,2026-03-24
7f9e492c365239a3_1272,7f9e492c365239a3,R114792-03,W118892,AB24ROOM,32,-38,0,1,PASS,1,1,72,0,1272,0,2026-03-24T15:03:32Z,2026-03-24
7f9e492c365239a3_1273,7f9e492c365239a3,R114792-03,W118892,AB24ROOM,31,-38,0,1,PASS,1,1,74,0,1273,0,2026-03-24T15:03:32Z,2026-03-24
7f9e492c365239a3_1274,7f9e492c365239a3,R114792-03,W118892,AB24ROOM,30,-38,0,1,PASS,1,1,72,0,1274,0,2026-03-24T15:03:32Z,2026-03-24
7f9e492c365239a3_1275,7f9e492c365239a3,R114792-03,W118892,AB24ROOM,29,-38,0,1,PASS,1,1,72,0,1275,0,2026-03-24T15:03:32Z,2026-03-24
7f9e492c365239a3_1276,7f9e492c365239a3,R114792-03,W118892,AB24ROOM,28,-38,0,1,PASS,1,1,72,0,1276,0,2026-03-24T15:03:32Z,2026-03-24
7f9e492c365239a3_1277,7f9e492c365239a3,R114792-03,W118892,AB24ROOM,27,-38,0,1,PASS,1,1,72,0,1277,0,2026-03-24T15:03:32Z,2026-03-24
7f9e492c365239a3_1278,7f9e492c365239a3,R114792-03,W118892,AB24ROOM,26,-38,0,1,PASS,1,1,72,0,1278,0,2026-03-24T15:03:32Z,2026-03-24
7f9e492c365239a3_1279,7f9e492c365239a3,R114792-03,W118892,AB24ROOM,25,-38,0,1,PASS,1,1,74,0,1279,0,2026-03-24T15:03:32Z,2026-03-24
7f9e492c365239a3_1280,7f9e492c365239a3,R114792-03,W118892,AB24ROOM,24,-38,0,1,PASS,1,1,72,0,1280,0,2026-03-24T15:03:32Z,2026-03-24
7f9e492c365239a3_1281,7f9e492c365239a3,R114792-03,W118892,AB24ROOM,23,-38,0,1,PASS,1,1,72,0,1281,0,2026-03-24T15:03:32Z,2026-03-24
7f9e492c365239a3_1282,7f9e492c365239a3,R114792-03,W118892,AB24ROOM,22,-38,0,1,PASS,1,1,72,0,1282,0,2026-03-24T15:03:32Z,2026-03-24
7f9e492c365239a3_1283,7f9e492c365239a3,R114792-03,W118892,AB24ROOM,21,-38,0,1,PASS,1,1,72,0,1283,0,2026-03-24T15:03:32Z,2026-03-24
7f9e492c365239a3_1284,7f9e492c365239a3,R114792-03,W118892,AB24ROOM,20,-38,0,1,PASS,1,1,72,0,1284,0,2026-03-24T15:03:32Z,2026-03-24
7f9e492c365239a3_1285,7f9e492c365239a3,R114792-03,W118892,AB24ROOM,19,-38,0,1,PASS,1,1,74,0,1285,0,2026-03-24T15:03:32Z,2026-03-24
7f9e492c365239a3_1286,7f9e492c365239a3,R114792-03,W118892,AB24ROOM,18,-38,0,1,PASS,1,1,72,0,1286,0,2026-03-24T15:03:32Z,2026-03-24
7f9e492c365239a3_1287,7f9e492c365239a3,R114792-03,W118892,AB24ROOM,17,-38,0,1,PASS,1,1,54,0,1287,0,2026-03-24T15:03:32Z,2026-03-24
7f9e492c365239a3_1288,7f9e492c365239a3,R114792-03,W118892,AB24ROOM,16,-38,0,1,PASS,1,1,72,0,1288,0,2026-03-24T15:03:32Z,2026-03-24
7f9e492c365239a3_1289,7f9e492c365239a3,R114792-03,W118892,AB24ROOM,15,-38,0,1,PASS,1,1,72,0,1289,0,2026-03-24T15:03:32Z,2026-03-24
7f9e492c365239a3_1290,7f9e492c365239a3,R114792-03,W118892,AB24ROOM,14,-38,0,1,PASS,1,1,72,0,1290,0,2026-03-24T15:03:32Z,2026-03-24
7f9e492c365239a3_1291,7f9e492c365239a3,R114792-03,W118892,AB24ROOM,13,-38,0,1,PASS,1,1,74,0,1291,0,2026-03-24T15:03:32Z,2026-03-24
7f9e492c365239a3_1292,7f9e492c365239a3,R114792-03,W118892,AB24ROOM,12,-38,0,1,PASS,1,1,72,0,1292,0,2026-03-24T15:03:32Z,2026-03-24
7f9e492c365239a3_1293,7f9e492c365239a3,R114792-03,W118892,AB24ROOM,11,-38,0,1,PASS,1,1,72,0,1293,0,2026-03-24T15:03:32Z,2026-03-24
7f9e492c365239a3_1294,7f9e492c365239a3,R114792-03,W118892,AB24ROOM,10,-38,0,1,PASS,1,1,72,0,1294,0,2026-03-24T15:03:32Z,2026-03-24
7f9e492c365239a3_1295,7f9e492c365239a3,R114792-03,W118892,AB24ROOM,9,-38,0,1,PASS,1,1,72,0,1295,0,2026-03-24T15:03:32Z,2026-03-24
7f9e492c365239a3_1296,7f9e492c365239a3,R114792-03,W118892,AB24ROOM,10,-39,0,1,PASS,1,1,72,0,1296,0,2026-03-24T15:03:32Z,2026-03-24
7f9e492c365239a3_1297,7f9e492c365239a3,R114792-03,W118892,AB24ROOM,11,-39,0,1,PASS,1,1,74,0,1297,0,2026-03-24T15:03:32Z,2026-03-24
7f9e492c365239a3_1298,7f9e492c365239a3,R114792-03,W118892,AB24ROOM,12,-39,0,1,PASS,1,1,72,0,1298,0,2026-03-24T15:03:32Z,2026-03-24
7f9e492c365239a3_1299,7f9e492c365239a3,R114792-03,W118892,AB24ROOM,13,-39,0,1,PASS,1,1,72,0,1299,0,2026-03-24T15:03:32Z,2026-03-24
7f9e492c365239a3_1300,7f9e492c365239a3,R114792-03,W118892,AB24ROOM,14,-39,0,1,PASS,1,1,72,0,1300,0,2026-03-24T15:03:32Z,2026-03-24
7f9e492c365239a3_1301,7f9e492c365239a3,R114792-03,W118892,AB24ROOM,15,-39,0,1,PASS,1,1,72,0,1301,0,2026-03-24T15:03:32Z,2026-03-24
7f9e492c365239a3_1302,7f9e492c365239a3,R114792-03,W118892,AB24ROOM,16,-39,0,1,PASS,1,1,72,0,1302,0,2026-03-24T15:03:32Z,2026-03-24
7f9e492c365239a3_1303,7f9e492c365239a3,R114792-03,W118892,AB24ROOM,17,-39,0,1,PASS,1,1,74,0,1303,0,2026-03-24T15:03:32Z,2026-03-24
7f9e492c365239a3_1304,7f9e492c365239a3,R114792-03,W118892,AB24ROOM,18,-39,0,1,FAIL,8,8,29,0,1304,0,2026-03-24T15:03:32Z,2026-03-24
7f9e492c365239a3_1305,7f9e492c365239a3,R114792-03,W118892,AB24ROOM,19,-39,0,1,PASS,1,1,74,0,1305,0,2026-03-24T15:03:32Z,2026-03-24
7f9e492c365239a3_1306,7f9e492c365239a3,R114792-03,W118892,AB24ROOM,20,-39,0,1,FAIL,8,8,29,0,1306,0,2026-03-24T15:03:32Z,2026-03-24
7f9e492c365239a3_1307,7f9e492c365239a3,R114792-03,W118892,AB24ROOM,21,-39,0,1,FAIL,20,20,64,0,1307,0,2026-03-24T15:03:32Z,2026-03-24
7f9e492c365239a3_1308,7f9e492c365239a3,R114792-03,W118892,AB24ROOM,22,-39,0,1,PASS,1,1,74,0,1308,0,2026-03-24T15:03:32Z,2026-03-24
7f9e492c365239a3_1309,7f9e492c365239a3,R114792-03,W118892,AB24ROOM,23,-39,0,1,PASS,1,1,72,0,1309,0,2026-03-24T15:03:32Z,2026-03-24
7f9e492c365239a3_1310,7f9e492c365239a3,R114792-03,W118892,AB24ROOM,24,-39,0,1,PASS,1,1,72,0,1310,0,2026-03-24T15:03:32Z,2026-03-24
7f9e492c365239a3_1311,7f9e492c365239a3,R114792-03,W118892,AB24ROOM,25,-39,0,1,PASS,1,1,72,0,1311,0,2026-03-24T15:03:32Z,2026-03-24
7f9e492c365239a3_1312,7f9e492c365239a3,R114792-03,W118892,AB24ROOM,26,-39,0,1,PASS,1,1,72,0,1312,0,2026-03-24T15:03:32Z,2026-03-24
7f9e492c365239a3_1313,7f9e492c365239a3,R114792-03,W118892,AB24ROOM,27,-39,0,1,PASS,1,1,72,0,1313,0,2026-03-24T15:03:32Z,2026-03-24
7f9e492c365239a3_1314,7f9e492c365239a3,R114792-03,W118892,AB24ROOM,28,-39,0,1,PASS,1,1,74,0,1314,0,2026-03-24T15:03:32Z,2026-03-24
7f9e492c365239a3_1315,7f9e492c365239a3,R114792-03,W118892,AB24ROOM,29,-39,0,1,PASS,1,1,54,0,1315,0,2026-03-24T15:03:32Z,2026-03-24
7f9e492c365239a3_1316,7f9e492c365239a3,R114792-03,W118892,AB24ROOM,30,-39,0,1,PASS,1,1,54,0,1316,0,2026-03-24T15:03:32Z,2026-03-24
7f9e492c365239a3_1317,7f9e492c365239a3,R114792-03,W118892,AB24ROOM,31,-39,0,1,PASS,1,1,72,0,1317,0,2026-03-24T15:03:32Z,2026-03-24
7f9e492c365239a3_1318,7f9e492c365239a3,R114792-03,W118892,AB24ROOM,32,-39,0,1,PASS,1,1,72,0,1318,0,2026-03-24T15:03:32Z,2026-03-24
7f9e492c365239a3_1319,7f9e492c365239a3,R114792-03,W118892,AB24ROOM,33,-39,0,1,PASS,1,1,72,0,1319,0,2026-03-24T15:03:32Z,2026-03-24
7f9e492c365239a3_1320,7f9e492c365239a3,R114792-03,W118892,AB24ROOM,34,-39,0,1,PASS,1,1,56,0,1320,0,2026-03-24T15:03:32Z,2026-03-24
7f9e492c365239a3_1321,7f9e492c365239a3,R114792-03,W118892,AB24ROOM,35,-39,0,1,PASS,1,1,72,0,1321,0,2026-03-24T15:03:32Z,2026-03-24
7f9e492c365239a3_1322,7f9e492c365239a3,R114792-03,W118892,AB24ROOM,36,-39,0,1,PASS,1,1,72,0,1322,0,2026-03-24T15:03:32Z,2026-03-24
7f9e492c365239a3_1323,7f9e492c365239a3,R114792-03,W118892,AB24ROOM,37,-39,0,1,PASS,1,1,72,0,1323,0,2026-03-24T15:03:32Z,2026-03-24
7f9e492c365239a3_1324,7f9e492c365239a3,R114792-03,W118892,AB24ROOM,38,-39,0,1,PASS,1,1,72,0,1324,0,2026-03-24T15:03:32Z,2026-03-24
7f9e492c365239a3_1325,7f9e492c365239a3,R114792-03,W118892,AB24ROOM,39,-39,0,1,PASS,1,1,72,0,1325,0,2026-03-24T15:03:32Z,2026-03-24
7f9e492c365239a3_1326,7f9e492c365239a3,R114792-03,W118892,AB24ROOM,40,-39,0,1,PASS,1,1,74,0,1326,0,2026-03-24T15:03:32Z,2026-03-24
7f9e492c365239a3_1327,7f9e492c365239a3,R114792-03,W118892,AB24ROOM,39,-40,0,1,PASS,1,1,72,0,1327,0,2026-03-24T15:03:32Z,2026-03-24
7f9e492c365239a3_1328,7f9e492c365239a3,R114792-03,W118892,AB24ROOM,38,-40,0,1,PASS,1,1,72,0,1328,0,2026-03-24T15:03:32Z,2026-03-24
7f9e492c365239a3_1329,7f9e492c365239a3,R114792-03,W118892,AB24ROOM,37,-40,0,1,PASS,1,1,72,0,1329,0,2026-03-24T15:03:32Z,2026-03-24
7f9e492c365239a3_1330,7f9e492c365239a3,R114792-03,W118892,AB24ROOM,36,-40,0,1,PASS,1,1,72,0,1330,0,2026-03-24T15:03:32Z,2026-03-24
7f9e492c365239a3_1331,7f9e492c365239a3,R114792-03,W118892,AB24ROOM,35,-40,0,1,PASS,1,1,72,0,1331,0,2026-03-24T15:03:32Z,2026-03-24
7f9e492c365239a3_1332,7f9e492c365239a3,R114792-03,W118892,AB24ROOM,34,-40,0,1,FAIL,20,20,64,0,1332,0,2026-03-24T15:03:32Z,2026-03-24
7f9e492c365239a3_1333,7f9e492c365239a3,R114792-03,W118892,AB24ROOM,33,-40,0,1,PASS,1,1,74,0,1333,0,2026-03-24T15:03:32Z,2026-03-24
7f9e492c365239a3_1334,7f9e492c365239a3,R114792-03,W118892,AB24ROOM,32,-40,0,1,PASS,1,1,72,0,1334,0,2026-03-24T15:03:32Z,2026-03-24
7f9e492c365239a3_1335,7f9e492c365239a3,R114792-03,W118892,AB24ROOM,31,-40,0,1,PASS,1,1,72,0,1335,0,2026-03-24T15:03:32Z,2026-03-24
7f9e492c365239a3_1336,7f9e492c365239a3,R114792-03,W118892,AB24ROOM,30,-40,0,1,PASS,1,1,72,0,1336,0,2026-03-24T15:03:32Z,2026-03-24
7f9e492c365239a3_1337,7f9e492c365239a3,R114792-03,W118892,AB24ROOM,29,-40,0,1,PASS,1,1,54,0,1337,0,2026-03-24T15:03:32Z,2026-03-24
7f9e492c365239a3_1338,7f9e492c365239a3,R114792-03,W118892,AB24ROOM,28,-40,0,1,PASS,1,1,54,0,1338,0,2026-03-24T15:03:32Z,2026-03-24
7f9e492c365239a3_1339,7f9e492c365239a3,R114792-03,W118892,AB24ROOM,27,-40,0,1,FAIL,8,8,35,0,1339,0,2026-03-24T15:03:32Z,2026-03-24
7f9e492c365239a3_1340,7f9e492c365239a3,R114792-03,W118892,AB24ROOM,26,-40,0,1,PASS,1,1,74,0,1340,0,2026-03-24T15:03:32Z,2026-03-24
7f9e492c365239a3_1341,7f9e492c365239a3,R114792-03,W118892,AB24ROOM,25,-40,0,1,PASS,1,1,72,0,1341,0,2026-03-24T15:03:32Z,2026-03-24
7f9e492c365239a3_1342,7f9e492c365239a3,R114792-03,W118892,AB24ROOM,24,-40,0,1,PASS,1,1,72,0,1342,0,2026-03-24T15:03:32Z,2026-03-24
7f9e492c365239a3_1343,7f9e492c365239a3,R114792-03,W118892,AB24ROOM,23,-40,0,1,PASS,1,1,54,0,1343,0,2026-03-24T15:03:32Z,2026-03-24
7f9e492c365239a3_1344,7f9e492c365239a3,R114792-03,W118892,AB24ROOM,22,-40,0,1,PASS,1,1,72,0,1344,0,2026-03-24T15:03:32Z,2026-03-24
7f9e492c365239a3_1345,7f9e492c365239a3,R114792-03,W118892,AB24ROOM,21,-40,0,1,PASS,1,1,72,0,1345,0,2026-03-24T15:03:32Z,2026-03-24
7f9e492c365239a3_1346,7f9e492c365239a3,R114792-03,W118892,AB24ROOM,20,-40,0,1,PASS,1,1,74,0,1346,0,2026-03-24T15:03:32Z,2026-03-24
7f9e492c365239a3_1347,7f9e492c365239a3,R114792-03,W118892,AB24ROOM,19,-40,0,1,PASS,1,1,72,0,1347,0,2026-03-24T15:03:32Z,2026-03-24
7f9e492c365239a3_1348,7f9e492c365239a3,R114792-03,W118892,AB24ROOM,18,-40,0,1,PASS,1,1,54,0,1348,0,2026-03-24T15:03:32Z,2026-03-24
7f9e492c365239a3_1349,7f9e492c365239a3,R114792-03,W118892,AB24ROOM,17,-40,0,1,PASS,1,1,72,0,1349,0,2026-03-24T15:03:32Z,2026-03-24
7f9e492c365239a3_1350,7f9e492c365239a3,R114792-03,W118892,AB24ROOM,16,-40,0,1,PASS,1,1,72,0,1350,0,2026-03-24T15:03:32Z,2026-03-24
7f9e492c365239a3_1351,7f9e492c365239a3,R114792-03,W118892,AB24ROOM,15,-40,0,1,PASS,1,1,72,0,1351,0,2026-03-24T15:03:32Z,2026-03-24
7f9e492c365239a3_1352,7f9e492c365239a3,R114792-03,W118892,AB24ROOM,14,-40,0,1,PASS,1,1,74,0,1352,0,2026-03-24T15:03:32Z,2026-03-24
7f9e492c365239a3_1353,7f9e492c365239a3,R114792-03,W118892,AB24ROOM,13,-40,0,1,PASS,1,1,72,0,1353,0,2026-03-24T15:03:32Z,2026-03-24
7f9e492c365239a3_1354,7f9e492c365239a3,R114792-03,W118892,AB24ROOM,12,-40,0,1,PASS,1,1,72,0,1354,0,2026-03-24T15:03:32Z,2026-03-24
7f9e492c365239a3_1355,7f9e492c365239a3,R114792-03,W118892,AB24ROOM,11,-40,0,1,PASS,1,1,72,0,1355,0,2026-03-24T15:03:32Z,2026-03-24
7f9e492c365239a3_1356,7f9e492c365239a3,R114792-03,W118892,AB24ROOM,12,-41,0,1,PASS,1,1,72,0,1356,0,2026-03-24T15:03:32Z,2026-03-24
7f9e492c365239a3_1357,7f9e492c365239a3,R114792-03,W118892,AB24ROOM,13,-41,0,1,PASS,1,1,72,0,1357,0,2026-03-24T15:03:32Z,2026-03-24
7f9e492c365239a3_1358,7f9e492c365239a3,R114792-03,W118892,AB24ROOM,14,-41,0,1,PASS,1,1,74,0,1358,0,2026-03-24T15:03:32Z,2026-03-24
7f9e492c365239a3_1359,7f9e492c365239a3,R114792-03,W118892,AB24ROOM,15,-41,0,1,PASS,1,1,72,0,1359,0,2026-03-24T15:03:32Z,2026-03-24
7f9e492c365239a3_1360,7f9e492c365239a3,R114792-03,W118892,AB24ROOM,16,-41,0,1,PASS,1,1,72,0,1360,0,2026-03-24T15:03:32Z,2026-03-24
7f9e492c365239a3_1361,7f9e492c365239a3,R114792-03,W118892,AB24ROOM,17,-41,0,1,PASS,1,1,72,0,1361,0,2026-03-24T15:03:32Z,2026-03-24
7f9e492c365239a3_1362,7f9e492c365239a3,R114792-03,W118892,AB24ROOM,18,-41,0,1,PASS,1,1,72,0,1362,0,2026-03-24T15:03:32Z,2026-03-24
7f9e492c365239a3_1363,7f9e492c365239a3,R114792-03,W118892,AB24ROOM,19,-41,0,1,PASS,1,1,72,0,1363,0,2026-03-24T15:03:32Z,2026-03-24
7f9e492c365239a3_1364,7f9e492c365239a3,R114792-03,W118892,AB24ROOM,20,-41,0,1,PASS,1,1,74,0,1364,0,2026-03-24T15:03:32Z,2026-03-24
7f9e492c365239a3_1365,7f9e492c365239a3,R114792-03,W118892,AB24ROOM,21,-41,0,1,PASS,1,1,72,0,1365,0,2026-03-24T15:03:32Z,2026-03-24
7f9e492c365239a3_1366,7f9e492c365239a3,R114792-03,W118892,AB24ROOM,22,-41,0,1,PASS,1,1,72,0,1366,0,2026-03-24T15:03:32Z,2026-03-24
7f9e492c365239a3_1367,7f9e492c365239a3,R114792-03,W118892,AB24ROOM,23,-41,0,1,PASS,1,1,72,0,1367,0,2026-03-24T15:03:32Z,2026-03-24
7f9e492c365239a3_1368,7f9e492c365239a3,R114792-03,W118892,AB24ROOM,24,-41,0,1,PASS,1,1,54,0,1368,0,2026-03-24T15:03:32Z,2026-03-24
7f9e492c365239a3_1369,7f9e492c365239a3,R114792-03,W118892,AB24ROOM,25,-41,0,1,PASS,1,1,72,0,1369,0,2026-03-24T15:03:32Z,2026-03-24
7f9e492c365239a3_1370,7f9e492c365239a3,R114792-03,W118892,AB24ROOM,26,-41,0,1,PASS,1,1,74,0,1370,0,2026-03-24T15:03:32Z,2026-03-24
7f9e492c365239a3_1371,7f9e492c365239a3,R114792-03,W118892,AB24ROOM,27,-41,0,1,PASS,1,1,72,0,1371,0,2026-03-24T15:03:32Z,2026-03-24
7f9e492c365239a3_1372,7f9e492c365239a3,R114792-03,W118892,AB24ROOM,28,-41,0,1,PASS,1,1,72,0,1372,0,2026-03-24T15:03:32Z,2026-03-24
7f9e492c365239a3_1373,7f9e492c365239a3,R114792-03,W118892,AB24ROOM,29,-41,0,1,PASS,1,1,72,0,1373,0,2026-03-24T15:03:32Z,2026-03-24
7f9e492c365239a3_1374,7f9e492c365239a3,R114792-03,W118892,AB24ROOM,30,-41,0,1,PASS,1,1,72,0,1374,0,2026-03-24T15:03:32Z,2026-03-24
7f9e492c365239a3_1375,7f9e492c365239a3,R114792-03,W118892,AB24ROOM,31,-41,0,1,PASS,1,1,72,0,1375,0,2026-03-24T15:03:32Z,2026-03-24
7f9e492c365239a3_1376,7f9e492c365239a3,R114792-03,W118892,AB24ROOM,32,-41,0,1,PASS,1,1,74,0,1376,0,2026-03-24T15:03:32Z,2026-03-24
7f9e492c365239a3_1377,7f9e492c365239a3,R114792-03,W118892,AB24ROOM,33,-41,0,1,PASS,1,1,72,0,1377,0,2026-03-24T15:03:32Z,2026-03-24
7f9e492c365239a3_1378,7f9e492c365239a3,R114792-03,W118892,AB24ROOM,34,-41,0,1,PASS,1,1,72,0,1378,0,2026-03-24T15:03:32Z,2026-03-24
7f9e492c365239a3_1379,7f9e492c365239a3,R114792-03,W118892,AB24ROOM,35,-41,0,1,PASS,1,1,72,0,1379,0,2026-03-24T15:03:32Z,2026-03-24
7f9e492c365239a3_1380,7f9e492c365239a3,R114792-03,W118892,AB24ROOM,36,-41,0,1,PASS,1,1,72,0,1380,0,2026-03-24T15:03:32Z,2026-03-24
7f9e492c365239a3_1381,7f9e492c365239a3,R114792-03,W118892,AB24ROOM,37,-41,0,1,PASS,1,1,72,0,1381,0,2026-03-24T15:03:32Z,2026-03-24
7f9e492c365239a3_1382,7f9e492c365239a3,R114792-03,W118892,AB24ROOM,38,-41,0,1,PASS,1,1,56,0,1382,0,2026-03-24T15:03:32Z,2026-03-24
7f9e492c365239a3_1383,7f9e492c365239a3,R114792-03,W118892,AB24ROOM,37,-42,0,1,FAIL,8,8,32,0,1383,0,2026-03-24T15:03:32Z,2026-03-24
7f9e492c365239a3_1384,7f9e492c365239a3,R114792-03,W118892,AB24ROOM,36,-42,0,1,PASS,1,1,74,0,1384,0,2026-03-24T15:03:32Z,2026-03-24
7f9e492c365239a3_1385,7f9e492c365239a3,R114792-03,W118892,AB24ROOM,35,-42,0,1,PASS,1,1,72,0,1385,0,2026-03-24T15:03:32Z,2026-03-24
7f9e492c365239a3_1386,7f9e492c365239a3,R114792-03,W118892,AB24ROOM,34,-42,0,1,PASS,1,1,72,0,1386,0,2026-03-24T15:03:32Z,2026-03-24
7f9e492c365239a3_1387,7f9e492c365239a3,R114792-03,W118892,AB24ROOM,33,-42,0,1,PASS,1,1,72,0,1387,0,2026-03-24T15:03:32Z,2026-03-24
7f9e492c365239a3_1388,7f9e492c365239a3,R114792-03,W118892,AB24ROOM,32,-42,0,1,PASS,1,1,72,0,1388,0,2026-03-24T15:03:32Z,2026-03-24
7f9e492c365239a3_1389,7f9e492c365239a3,R114792-03,W118892,AB24ROOM,31,-42,0,1,PASS,1,1,72,0,1389,0,2026-03-24T15:03:32Z,2026-03-24
7f9e492c365239a3_1390,7f9e492c365239a3,R114792-03,W118892,AB24ROOM,30,-42,0,1,PASS,1,1,74,0,1390,0,2026-03-24T15:03:32Z,2026-03-24
7f9e492c365239a3_1391,7f9e492c365239a3,R114792-03,W118892,AB24ROOM,29,-42,0,1,PASS,1,1,72,0,1391,0,2026-03-24T15:03:32Z,2026-03-24
7f9e492c365239a3_1392,7f9e492c365239a3,R114792-03,W118892,AB24ROOM,28,-42,0,1,PASS,1,1,72,0,1392,0,2026-03-24T15:03:32Z,2026-03-24
7f9e492c365239a3_1393,7f9e492c365239a3,R114792-03,W118892,AB24ROOM,27,-42,0,1,PASS,1,1,72,0,1393,0,2026-03-24T15:03:32Z,2026-03-24
7f9e492c365239a3_1394,7f9e492c365239a3,R114792-03,W118892,AB24ROOM,26,-42,0,1,PASS,1,1,72,0,1394,0,2026-03-24T15:03:32Z,2026-03-24
7f9e492c365239a3_1395,7f9e492c365239a3,R114792-03,W118892,AB24ROOM,25,-42,0,1,PASS,1,1,54,0,1395,0,2026-03-24T15:03:32Z,2026-03-24
7f9e492c365239a3_1396,7f9e492c365239a3,R114792-03,W118892,AB24ROOM,24,-42,0,1,PASS,1,1,74,0,1396,0,2026-03-24T15:03:32Z,2026-03-24
7f9e492c365239a3_1397,7f9e492c365239a3,R114792-03,W118892,AB24ROOM,23,-42,0,1,PASS,1,1,72,0,1397,0,2026-03-24T15:03:32Z,2026-03-24
7f9e492c365239a3_1398,7f9e492c365239a3,R114792-03,W118892,AB24ROOM,22,-42,0,1,PASS,1,1,72,0,1398,0,2026-03-24T15:03:32Z,2026-03-24
7f9e492c365239a3_1399,7f9e492c365239a3,R114792-03,W118892,AB24ROOM,21,-42,0,1,PASS,1,1,72,0,1399,0,2026-03-24T15:03:32Z,2026-03-24
7f9e492c365239a3_1400,7f9e492c365239a3,R114792-03,W118892,AB24ROOM,20,-42,0,1,PASS,1,1,72,0,1400,0,2026-03-24T15:03:32Z,2026-03-24
7f9e492c365239a3_1401,7f9e492c365239a3,R114792-03,W118892,AB24ROOM,19,-42,0,1,PASS,1,1,72,0,1401,0,2026-03-24T15:03:32Z,2026-03-24
7f9e492c365239a3_1402,7f9e492c365239a3,R114792-03,W118892,AB24ROOM,18,-42,0,1,FAIL,8,8,32,0,1402,0,2026-03-24T15:03:32Z,2026-03-24
7f9e492c365239a3_1403,7f9e492c365239a3,R114792-03,W118892,AB24ROOM,17,-42,0,1,PASS,1,1,74,0,1403,0,2026-03-24T15:03:32Z,2026-03-24
7f9e492c365239a3_1404,7f9e492c365239a3,R114792-03,W118892,AB24ROOM,16,-42,0,1,FAIL,8,8,32,0,1404,0,2026-03-24T15:03:32Z,2026-03-24
7f9e492c365239a3_1405,7f9e492c365239a3,R114792-03,W118892,AB24ROOM,15,-42,0,1,FAIL,8,8,32,0,1405,0,2026-03-24T15:03:32Z,2026-03-24
7f9e492c365239a3_1406,7f9e492c365239a3,R114792-03,W118892,AB24ROOM,14,-42,0,1,PASS,1,1,74,0,1406,0,2026-03-24T15:03:32Z,2026-03-24
7f9e492c365239a3_1407,7f9e492c365239a3,R114792-03,W118892,AB24ROOM,13,-42,0,1,FAIL,4,4,36,0,1407,0,2026-03-24T15:03:32Z,2026-03-24
7f9e492c365239a3_1408,7f9e492c365239a3,R114792-03,W118892,AB24ROOM,15,-43,0,1,PASS,1,1,74,0,1408,0,2026-03-24T15:03:32Z,2026-03-24
7f9e492c365239a3_1409,7f9e492c365239a3,R114792-03,W118892,AB24ROOM,16,-43,0,1,PASS,1,1,72,0,1409,0,2026-03-24T15:03:32Z,2026-03-24
7f9e492c365239a3_1410,7f9e492c365239a3,R114792-03,W118892,AB24ROOM,17,-43,0,1,PASS,1,1,72,0,1410,0,2026-03-24T15:03:32Z,2026-03-24
7f9e492c365239a3_1411,7f9e492c365239a3,R114792-03,W118892,AB24ROOM,18,-43,0,1,PASS,1,1,72,0,1411,0,2026-03-24T15:03:32Z,2026-03-24
7f9e492c365239a3_1412,7f9e492c365239a3,R114792-03,W118892,AB24ROOM,19,-43,0,1,PASS,1,1,72,0,1412,0,2026-03-24T15:03:32Z,2026-03-24
7f9e492c365239a3_1413,7f9e492c365239a3,R114792-03,W118892,AB24ROOM,20,-43,0,1,FAIL,2,2,54,0,1413,0,2026-03-24T15:03:32Z,2026-03-24
7f9e492c365239a3_1414,7f9e492c365239a3,R114792-03,W118892,AB24ROOM,21,-43,0,1,FAIL,2,2,53,0,1414,0,2026-03-24T15:03:32Z,2026-03-24
7f9e492c365239a3_1415,7f9e492c365239a3,R114792-03,W118892,AB24ROOM,22,-43,0,1,PASS,1,1,74,0,1415,0,2026-03-24T15:03:32Z,2026-03-24
7f9e492c365239a3_1416,7f9e492c365239a3,R114792-03,W118892,AB24ROOM,23,-43,0,1,PASS,1,1,72,0,1416,0,2026-03-24T15:03:32Z,2026-03-24
7f9e492c365239a3_1417,7f9e492c365239a3,R114792-03,W118892,AB24ROOM,24,-43,0,1,PASS,1,1,54,0,1417,0,2026-03-24T15:03:32Z,2026-03-24
7f9e492c365239a3_1418,7f9e492c365239a3,R114792-03,W118892,AB24ROOM,25,-43,0,1,PASS,1,1,54,0,1418,0,2026-03-24T15:03:32Z,2026-03-24
7f9e492c365239a3_1419,7f9e492c365239a3,R114792-03,W118892,AB24ROOM,26,-43,0,1,PASS,1,1,72,0,1419,0,2026-03-24T15:03:32Z,2026-03-24
7f9e492c365239a3_1420,7f9e492c365239a3,R114792-03,W118892,AB24ROOM,27,-43,0,1,PASS,1,1,72,0,1420,0,2026-03-24T15:03:32Z,2026-03-24
7f9e492c365239a3_1421,7f9e492c365239a3,R114792-03,W118892,AB24ROOM,28,-43,0,1,PASS,1,1,74,0,1421,0,2026-03-24T15:03:32Z,2026-03-24
7f9e492c365239a3_1422,7f9e492c365239a3,R114792-03,W118892,AB24ROOM,29,-43,0,1,PASS,1,1,72,0,1422,0,2026-03-24T15:03:32Z,2026-03-24
7f9e492c365239a3_1423,7f9e492c365239a3,R114792-03,W118892,AB24ROOM,30,-43,0,1,PASS,1,1,72,0,1423,0,2026-03-24T15:03:32Z,2026-03-24
7f9e492c365239a3_1424,7f9e492c365239a3,R114792-03,W118892,AB24ROOM,31,-43,0,1,PASS,1,1,72,0,1424,0,2026-03-24T15:03:32Z,2026-03-24
7f9e492c365239a3_1425,7f9e492c365239a3,R114792-03,W118892,AB24ROOM,32,-43,0,1,PASS,1,1,72,0,1425,0,2026-03-24T15:03:32Z,2026-03-24
7f9e492c365239a3_1426,7f9e492c365239a3,R114792-03,W118892,AB24ROOM,33,-43,0,1,PASS,1,1,72,0,1426,0,2026-03-24T15:03:32Z,2026-03-24
7f9e492c365239a3_1427,7f9e492c365239a3,R114792-03,W118892,AB24ROOM,34,-43,0,1,PASS,1,1,74,0,1427,0,2026-03-24T15:03:32Z,2026-03-24
7f9e492c365239a3_1428,7f9e492c365239a3,R114792-03,W118892,AB24ROOM,35,-43,0,1,PASS,1,1,72,0,1428,0,2026-03-24T15:03:32Z,2026-03-24
7f9e492c365239a3_1429,7f9e492c365239a3,R114792-03,W118892,AB24ROOM,33,-44,0,1,PASS,1,1,72,0,1429,0,2026-03-24T15:03:32Z,2026-03-24
7f9e492c365239a3_1430,7f9e492c365239a3,R114792-03,W118892,AB24ROOM,32,-44,0,1,PASS,1,1,72,0,1430,0,2026-03-24T15:03:32Z,2026-03-24
7f9e492c365239a3_1431,7f9e492c365239a3,R114792-03,W118892,AB24ROOM,31,-44,0,1,PASS,1,1,72,0,1431,0,2026-03-24T15:03:32Z,2026-03-24
7f9e492c365239a3_1432,7f9e492c365239a3,R114792-03,W118892,AB24ROOM,30,-44,0,1,PASS,1,1,72,0,1432,0,2026-03-24T15:03:32Z,2026-03-24
7f9e492c365239a3_1433,7f9e492c365239a3,R114792-03,W118892,AB24ROOM,29,-44,0,1,PASS,1,1,74,0,1433,0,2026-03-24T15:03:32Z,2026-03-24
7f9e492c365239a3_1434,7f9e492c365239a3,R114792-03,W118892,AB24ROOM,28,-44,0,1,PASS,1,1,54,0,1434,0,2026-03-24T15:03:32Z,2026-03-24
7f9e492c365239a3_1435,7f9e492c365239a3,R114792-03,W118892,AB24ROOM,27,-44,0,1,PASS,1,1,72,0,1435,0,2026-03-24T15:03:32Z,2026-03-24
7f9e492c365239a3_1436,7f9e492c365239a3,R114792-03,W118892,AB24ROOM,26,-44,0,1,PASS,1,1,72,0,1436,0,2026-03-24T15:03:32Z,2026-03-24
7f9e492c365239a3_1437,7f9e492c365239a3,R114792-03,W118892,AB24ROOM,25,-44,0,1,PASS,1,1,54,0,1437,0,2026-03-24T15:03:32Z,2026-03-24
7f9e492c365239a3_1438,7f9e492c365239a3,R114792-03,W118892,AB24ROOM,24,-44,0,1,PASS,1,1,72,0,1438,0,2026-03-24T15:03:32Z,2026-03-24
7f9e492c365239a3_1439,7f9e492c365239a3,R114792-03,W118892,AB24ROOM,23,-44,0,1,PASS,1,1,74,0,1439,0,2026-03-24T15:03:32Z,2026-03-24
7f9e492c365239a3_1440,7f9e492c365239a3,R114792-03,W118892,AB24ROOM,22,-44,0,1,PASS,1,1,72,0,1440,0,2026-03-24T15:03:32Z,2026-03-24
7f9e492c365239a3_1441,7f9e492c365239a3,R114792-03,W118892,AB24ROOM,21,-44,0,1,PASS,1,1,54,0,1441,0,2026-03-24T15:03:32Z,2026-03-24
7f9e492c365239a3_1442,7f9e492c365239a3,R114792-03,W118892,AB24ROOM,20,-44,0,1,PASS,1,1,72,0,1442,0,2026-03-24T15:03:32Z,2026-03-24
7f9e492c365239a3_1443,7f9e492c365239a3,R114792-03,W118892,AB24ROOM,19,-44,0,1,PASS,1,1,72,0,1443,0,2026-03-24T15:03:32Z,2026-03-24
7f9e492c365239a3_1444,7f9e492c365239a3,R114792-03,W118892,AB24ROOM,18,-44,0,1,PASS,1,1,72,0,1444,0,2026-03-24T15:03:32Z,2026-03-24
7f9e492c365239a3_1445,7f9e492c365239a3,R114792-03,W118892,AB24ROOM,17,-44,0,1,PASS,1,1,74,0,1445,0,2026-03-24T15:03:32Z,2026-03-24
7f9e492c365239a3_1446,7f9e492c365239a3,R114792-03,W118892,AB24ROOM,20,-45,0,1,PASS,1,1,72,0,1446,0,2026-03-24T15:03:32Z,2026-03-24
7f9e492c365239a3_1447,7f9e492c365239a3,R114792-03,W118892,AB24ROOM,21,-45,0,1,PASS,1,1,54,0,1447,0,2026-03-24T15:03:32Z,2026-03-24
7f9e492c365239a3_1448,7f9e492c365239a3,R114792-03,W118892,AB24ROOM,22,-45,0,1,PASS,1,1,54,0,1448,0,2026-03-24T15:03:32Z,2026-03-24
7f9e492c365239a3_1449,7f9e492c365239a3,R114792-03,W118892,AB24ROOM,23,-45,0,1,PASS,1,1,72,0,1449,0,2026-03-24T15:03:32Z,2026-03-24
7f9e492c365239a3_1450,7f9e492c365239a3,R114792-03,W118892,AB24ROOM,24,-45,0,1,PASS,1,1,72,0,1450,0,2026-03-24T15:03:32Z,2026-03-24
7f9e492c365239a3_1451,7f9e492c365239a3,R114792-03,W118892,AB24ROOM,25,-45,0,1,PASS,1,1,74,0,1451,0,2026-03-24T15:03:32Z,2026-03-24
7f9e492c365239a3_1452,7f9e492c365239a3,R114792-03,W118892,AB24ROOM,26,-45,0,1,PASS,1,1,72,0,1452,0,2026-03-24T15:03:32Z,2026-03-24
7f9e492c365239a3_1453,7f9e492c365239a3,R114792-03,W118892,AB24ROOM,27,-45,0,1,PASS,1,1,54,0,1453,0,2026-03-24T15:03:32Z,2026-03-24
7f9e492c365239a3_1454,7f9e492c365239a3,R114792-03,W118892,AB24ROOM,28,-45,0,1,PASS,1,1,54,0,1454,0,2026-03-24T15:03:32Z,2026-03-24
7f9e492c365239a3_1455,7f9e492c365239a3,R114792-03,W118892,AB24ROOM,29,-45,0,1,PASS,1,1,72,0,1455,0,2026-03-24T15:03:32Z,2026-03-24
7f9e492c365239a3_1456,7f9e492c365239a3,R114792-03,W118892,AB24ROOM,30,-45,0,1,PASS,1,1,54,0,1456,0,2026-03-24T15:03:32Z,2026-03-24
7f9e492c365239a3_1457,7f9e492c365239a3,R114792-03,W118892,AB24ROOM,31,-45,0,1,FAIL,5,5,1,0,1457,0,2026-03-24T15:03:32Z,2026-03-24
7f9e492c365239a3_1458,7f9e492c365239a3,R114792-03,W118892,AB24ROOM,19,-3,0,1,FAIL,5,5,1,0,1458,0,2026-03-24T15:03:32Z,2026-03-24
7f9e492c365239a3_1459,7f9e492c365239a3,R114792-03,W118892,AB24ROOM,27,-3,0,1,PASS,1,1,74,0,1459,0,2026-03-24T15:03:32Z,2026-03-24
7f9e492c365239a3_1460,7f9e492c365239a3,R114792-03,W118892,AB24ROOM,30,-3,0,1,FAIL,2,2,33,0,1460,0,2026-03-24T15:03:32Z,2026-03-24
7f9e492c365239a3_1461,7f9e492c365239a3,R114792-03,W118892,AB24ROOM,33,-4,0,1,FAIL,2,2,38,0,1461,0,2026-03-24T15:03:32Z,2026-03-24
7f9e492c365239a3_1462,7f9e492c365239a3,R114792-03,W118892,AB24ROOM,32,-4,0,1,PASS,1,1,56,0,1462,0,2026-03-24T15:03:32Z,2026-03-24
7f9e492c365239a3_1463,7f9e492c365239a3,R114792-03,W118892,AB24ROOM,27,-4,0,1,PASS,1,1,72,0,1463,0,2026-03-24T15:03:32Z,2026-03-24
7f9e492c365239a3_1464,7f9e492c365239a3,R114792-03,W118892,AB24ROOM,25,-4,0,1,PASS,1,1,72,0,1464,0,2026-03-24T15:03:32Z,2026-03-24
7f9e492c365239a3_1465,7f9e492c365239a3,R114792-03,W118892,AB24ROOM,22,-5,0,1,FAIL,2,2,33,0,1465,0,2026-03-24T15:03:32Z,2026-03-24
7f9e492c365239a3_1466,7f9e492c365239a3,R114792-03,W118892,AB24ROOM,23,-5,0,1,FAIL,10,10,11,0,1466,0,2026-03-24T15:03:32Z,2026-03-24
7f9e492c365239a3_1467,7f9e492c365239a3,R114792-03,W118892,AB24ROOM,34,-5,0,1,FAIL,2,2,57,0,1467,0,2026-03-24T15:03:32Z,2026-03-24
7f9e492c365239a3_1468,7f9e492c365239a3,R114792-03,W118892,AB24ROOM,28,-6,0,1,FAIL,10,10,11,0,1468,0,2026-03-24T15:03:32Z,2026-03-24
7f9e492c365239a3_1469,7f9e492c365239a3,R114792-03,W118892,AB24ROOM,14,-6,0,1,FAIL,2,2,38,0,1469,0,2026-03-24T15:03:32Z,2026-03-24
7f9e492c365239a3_1470,7f9e492c365239a3,R114792-03,W118892,AB24ROOM,13,-6,0,1,FAIL,10,10,11,0,1470,0,2026-03-24T15:03:32Z,2026-03-24
7f9e492c365239a3_1471,7f9e492c365239a3,R114792-03,W118892,AB24ROOM,17,-7,0,1,PASS,1,1,74,0,1471,0,2026-03-24T15:03:32Z,2026-03-24
7f9e492c365239a3_1472,7f9e492c365239a3,R114792-03,W118892,AB24ROOM,30,-7,0,1,PASS,1,1,54,0,1472,0,2026-03-24T15:03:32Z,2026-03-24
7f9e492c365239a3_1473,7f9e492c365239a3,R114792-03,W118892,AB24ROOM,29,-8,0,1,FAIL,2,2,33,0,1473,0,2026-03-24T15:03:32Z,2026-03-24
7f9e492c365239a3_1474,7f9e492c365239a3,R114792-03,W118892,AB24ROOM,28,-8,0,1,FAIL,2,2,35,0,1474,0,2026-03-24T15:03:32Z,2026-03-24
7f9e492c365239a3_1475,7f9e492c365239a3,R114792-03,W118892,AB24ROOM,25,-8,0,1,PASS,1,1,74,0,1475,0,2026-03-24T15:03:32Z,2026-03-24
7f9e492c365239a3_1476,7f9e492c365239a3,R114792-03,W118892,AB24ROOM,22,-9,0,1,FAIL,8,8,29,0,1476,0,2026-03-24T15:03:32Z,2026-03-24
7f9e492c365239a3_1477,7f9e492c365239a3,R114792-03,W118892,AB24ROOM,24,-9,0,1,PASS,1,1,74,0,1477,0,2026-03-24T15:03:32Z,2026-03-24
7f9e492c365239a3_1478,7f9e492c365239a3,R114792-03,W118892,AB24ROOM,25,-9,0,1,PASS,1,1,72,0,1478,0,2026-03-24T15:03:32Z,2026-03-24
7f9e492c365239a3_1479,7f9e492c365239a3,R114792-03,W118892,AB24ROOM,26,-9,0,1,PASS,1,1,72,0,1479,0,2026-03-24T15:03:32Z,2026-03-24
7f9e492c365239a3_1480,7f9e492c365239a3,R114792-03,W118892,AB24ROOM,27,-9,0,1,PASS,1,1,72,0,1480,0,2026-03-24T15:03:32Z,2026-03-24
7f9e492c365239a3_1481,7f9e492c365239a3,R114792-03,W118892,AB24ROOM,28,-9,0,1,FAIL,8,8,29,0,1481,0,2026-03-24T15:03:32Z,2026-03-24
7f9e492c365239a3_1482,7f9e492c365239a3,R114792-03,W118892,AB24ROOM,29,-9,0,1,FAIL,8,8,29,0,1482,0,2026-03-24T15:03:32Z,2026-03-24
7f9e492c365239a3_1483,7f9e492c365239a3,R114792-03,W118892,AB24ROOM,34,-9,0,1,PASS,1,1,56,0,1483,0,2026-03-24T15:03:32Z,2026-03-24
7f9e492c365239a3_1484,7f9e492c365239a3,R114792-03,W118892,AB24ROOM,35,-9,0,1,FAIL,8,8,29,0,1484,0,2026-03-24T15:03:32Z,2026-03-24
7f9e492c365239a3_1485,7f9e492c365239a3,R114792-03,W118892,AB24ROOM,36,-9,0,1,FAIL,8,8,29,0,1485,0,2026-03-24T15:03:32Z,2026-03-24
7f9e492c365239a3_1486,7f9e492c365239a3,R114792-03,W118892,AB24ROOM,37,-9,0,1,FAIL,8,8,29,0,1486,0,2026-03-24T15:03:32Z,2026-03-24
7f9e492c365239a3_1487,7f9e492c365239a3,R114792-03,W118892,AB24ROOM,38,-9,0,1,PASS,1,1,74,0,1487,0,2026-03-24T15:03:32Z,2026-03-24
7f9e492c365239a3_1488,7f9e492c365239a3,R114792-03,W118892,AB24ROOM,39,-9,0,1,FAIL,20,20,62,0,1488,0,2026-03-24T15:03:32Z,2026-03-24
7f9e492c365239a3_1489,7f9e492c365239a3,R114792-03,W118892,AB24ROOM,40,-10,0,1,FAIL,4,4,36,0,1489,0,2026-03-24T15:03:32Z,2026-03-24
7f9e492c365239a3_1490,7f9e492c365239a3,R114792-03,W118892,AB24ROOM,33,-10,0,1,PASS,1,1,56,0,1490,0,2026-03-24T15:03:32Z,2026-03-24
7f9e492c365239a3_1491,7f9e492c365239a3,R114792-03,W118892,AB24ROOM,24,-10,0,1,PASS,1,1,54,0,1491,0,2026-03-24T15:03:32Z,2026-03-24
7f9e492c365239a3_1492,7f9e492c365239a3,R114792-03,W118892,AB24ROOM,17,-10,0,1,FAIL,8,8,32,0,1492,0,2026-03-24T15:03:32Z,2026-03-24
7f9e492c365239a3_1493,7f9e492c365239a3,R114792-03,W118892,AB24ROOM,15,-10,0,1,FAIL,8,8,29,0,1493,0,2026-03-24T15:03:32Z,2026-03-24
7f9e492c365239a3_1494,7f9e492c365239a3,R114792-03,W118892,AB24ROOM,29,-11,0,1,FAIL,8,8,32,0,1494,0,2026-03-24T15:03:32Z,2026-03-24
7f9e492c365239a3_1495,7f9e492c365239a3,R114792-03,W118892,AB24ROOM,31,-11,0,1,FAIL,7,7,23,0,1495,0,2026-03-24T15:03:32Z,2026-03-24
7f9e492c365239a3_1496,7f9e492c365239a3,R114792-03,W118892,AB24ROOM,35,-11,0,1,PASS,1,1,56,0,1496,0,2026-03-24T15:03:32Z,2026-03-24
7f9e492c365239a3_1497,7f9e492c365239a3,R114792-03,W118892,AB24ROOM,41,-12,0,1,FAIL,2,2,54,0,1497,0,2026-03-24T15:03:32Z,2026-03-24
7f9e492c365239a3_1498,7f9e492c365239a3,R114792-03,W118892,AB24ROOM,28,-12,0,1,PASS,1,1,56,0,1498,0,2026-03-24T15:03:32Z,2026-03-24
7f9e492c365239a3_1499,7f9e492c365239a3,R114792-03,W118892,AB24ROOM,13,-12,0,1,PASS,1,1,72,0,1499,0,2026-03-24T15:03:32Z,2026-03-24
7f9e492c365239a3_1500,7f9e492c365239a3,R114792-03,W118892,AB24ROOM,8,-12,0,1,FAIL,2,2,36,0,1500,0,2026-03-24T15:03:32Z,2026-03-24
7f9e492c365239a3_1501,7f9e492c365239a3,R114792-03,W118892,AB24ROOM,6,-13,0,1,FAIL,5,5,1,0,1501,0,2026-03-24T15:03:32Z,2026-03-24
7f9e492c365239a3_1502,7f9e492c365239a3,R114792-03,W118892,AB24ROOM,15,-13,0,1,PASS,1,1,74,0,1502,0,2026-03-24T15:03:32Z,2026-03-24
7f9e492c365239a3_1503,7f9e492c365239a3,R114792-03,W118892,AB24ROOM,22,-13,0,1,FAIL,2,2,37,0,1503,0,2026-03-24T15:03:32Z,2026-03-24
7f9e492c365239a3_1504,7f9e492c365239a3,R114792-03,W118892,AB24ROOM,23,-13,0,1,PASS,1,1,74,0,1504,0,2026-03-24T15:03:32Z,2026-03-24
7f9e492c365239a3_1505,7f9e492c365239a3,R114792-03,W118892,AB24ROOM,25,-13,0,1,PASS,1,1,72,0,1505,0,2026-03-24T15:03:32Z,2026-03-24
7f9e492c365239a3_1506,7f9e492c365239a3,R114792-03,W118892,AB24ROOM,26,-13,0,1,PASS,1,1,72,0,1506,0,2026-03-24T15:03:32Z,2026-03-24
7f9e492c365239a3_1507,7f9e492c365239a3,R114792-03,W118892,AB24ROOM,27,-13,0,1,PASS,1,1,72,0,1507,0,2026-03-24T15:03:32Z,2026-03-24
7f9e492c365239a3_1508,7f9e492c365239a3,R114792-03,W118892,AB24ROOM,28,-13,0,1,FAIL,8,8,29,0,1508,0,2026-03-24T15:03:32Z,2026-03-24
7f9e492c365239a3_1509,7f9e492c365239a3,R114792-03,W118892,AB24ROOM,34,-13,0,1,FAIL,8,8,29,0,1509,0,2026-03-24T15:03:32Z,2026-03-24
7f9e492c365239a3_1510,7f9e492c365239a3,R114792-03,W118892,AB24ROOM,37,-13,0,1,PASS,1,1,56,0,1510,0,2026-03-24T15:03:32Z,2026-03-24
7f9e492c365239a3_1511,7f9e492c365239a3,R114792-03,W118892,AB24ROOM,44,-13,0,1,FAIL,5,5,1,0,1511,0,2026-03-24T15:03:32Z,2026-03-24
7f9e492c365239a3_1512,7f9e492c365239a3,R114792-03,W118892,AB24ROOM,35,-14,0,1,FAIL,10,10,11,0,1512,0,2026-03-24T15:03:32Z,2026-03-24
7f9e492c365239a3_1513,7f9e492c365239a3,R114792-03,W118892,AB24ROOM,24,-14,0,1,FAIL,2,2,39,0,1513,0,2026-03-24T15:03:32Z,2026-03-24
7f9e492c365239a3_1514,7f9e492c365239a3,R114792-03,W118892,AB24ROOM,5,-15,0,1,FAIL,5,5,1,0,1514,0,2026-03-24T15:03:32Z,2026-03-24
7f9e492c365239a3_1515,7f9e492c365239a3,R114792-03,W118892,AB24ROOM,9,-15,0,1,PASS,1,1,56,0,1515,0,2026-03-24T15:03:32Z,2026-03-24
7f9e492c365239a3_1516,7f9e492c365239a3,R114792-03,W118892,AB24ROOM,30,-15,0,1,PASS,1,1,54,0,1516,0,2026-03-24T15:03:32Z,2026-03-24
7f9e492c365239a3_1517,7f9e492c365239a3,R114792-03,W118892,AB24ROOM,42,-15,0,1,PASS,1,1,54,0,1517,0,2026-03-24T15:03:32Z,2026-03-24
7f9e492c365239a3_1518,7f9e492c365239a3,R114792-03,W118892,AB24ROOM,45,-15,0,1,FAIL,5,5,1,0,1518,0,2026-03-24T15:03:32Z,2026-03-24
7f9e492c365239a3_1519,7f9e492c365239a3,R114792-03,W118892,AB24ROOM,45,-16,0,1,FAIL,2,2,35,0,1519,0,2026-03-24T15:03:32Z,2026-03-24
7f9e492c365239a3_1520,7f9e492c365239a3,R114792-03,W118892,AB24ROOM,24,-16,0,1,PASS,1,1,74,0,1520,0,2026-03-24T15:03:32Z,2026-03-24
7f9e492c365239a3_1521,7f9e492c365239a3,R114792-03,W118892,AB24ROOM,16,-17,0,1,PASS,1,1,54,0,1521,0,2026-03-24T15:03:32Z,2026-03-24
7f9e492c365239a3_1522,7f9e492c365239a3,R114792-03,W118892,AB24ROOM,27,-17,0,1,FAIL,10,10,11,0,1522,0,2026-03-24T15:03:32Z,2026-03-24
7f9e492c365239a3_1523,7f9e492c365239a3,R114792-03,W118892,AB24ROOM,45,-17,0,1,FAIL,2,2,38,0,1523,0,2026-03-24T15:03:32Z,2026-03-24
7f9e492c365239a3_1524,7f9e492c365239a3,R114792-03,W118892,AB24ROOM,45,-18,0,1,FAIL,9,9,47,0,1524,0,2026-03-24T15:03:32Z,2026-03-24
7f9e492c365239a3_1525,7f9e492c365239a3,R114792-03,W118892,AB24ROOM,44,-18,0,1,FAIL,2,2,35,0,1525,0,2026-03-24T15:03:32Z,2026-03-24
7f9e492c365239a3_1526,7f9e492c365239a3,R114792-03,W118892,AB24ROOM,37,-18,0,1,FAIL,10,10,11,0,1526,0,2026-03-24T15:03:32Z,2026-03-24
7f9e492c365239a3_1527,7f9e492c365239a3,R114792-03,W118892,AB24ROOM,34,-18,0,1,FAIL,2,2,57,0,1527,0,2026-03-24T15:03:32Z,2026-03-24
7f9e492c365239a3_1528,7f9e492c365239a3,R114792-03,W118892,AB24ROOM,29,-18,0,1,PASS,1,1,56,0,1528,0,2026-03-24T15:03:32Z,2026-03-24
7f9e492c365239a3_1529,7f9e492c365239a3,R114792-03,W118892,AB24ROOM,19,-18,0,1,PASS,1,1,54,0,1529,0,2026-03-24T15:03:32Z,2026-03-24
7f9e492c365239a3_1530,7f9e492c365239a3,R114792-03,W118892,AB24ROOM,17,-18,0,1,PASS,1,1,54,0,1530,0,2026-03-24T15:03:32Z,2026-03-24
7f9e492c365239a3_1531,7f9e492c365239a3,R114792-03,W118892,AB24ROOM,34,-19,0,1,PASS,1,1,54,0,1531,0,2026-03-24T15:03:32Z,2026-03-24
7f9e492c365239a3_1532,7f9e492c365239a3,R114792-03,W118892,AB24ROOM,42,-19,0,1,PASS,1,1,72,0,1532,0,2026-03-24T15:03:32Z,2026-03-24
7f9e492c365239a3_1533,7f9e492c365239a3,R114792-03,W118892,AB24ROOM,33,-20,0,1,FAIL,2,2,33,0,1533,0,2026-03-24T15:03:32Z,2026-03-24
7f9e492c365239a3_1534,7f9e492c365239a3,R114792-03,W118892,AB24ROOM,23,-20,0,1,FAIL,2,2,35,0,1534,0,2026-03-24T15:03:32Z,2026-03-24
7f9e492c365239a3_1535,7f9e492c365239a3,R114792-03,W118892,AB24ROOM,4,-21,0,1,PASS,1,1,56,0,1535,0,2026-03-24T15:03:32Z,2026-03-24
7f9e492c365239a3_1536,7f9e492c365239a3,R114792-03,W118892,AB24ROOM,13,-21,0,1,PASS,1,1,54,0,1536,0,2026-03-24T15:03:32Z,2026-03-24
7f9e492c365239a3_1537,7f9e492c365239a3,R114792-03,W118892,AB24ROOM,23,-21,0,1,PASS,1,1,72,0,1537,0,2026-03-24T15:03:32Z,2026-03-24
7f9e492c365239a3_1538,7f9e492c365239a3,R114792-03,W118892,AB24ROOM,32,-21,0,1,PASS,1,1,72,0,1538,0,2026-03-24T15:03:32Z,2026-03-24
7f9e492c365239a3_1539,7f9e492c365239a3,R114792-03,W118892,AB24ROOM,35,-21,0,1,PASS,1,1,54,0,1539,0,2026-03-24T15:03:32Z,2026-03-24
7f9e492c365239a3_1540,7f9e492c365239a3,R114792-03,W118892,AB24ROOM,4,-22,0,1,FAIL,17,17,61,0,1540,0,2026-03-24T15:03:32Z,2026-03-24
7f9e492c365239a3_1541,7f9e492c365239a3,R114792-03,W118892,AB24ROOM,4,-23,0,1,FAIL,4,4,36,0,1541,0,2026-03-24T15:03:32Z,2026-03-24
7f9e492c365239a3_1542,7f9e492c365239a3,R114792-03,W118892,AB24ROOM,19,-23,0,1,PASS,1,1,56,0,1542,0,2026-03-24T15:03:32Z,2026-03-24
7f9e492c365239a3_1543,7f9e492c365239a3,R114792-03,W118892,AB24ROOM,40,-24,0,1,PASS,1,1,54,0,1543,0,2026-03-24T15:03:32Z,2026-03-24
7f9e492c365239a3_1544,7f9e492c365239a3,R114792-03,W118892,AB24ROOM,14,-24,0,1,PASS,1,1,54,0,1544,0,2026-03-24T15:03:32Z,2026-03-24
7f9e492c365239a3_1545,7f9e492c365239a3,R114792-03,W118892,AB24ROOM,4,-25,0,1,FAIL,17,17,43,0,1545,0,2026-03-24T15:03:32Z,2026-03-24
7f9e492c365239a3_1546,7f9e492c365239a3,R114792-03,W118892,AB24ROOM,5,-25,0,1,PASS,1,1,74,0,1546,0,2026-03-24T15:03:32Z,2026-03-24
7f9e492c365239a3_1547,7f9e492c365239a3,R114792-03,W118892,AB24ROOM,10,-25,0,1,FAIL,2,2,33,0,1547,0,2026-03-24T15:03:32Z,2026-03-24
7f9e492c365239a3_1548,7f9e492c365239a3,R114792-03,W118892,AB24ROOM,11,-25,0,1,FAIL,2,2,53,0,1548,0,2026-03-24T15:03:32Z,2026-03-24
7f9e492c365239a3_1549,7f9e492c365239a3,R114792-03,W118892,AB24ROOM,23,-25,0,1,PASS,1,1,74,0,1549,0,2026-03-24T15:03:32Z,2026-03-24
7f9e492c365239a3_1550,7f9e492c365239a3,R114792-03,W118892,AB24ROOM,26,-25,0,1,PASS,1,1,72,0,1550,0,2026-03-24T15:03:32Z,2026-03-24
7f9e492c365239a3_1551,7f9e492c365239a3,R114792-03,W118892,AB24ROOM,41,-25,0,1,PASS,1,1,54,0,1551,0,2026-03-24T15:03:32Z,2026-03-24
7f9e492c365239a3_1552,7f9e492c365239a3,R114792-03,W118892,AB24ROOM,42,-25,0,1,PASS,1,1,54,0,1552,0,2026-03-24T15:03:32Z,2026-03-24
7f9e492c365239a3_1553,7f9e492c365239a3,R114792-03,W118892,AB24ROOM,20,-26,0,1,PASS,1,1,54,0,1553,0,2026-03-24T15:03:32Z,2026-03-24
7f9e492c365239a3_1554,7f9e492c365239a3,R114792-03,W118892,AB24ROOM,4,-26,0,1,FAIL,17,17,43,0,1554,0,2026-03-24T15:03:32Z,2026-03-24
7f9e492c365239a3_1555,7f9e492c365239a3,R114792-03,W118892,AB24ROOM,7,-27,0,1,PASS,1,1,74,0,1555,0,2026-03-24T15:03:32Z,2026-03-24
7f9e492c365239a3_1556,7f9e492c365239a3,R114792-03,W118892,AB24ROOM,19,-27,0,1,FAIL,2,2,33,0,1556,0,2026-03-24T15:03:32Z,2026-03-24
7f9e492c365239a3_1557,7f9e492c365239a3,R114792-03,W118892,AB24ROOM,22,-27,0,1,PASS,1,1,74,0,1557,0,2026-03-24T15:03:32Z,2026-03-24
7f9e492c365239a3_1558,7f9e492c365239a3,R114792-03,W118892,AB24ROOM,26,-27,0,1,PASS,1,1,54,0,1558,0,2026-03-24T15:03:32Z,2026-03-24
7f9e492c365239a3_1559,7f9e492c365239a3,R114792-03,W118892,AB24ROOM,28,-27,0,1,PASS,1,1,54,0,1559,0,2026-03-24T15:03:32Z,2026-03-24
7f9e492c365239a3_1560,7f9e492c365239a3,R114792-03,W118892,AB24ROOM,29,-27,0,1,PASS,1,1,72,0,1560,0,2026-03-24T15:03:32Z,2026-03-24
7f9e492c365239a3_1561,7f9e492c365239a3,R114792-03,W118892,AB24ROOM,41,-28,0,1,FAIL,8,8,32,0,1561,0,2026-03-24T15:03:32Z,2026-03-24
7f9e492c365239a3_1562,7f9e492c365239a3,R114792-03,W118892,AB24ROOM,15,-28,0,1,PASS,1,1,56,0,1562,0,2026-03-24T15:03:32Z,2026-03-24
7f9e492c365239a3_1563,7f9e492c365239a3,R114792-03,W118892,AB24ROOM,4,-28,0,1,FAIL,17,17,43,0,1563,0,2026-03-24T15:03:32Z,2026-03-24
7f9e492c365239a3_1564,7f9e492c365239a3,R114792-03,W118892,AB24ROOM,4,-29,0,1,FAIL,8,8,29,0,1564,0,2026-03-24T15:03:32Z,2026-03-24
7f9e492c365239a3_1565,7f9e492c365239a3,R114792-03,W118892,AB24ROOM,5,-29,0,1,PASS,1,1,74,0,1565,0,2026-03-24T15:03:32Z,2026-03-24
7f9e492c365239a3_1566,7f9e492c365239a3,R114792-03,W118892,AB24ROOM,17,-29,0,1,FAIL,8,8,29,0,1566,0,2026-03-24T15:03:32Z,2026-03-24
7f9e492c365239a3_1567,7f9e492c365239a3,R114792-03,W118892,AB24ROOM,21,-29,0,1,FAIL,8,8,32,0,1567,0,2026-03-24T15:03:32Z,2026-03-24
7f9e492c365239a3_1568,7f9e492c365239a3,R114792-03,W118892,AB24ROOM,30,-29,0,1,PASS,1,1,56,0,1568,0,2026-03-24T15:03:32Z,2026-03-24
7f9e492c365239a3_1569,7f9e492c365239a3,R114792-03,W118892,AB24ROOM,32,-29,0,1,PASS,1,1,54,0,1569,0,2026-03-24T15:03:32Z,2026-03-24
7f9e492c365239a3_1570,7f9e492c365239a3,R114792-03,W118892,AB24ROOM,36,-29,0,1,PASS,1,1,72,0,1570,0,2026-03-24T15:03:32Z,2026-03-24
7f9e492c365239a3_1571,7f9e492c365239a3,R114792-03,W118892,AB24ROOM,42,-29,0,1,PASS,1,1,54,0,1571,0,2026-03-24T15:03:32Z,2026-03-24
7f9e492c365239a3_1572,7f9e492c365239a3,R114792-03,W118892,AB24ROOM,40,-30,0,1,PASS,1,1,72,0,1572,0,2026-03-24T15:03:32Z,2026-03-24
7f9e492c365239a3_1573,7f9e492c365239a3,R114792-03,W118892,AB24ROOM,26,-30,0,1,PASS,1,1,54,0,1573,0,2026-03-24T15:03:32Z,2026-03-24
7f9e492c365239a3_1574,7f9e492c365239a3,R114792-03,W118892,AB24ROOM,17,-30,0,1,FAIL,10,10,11,0,1574,0,2026-03-24T15:03:32Z,2026-03-24
7f9e492c365239a3_1575,7f9e492c365239a3,R114792-03,W118892,AB24ROOM,14,-31,0,1,FAIL,10,10,11,0,1575,0,2026-03-24T15:03:32Z,2026-03-24
7f9e492c365239a3_1576,7f9e492c365239a3,R114792-03,W118892,AB24ROOM,15,-31,0,1,FAIL,10,10,11,0,1576,0,2026-03-24T15:03:32Z,2026-03-24
7f9e492c365239a3_1577,7f9e492c365239a3,R114792-03,W118892,AB24ROOM,17,-31,0,1,FAIL,2,2,38,0,1577,0,2026-03-24T15:03:32Z,2026-03-24
7f9e492c365239a3_1578,7f9e492c365239a3,R114792-03,W118892,AB24ROOM,31,-31,0,1,PASS,1,1,74,0,1578,0,2026-03-24T15:03:32Z,2026-03-24
7f9e492c365239a3_1579,7f9e492c365239a3,R114792-03,W118892,AB24ROOM,39,-31,0,1,PASS,1,1,54,0,1579,0,2026-03-24T15:03:32Z,2026-03-24
7f9e492c365239a3_1580,7f9e492c365239a3,R114792-03,W118892,AB24ROOM,32,-32,0,1,PASS,1,1,54,0,1580,0,2026-03-24T15:03:32Z,2026-03-24
7f9e492c365239a3_1581,7f9e492c365239a3,R114792-03,W118892,AB24ROOM,28,-32,0,1,PASS,1,1,54,0,1581,0,2026-03-24T15:03:32Z,2026-03-24
7f9e492c365239a3_1582,7f9e492c365239a3,R114792-03,W118892,AB24ROOM,25,-32,0,1,PASS,1,1,54,0,1582,0,2026-03-24T15:03:32Z,2026-03-24
7f9e492c365239a3_1583,7f9e492c365239a3,R114792-03,W118892,AB24ROOM,24,-32,0,1,FAIL,2,2,37,0,1583,0,2026-03-24T15:03:32Z,2026-03-24
7f9e492c365239a3_1584,7f9e492c365239a3,R114792-03,W118892,AB24ROOM,23,-32,0,1,PASS,1,1,56,0,1584,0,2026-03-24T15:03:32Z,2026-03-24
7f9e492c365239a3_1585,7f9e492c365239a3,R114792-03,W118892,AB24ROOM,20,-32,0,1,PASS,1,1,72,0,1585,0,2026-03-24T15:03:32Z,2026-03-24
7f9e492c365239a3_1586,7f9e492c365239a3,R114792-03,W118892,AB24ROOM,18,-32,0,1,FAIL,2,2,33,0,1586,0,2026-03-24T15:03:32Z,2026-03-24
7f9e492c365239a3_1587,7f9e492c365239a3,R114792-03,W118892,AB24ROOM,5,-33,0,1,FAIL,5,5,1,0,1587,0,2026-03-24T15:03:32Z,2026-03-24
7f9e492c365239a3_1588,7f9e492c365239a3,R114792-03,W118892,AB24ROOM,15,-33,0,1,PASS,1,1,56,0,1588,0,2026-03-24T15:03:32Z,2026-03-24
7f9e492c365239a3_1589,7f9e492c365239a3,R114792-03,W118892,AB24ROOM,26,-33,0,1,FAIL,2,2,33,0,1589,0,2026-03-24T15:03:32Z,2026-03-24
7f9e492c365239a3_1590,7f9e492c365239a3,R114792-03,W118892,AB24ROOM,27,-33,0,1,PASS,1,1,74,0,1590,0,2026-03-24T15:03:32Z,2026-03-24
7f9e492c365239a3_1591,7f9e492c365239a3,R114792-03,W118892,AB24ROOM,30,-33,0,1,FAIL,2,2,33,0,1591,0,2026-03-24T15:03:32Z,2026-03-24
7f9e492c365239a3_1592,7f9e492c365239a3,R114792-03,W118892,AB24ROOM,36,-33,0,1,PASS,1,1,56,0,1592,0,2026-03-24T15:03:32Z,2026-03-24
7f9e492c365239a3_1593,7f9e492c365239a3,R114792-03,W118892,AB24ROOM,37,-33,0,1,PASS,1,1,54,0,1593,0,2026-03-24T15:03:32Z,2026-03-24
7f9e492c365239a3_1594,7f9e492c365239a3,R114792-03,W118892,AB24ROOM,38,-33,0,1,PASS,1,1,54,0,1594,0,2026-03-24T15:03:32Z,2026-03-24
7f9e492c365239a3_1595,7f9e492c365239a3,R114792-03,W118892,AB24ROOM,39,-33,0,1,FAIL,8,8,29,0,1595,0,2026-03-24T15:03:32Z,2026-03-24
7f9e492c365239a3_1596,7f9e492c365239a3,R114792-03,W118892,AB24ROOM,43,-33,0,1,PASS,1,1,56,0,1596,0,2026-03-24T15:03:32Z,2026-03-24
7f9e492c365239a3_1597,7f9e492c365239a3,R114792-03,W118892,AB24ROOM,43,-34,0,1,PASS,1,1,72,0,1597,0,2026-03-24T15:03:32Z,2026-03-24
7f9e492c365239a3_1598,7f9e492c365239a3,R114792-03,W118892,AB24ROOM,39,-34,0,1,FAIL,2,2,51,0,1598,0,2026-03-24T15:03:32Z,2026-03-24
7f9e492c365239a3_1599,7f9e492c365239a3,R114792-03,W118892,AB24ROOM,8,-34,0,1,FAIL,16,16,44,0,1599,0,2026-03-24T15:03:32Z,2026-03-24
7f9e492c365239a3_1600,7f9e492c365239a3,R114792-03,W118892,AB24ROOM,41,-35,0,1,FAIL,10,10,11,0,1600,0,2026-03-24T15:03:32Z,2026-03-24
7f9e492c365239a3_1601,7f9e492c365239a3,R114792-03,W118892,AB24ROOM,44,-35,0,1,FAIL,5,5,1,0,1601,0,2026-03-24T15:03:32Z,2026-03-24
7f9e492c365239a3_1602,7f9e492c365239a3,R114792-03,W118892,AB24ROOM,22,-36,0,1,FAIL,4,4,38,0,1602,0,2026-03-24T15:03:32Z,2026-03-24
7f9e492c365239a3_1603,7f9e492c365239a3,R114792-03,W118892,AB24ROOM,9,-36,0,1,FAIL,2,2,39,0,1603,0,2026-03-24T15:03:32Z,2026-03-24
7f9e492c365239a3_1604,7f9e492c365239a3,R114792-03,W118892,AB24ROOM,8,-37,0,1,FAIL,8,8,32,0,1604,0,2026-03-24T15:03:32Z,2026-03-24
7f9e492c365239a3_1605,7f9e492c365239a3,R114792-03,W118892,AB24ROOM,19,-37,0,1,FAIL,2,2,53,0,1605,0,2026-03-24T15:03:32Z,2026-03-24
7f9e492c365239a3_1606,7f9e492c365239a3,R114792-03,W118892,AB24ROOM,32,-37,0,1,PASS,1,1,74,0,1606,0,2026-03-24T15:03:32Z,2026-03-24
7f9e492c365239a3_1607,7f9e492c365239a3,R114792-03,W118892,AB24ROOM,18,-39,0,1,FAIL,8,8,29,0,1607,0,2026-03-24T15:03:32Z,2026-03-24
7f9e492c365239a3_1608,7f9e492c365239a3,R114792-03,W118892,AB24ROOM,20,-39,0,1,FAIL,8,8,29,0,1608,0,2026-03-24T15:03:32Z,2026-03-24
7f9e492c365239a3_1609,7f9e492c365239a3,R114792-03,W118892,AB24ROOM,21,-39,0,1,PASS,1,1,74,0,1609,0,2026-03-24T15:03:32Z,2026-03-24
7f9e492c365239a3_1610,7f9e492c365239a3,R114792-03,W118892,AB24ROOM,34,-40,0,1,PASS,1,1,54,0,1610,0,2026-03-24T15:03:32Z,2026-03-24
7f9e492c365239a3_1611,7f9e492c365239a3,R114792-03,W118892,AB24ROOM,27,-40,0,1,PASS,1,1,72,0,1611,0,2026-03-24T15:03:32Z,2026-03-24
7f9e492c365239a3_1612,7f9e492c365239a3,R114792-03,W118892,AB24ROOM,37,-42,0,1,PASS,1,1,72,0,1612,0,2026-03-24T15:03:32Z,2026-03-24
7f9e492c365239a3_1613,7f9e492c365239a3,R114792-03,W118892,AB24ROOM,18,-42,0,1,PASS,1,1,72,0,1613,0,2026-03-24T15:03:32Z,2026-03-24
7f9e492c365239a3_1614,7f9e492c365239a3,R114792-03,W118892,AB24ROOM,16,-42,0,1,PASS,1,1,72,0,1614,0,2026-03-24T15:03:32Z,2026-03-24
7f9e492c365239a3_1615,7f9e492c365239a3,R114792-03,W118892,AB24ROOM,15,-42,0,1,PASS,1,1,74,0,1615,0,2026-03-24T15:03:32Z,2026-03-24
7f9e492c365239a3_1616,7f9e492c365239a3,R114792-03,W118892,AB24ROOM,13,-42,0,1,FAIL,4,4,18,0,1616,0,2026-03-24T15:03:32Z,2026-03-24
7f9e492c365239a3_1617,7f9e492c365239a3,R114792-03,W118892,AB24ROOM,20,-43,0,1,FAIL,2,2,56,0,1617,0,2026-03-24T15:03:32Z,2026-03-24
7f9e492c365239a3_1618,7f9e492c365239a3,R114792-03,W118892,AB24ROOM,21,-43,0,1,FAIL,2,2,53,0,1618,0,2026-03-24T15:03:32Z,2026-03-24
7f9e492c365239a3_1619,7f9e492c365239a3,R114792-03,W118892,AB24ROOM,31,-45,0,1,FAIL,5,5,1,0,1619,0,2026-03-24T15:03:32Z,2026-03-24
