device_id,file_id,wafer_id,lot_id,part_type,x_coord,y_coord,site_num,head_num,pass_fail,hard_bin,soft_bin,num_tests_run,test_time_ms,part_id,attempt_index,ingestion_ts,ingestion_date
e2a77df87fbf97c1_1,e2a77df87fbf97c1,GAL-LOT-02,GAL-LOT,GOLD8BAR,19,-3,0,1,FAIL,5,5,1,0,1,0,2026-03-24T15:05:57Z,2026-03-24
e2a77df87fbf97c1_2,e2a77df87fbf97c1,GAL-LOT-02,GAL-LOT,GOLD8BAR,20,-3,0,1,PASS,1,1,74,0,2,0,2026-03-24T15:05:57Z,2026-03-24
e2a77df87fbf97c1_3,e2a77df87fbf97c1,GAL-LOT-02,GAL-LOT,GOLD8BAR,21,-3,0,1,PASS,1,1,72,0,3,0,2026-03-24T15:05:57Z,2026-03-24
e2a77df87fbf97c1_4,e2a77df87fbf97c1,GAL-LOT-02,GAL-LOT,GOLD8BAR,22,-3,0,1,PASS,1,1,72,0,4,0,2026-03-24T15:05:57Z,2026-03-24
e2a77df87fbf97c1_5,e2a77df87fbf97c1,GAL-LOT-02,GAL-LOT,GOLD8BAR,23,-3,0,1,PASS,1,1,72,0,5,0,2026-03-24T15:05:57Z,2026-03-24
e2a77df87fbf97c1_6,e2a77df87fbf97c1,GAL-LOT-02,GAL-LOT,GOLD8BAR,24,-3,0,1,PASS,1,1,72,0,6,0,2026-03-24T15:05:57Z,2026-03-24
e2a77df87fbf97c1_7,e2a77df87fbf97c1,GAL-LOT-02,GAL-LOT,GOLD8BAR,25,-3,0,1,FAIL,8,8,32,0,7,0,2026-03-24T15:05:57Z,2026-03-24
e2a77df87fbf97c1_8,e2a77df87fbf97c1,GAL-LOT-02,GAL-LOT,GOLD8BAR,26,-3,0,1,PASS,1,1,74,0,8,0,2026-03-24T15:05:57Z,2026-03-24
e2a77df87fbf97c1_9,e2a77df87fbf97c1,GAL-LOT-02,GAL-LOT,GOLD8BAR,27,-3,0,1,FAIL,2,2,37,0,9,0,2026-03-24T15:05:57Z,2026-03-24
e2a77df87fbf97c1_10,e2a77df87fbf97c1,GAL-LOT-02,GAL-LOT,GOLD8BAR,28,-3,0,1,PASS,1,1,74,0,10,0,2026-03-24T15:05:57Z,2026-03-24
e2a77df87fbf97c1_11,e2a77df87fbf97c1,GAL-LOT-02,GAL-LOT,GOLD8BAR,29,-3,0,1,PASS,1,1,72,0,11,0,2026-03-24T15:05:57Z,2026-03-24
e2a77df87fbf97c1_12,e2a77df87fbf97c1,GAL-LOT-02,GAL-LOT,GOLD8BAR,30,-3,0,1,PASS,1,1,72,0,12,0,2026-03-24T15:05:57Z,2026-03-24
e2a77df87fbf97c1_13,e2a77df87fbf97c1,GAL-LOT-02,GAL-LOT,GOLD8BAR,33,-4,0,1,PASS,1,1,72,0,13,0,2026-03-24T15:05:57Z,2026-03-24
e2a77df87fbf97c1_14,e2a77df87fbf97c1,GAL-LOT-02,GAL-LOT,GOLD8BAR,32,-4,0,1,PASS,1,1,72,0,14,0,2026-03-24T15:05:57Z,2026-03-24
e2a77df87fbf97c1_15,e2a77df87fbf97c1,GAL-LOT-02,GAL-LOT,GOLD8BAR,31,-4,0,1,PASS,1,1,72,0,15,0,2026-03-24T15:05:57Z,2026-03-24
e2a77df87fbf97c1_16,e2a77df87fbf97c1,GAL-LOT-02,GAL-LOT,GOLD8BAR,30,-4,0,1,PASS,1,1,74,0,16,0,2026-03-24T15:05:57Z,2026-03-24
e2a77df87fbf97c1_17,e2a77df87fbf97c1,GAL-LOT-02,GAL-LOT,GOLD8BAR,29,-4,0,1,PASS,1,1,72,0,17,0,2026-03-24T15:05:57Z,2026-03-24
e2a77df87fbf97c1_18,e2a77df87fbf97c1,GAL-LOT-02,GAL-LOT,GOLD8BAR,28,-4,0,1,PASS,1,1,72,0,18,0,2026-03-24T15:05:57Z,2026-03-24
e2a77df87fbf97c1_19,e2a77df87fbf97c1,GAL-LOT-02,GAL-LOT,GOLD8BAR,27,-4,0,1,PASS,1,1,72,0,19,0,2026-03-24T15:05:57Z,2026-03-24
e2a77df87fbf97c1_20,e2a77df87fbf97c1,GAL-LOT-02,GAL-LOT,GOLD8BAR,26,-4,0,1,PASS,1,1,72,0,20,0,2026-03-24T15:05:57Z,2026-03-24
e2a77df87fbf97c1_21,e2a77df87fbf97c1,GAL-LOT-02,GAL-LOT,GOLD8BAR,25,-4,0,1,PASS,1,1,72,0,21,0,2026-03-24T15:05:57Z,2026-03-24
e2a77df87fbf97c1_22,e2a77df87fbf97c1,GAL-LOT-02,GAL-LOT,GOLD8BAR,24,-4,0,1,PASS,1,1,74,0,22,0,2026-03-24T15:05:57Z,2026-03-24
e2a77df87fbf97c1_23,e2a77df87fbf97c1,GAL-LOT-02,GAL-LOT,GOLD8BAR,23,-4,0,1,PASS,1,1,72,0,23,0,2026-03-24T15:05:57Z,2026-03-24
e2a77df87fbf97c1_24,e2a77df87fbf97c1,GAL-LOT-02,GAL-LOT,GOLD8BAR,22,-4,0,1,PASS,1,1,72,0,24,0,2026-03-24T15:05:57Z,2026-03-24
e2a77df87fbf97c1_25,e2a77df87fbf97c1,GAL-LOT-02,GAL-LOT,GOLD8BAR,21,-4,0,1,PASS,1,1,72,0,25,0,2026-03-24T15:05:57Z,2026-03-24
e2a77df87fbf97c1_26,e2a77df87fbf97c1,GAL-LOT-02,GAL-LOT,GOLD8BAR,20,-4,0,1,PASS,1,1,72,0,26,0,2026-03-24T15:05:57Z,2026-03-24
e2a77df87fbf97c1_27,e2a77df87fbf97c1,GAL-LOT-02,GAL-LOT,GOLD8BAR,19,-4,0,1,FAIL,2,2,55,0,27,0,2026-03-24T15:05:57Z,2026-03-24
e2a77df87fbf97c1_28,e2a77df87fbf97c1,GAL-LOT-02,GAL-LOT,GOLD8BAR,18,-4,0,1,PASS,1,1,74,0,28,0,2026-03-24T15:05:57Z,2026-03-24
e2a77df87fbf97c1_29,e2a77df87fbf97c1,GAL-LOT-02,GAL-LOT,GOLD8BAR,17,-4,0,1,FAIL,8,8,32,0,29,0,2026-03-24T15:05:57Z,2026-03-24
e2a77df87fbf97c1_30,e2a77df87fbf97c1,GAL-LOT-02,GAL-LOT,GOLD8BAR,15,-5,0,1,PASS,1,1,74,0,30,0,2026-03-24T15:05:57Z,2026-03-24
e2a77df87fbf97c1_31,e2a77df87fbf97c1,GAL-LOT-02,GAL-LOT,GOLD8BAR,16,-5,0,1,PASS,1,1,72,0,31,0,2026-03-24T15:05:57Z,2026-03-24
e2a77df87fbf97c1_32,e2a77df87fbf97c1,GAL-LOT-02,GAL-LOT,GOLD8BAR,17,-5,0,1,PASS,1,1,72,0,32,0,2026-03-24T15:05:57Z,2026-03-24
e2a77df87fbf97c1_33,e2a77df87fbf97c1,GAL-LOT-02,GAL-LOT,GOLD8BAR,18,-5,0,1,PASS,1,1,72,0,33,0,2026-03-24T15:05:57Z,2026-03-24
e2a77df87fbf97c1_34,e2a77df87fbf97c1,GAL-LOT-02,GAL-LOT,GOLD8BAR,19,-5,0,1,PASS,1,1,72,0,34,0,2026-03-24T15:05:57Z,2026-03-24
e2a77df87fbf97c1_35,e2a77df87fbf97c1,GAL-LOT-02,GAL-LOT,GOLD8BAR,20,-5,0,1,PASS,1,1,72,0,35,0,2026-03-24T15:05:57Z,2026-03-24
e2a77df87fbf97c1_36,e2a77df87fbf97c1,GAL-LOT-02,GAL-LOT,GOLD8BAR,21,-5,0,1,PASS,1,1,74,0,36,0,2026-03-24T15:05:57Z,2026-03-24
e2a77df87fbf97c1_37,e2a77df87fbf97c1,GAL-LOT-02,GAL-LOT,GOLD8BAR,22,-5,0,1,PASS,1,1,72,0,37,0,2026-03-24T15:05:57Z,2026-03-24
e2a77df87fbf97c1_38,e2a77df87fbf97c1,GAL-LOT-02,GAL-LOT,GOLD8BAR,23,-5,0,1,FAIL,8,8,32,0,38,0,2026-03-24T15:05:57Z,2026-03-24
e2a77df87fbf97c1_39,e2a77df87fbf97c1,GAL-LOT-02,GAL-LOT,GOLD8BAR,24,-5,0,1,PASS,1,1,74,0,39,0,2026-03-24T15:05:57Z,2026-03-24
e2a77df87fbf97c1_40,e2a77df87fbf97c1,GAL-LOT-02,GAL-LOT,GOLD8BAR,25,-5,0,1,PASS,1,1,72,0,40,0,2026-03-24T15:05:57Z,2026-03-24
e2a77df87fbf97c1_41,e2a77df87fbf97c1,GAL-LOT-02,GAL-LOT,GOLD8BAR,26,-5,0,1,PASS,1,1,72,0,41,0,2026-03-24T15:05:57Z,2026-03-24
e2a77df87fbf97c1_42,e2a77df87fbf97c1,GAL-LOT-02,GAL-LOT,GOLD8BAR,27,-5,0,1,PASS,1,1,72,0,42,0,2026-03-24T15:05:57Z,2026-03-24
e2a77df87fbf97c1_43,e2a77df87fbf97c1,GAL-LOT-02,GAL-LOT,GOLD8BAR,28,-5,0,1,PASS,1,1,72,0,43,0,2026-03-24T15:05:57Z,2026-03-24
e2a77df87fbf97c1_44,e2a77df87fbf97c1,GAL-LOT-02,GAL-LOT,GOLD8BAR,29,-5,0,1,PASS,1,1,54,0,44,0,2026-03-24T15:05:57Z,2026-03-24
e2a77df87fbf97c1_45,e2a77df87fbf97c1,GAL-LOT-02,GAL-LOT,GOLD8BAR,30,-5,0,1,PASS,1,1,74,0,45,0,2026-03-24T15:05:57Z,2026-03-24
e2a77df87fbf97c1_46,e2a77df87fbf97c1,GAL-LOT-02,GAL-LOT,GOLD8BAR,31,-5,0,1,PASS,1,1,72,0,46,0,2026-03-24T15:05:57Z,2026-03-24
e2a77df87fbf97c1_47,e2a77df87fbf97c1,GAL-LOT-02,GAL-LOT,GOLD8BAR,32,-5,0,1,PASS,1,1,72,0,47,0,2026-03-24T15:05:57Z,2026-03-24
e2a77df87fbf97c1_48,e2a77df87fbf97c1,GAL-LOT-02,GAL-LOT,GOLD8BAR,33,-5,0,1,PASS,1,1,72,0,48,0,2026-03-24T15:05:57Z,2026-03-24
e2a77df87fbf97c1_49,e2a77df87fbf97c1,GAL-LOT-02,GAL-LOT,GOLD8BAR,34,-5,0,1,FAIL,10,10,11,0,49,0,2026-03-24T15:05:57Z,2026-03-24
e2a77df87fbf97c1_50,e2a77df87fbf97c1,GAL-LOT-02,GAL-LOT,GOLD8BAR,35,-5,0,1,PASS,1,1,74,0,50,0,2026-03-24T15:05:57Z,2026-03-24
e2a77df87fbf97c1_51,e2a77df87fbf97c1,GAL-LOT-02,GAL-LOT,GOLD8BAR,36,-6,0,1,PASS,1,1,72,0,51,0,2026-03-24T15:05:57Z,2026-03-24
e2a77df87fbf97c1_52,e2a77df87fbf97c1,GAL-LOT-02,GAL-LOT,GOLD8BAR,35,-6,0,1,PASS,1,1,72,0,52,0,2026-03-24T15:05:57Z,2026-03-24
e2a77df87fbf97c1_53,e2a77df87fbf97c1,GAL-LOT-02,GAL-LOT,GOLD8BAR,34,-6,0,1,PASS,1,1,72,0,53,0,2026-03-24T15:05:57Z,2026-03-24
e2a77df87fbf97c1_54,e2a77df87fbf97c1,GAL-LOT-02,GAL-LOT,GOLD8BAR,33,-6,0,1,PASS,1,1,72,0,54,0,2026-03-24T15:05:57Z,2026-03-24
e2a77df87fbf97c1_55,e2a77df87fbf97c1,GAL-LOT-02,GAL-LOT,GOLD8BAR,32,-6,0,1,PASS,1,1,72,0,55,0,2026-03-24T15:05:57Z,2026-03-24
e2a77df87fbf97c1_56,e2a77df87fbf97c1,GAL-LOT-02,GAL-LOT,GOLD8BAR,31,-6,0,1,FAIL,8,8,32,0,56,0,2026-03-24T15:05:57Z,2026-03-24
e2a77df87fbf97c1_57,e2a77df87fbf97c1,GAL-LOT-02,GAL-LOT,GOLD8BAR,30,-6,0,1,PASS,1,1,74,0,57,0,2026-03-24T15:05:57Z,2026-03-24
e2a77df87fbf97c1_58,e2a77df87fbf97c1,GAL-LOT-02,GAL-LOT,GOLD8BAR,29,-6,0,1,PASS,1,1,72,0,58,0,2026-03-24T15:05:57Z,2026-03-24
e2a77df87fbf97c1_59,e2a77df87fbf97c1,GAL-LOT-02,GAL-LOT,GOLD8BAR,28,-6,0,1,PASS,1,1,54,0,59,0,2026-03-24T15:05:57Z,2026-03-24
e2a77df87fbf97c1_60,e2a77df87fbf97c1,GAL-LOT-02,GAL-LOT,GOLD8BAR,27,-6,0,1,PASS,1,1,54,0,60,0,2026-03-24T15:05:57Z,2026-03-24
e2a77df87fbf97c1_61,e2a77df87fbf97c1,GAL-LOT-02,GAL-LOT,GOLD8BAR,26,-6,0,1,PASS,1,1,72,0,61,0,2026-03-24T15:05:57Z,2026-03-24
e2a77df87fbf97c1_62,e2a77df87fbf97c1,GAL-LOT-02,GAL-LOT,GOLD8BAR,25,-6,0,1,PASS,1,1,72,0,62,0,2026-03-24T15:05:57Z,2026-03-24
e2a77df87fbf97c1_63,e2a77df87fbf97c1,GAL-LOT-02,GAL-LOT,GOLD8BAR,24,-6,0,1,PASS,1,1,74,0,63,0,2026-03-24T15:05:57Z,2026-03-24
e2a77df87fbf97c1_64,e2a77df87fbf97c1,GAL-LOT-02,GAL-LOT,GOLD8BAR,23,-6,0,1,PASS,1,1,72,0,64,0,2026-03-24T15:05:57Z,2026-03-24
e2a77df87fbf97c1_65,e2a77df87fbf97c1,GAL-LOT-02,GAL-LOT,GOLD8BAR,22,-6,0,1,PASS,1,1,72,0,65,0,2026-03-24T15:05:57Z,2026-03-24
e2a77df87fbf97c1_66,e2a77df87fbf97c1,GAL-LOT-02,GAL-LOT,GOLD8BAR,21,-6,0,1,PASS,1,1,72,0,66,0,2026-03-24T15:05:57Z,2026-03-24
e2a77df87fbf97c1_67,e2a77df87fbf97c1,GAL-LOT-02,GAL-LOT,GOLD8BAR,20,-6,0,1,PASS,1,1,72,0,67,0,2026-03-24T15:05:57Z,2026-03-24
e2a77df87fbf97c1_68,e2a77df87fbf97c1,GAL-LOT-02,GAL-LOT,GOLD8BAR,19,-6,0,1,PASS,1,1,72,0,68,0,2026-03-24T15:05:57Z,2026-03-24
e2a77df87fbf97c1_69,e2a77df87fbf97c1,GAL-LOT-02,GAL-LOT,GOLD8BAR,18,-6,0,1,PASS,1,1,74,0,69,0,2026-03-24T15:05:57Z,2026-03-24
e2a77df87fbf97c1_70,e2a77df87fbf97c1,GAL-LOT-02,GAL-LOT,GOLD8BAR,17,-6,0,1,PASS,1,1,72,0,70,0,2026-03-24T15:05:57Z,2026-03-24
e2a77df87fbf97c1_71,e2a77df87fbf97c1,GAL-LOT-02,GAL-LOT,GOLD8BAR,16,-6,0,1,PASS,1,1,72,0,71,0,2026-03-24T15:05:57Z,2026-03-24
e2a77df87fbf97c1_72,e2a77df87fbf97c1,GAL-LOT-02,GAL-LOT,GOLD8BAR,15,-6,0,1,PASS,1,1,72,0,72,0,2026-03-24T15:05:57Z,2026-03-24
e2a77df87fbf97c1_73,e2a77df87fbf97c1,GAL-LOT-02,GAL-LOT,GOLD8BAR,14,-6,0,1,PASS,1,1,72,0,73,0,2026-03-24T15:05:57Z,2026-03-24
e2a77df87fbf97c1_74,e2a77df87fbf97c1,GAL-LOT-02,GAL-LOT,GOLD8BAR,13,-6,0,1,PASS,1,1,72,0,74,0,2026-03-24T15:05:57Z,2026-03-24
e2a77df87fbf97c1_75,e2a77df87fbf97c1,GAL-LOT-02,GAL-LOT,GOLD8BAR,12,-7,0,1,PASS,1,1,74,0,75,0,2026-03-24T15:05:57Z,2026-03-24
e2a77df87fbf97c1_76,e2a77df87fbf97c1,GAL-LOT-02,GAL-LOT,GOLD8BAR,13,-7,0,1,PASS,1,1,72,0,76,0,2026-03-24T15:05:57Z,2026-03-24
e2a77df87fbf97c1_77,e2a77df87fbf97c1,GAL-LOT-02,GAL-LOT,GOLD8BAR,14,-7,0,1,PASS,1,1,72,0,77,0,2026-03-24T15:05:57Z,2026-03-24
e2a77df87fbf97c1_78,e2a77df87fbf97c1,GAL-LOT-02,GAL-LOT,GOLD8BAR,15,-7,0,1,PASS,1,1,72,0,78,0,2026-03-24T15:05:57Z,2026-03-24
e2a77df87fbf97c1_79,e2a77df87fbf97c1,GAL-LOT-02,GAL-LOT,GOLD8BAR,16,-7,0,1,PASS,1,1,72,0,79,0,2026-03-24T15:05:57Z,2026-03-24
e2a77df87fbf97c1_80,e2a77df87fbf97c1,GAL-LOT-02,GAL-LOT,GOLD8BAR,17,-7,0,1,PASS,1,1,72,0,80,0,2026-03-24T15:05:57Z,2026-03-24
e2a77df87fbf97c1_81,e2a77df87fbf97c1,GAL-LOT-02,GAL-LOT,GOLD8BAR,18,-7,0,1,PASS,1,1,74,0,81,0,2026-03-24T15:05:57Z,2026-03-24
e2a77df87fbf97c1_82,e2a77df87fbf97c1,GAL-LOT-02,GAL-LOT,GOLD8BAR,19,-7,0,1,PASS,1,1,72,0,82,0,2026-03-24T15:05:57Z,2026-03-24
e2a77df87fbf97c1_83,e2a77df87fbf97c1,GAL-LOT-02,GAL-LOT,GOLD8BAR,20,-7,0,1,PASS,1,1,72,0,83,0,2026-03-24T15:05:57Z,2026-03-24
e2a77df87fbf97c1_84,e2a77df87fbf97c1,GAL-LOT-02,GAL-LOT,GOLD8BAR,21,-7,0,1,FAIL,8,8,13,0,84,0,2026-03-24T15:05:57Z,2026-03-24
e2a77df87fbf97c1_85,e2a77df87fbf97c1,GAL-LOT-02,GAL-LOT,GOLD8BAR,22,-7,0,1,PASS,1,1,74,0,85,0,2026-03-24T15:05:57Z,2026-03-24
e2a77df87fbf97c1_86,e2a77df87fbf97c1,GAL-LOT-02,GAL-LOT,GOLD8BAR,23,-7,0,1,PASS,1,1,72,0,86,0,2026-03-24T15:05:57Z,2026-03-24
e2a77df87fbf97c1_87,e2a77df87fbf97c1,GAL-LOT-02,GAL-LOT,GOLD8BAR,24,-7,0,1,PASS,1,1,72,0,87,0,2026-03-24T15:05:57Z,2026-03-24
e2a77df87fbf97c1_88,e2a77df87fbf97c1,GAL-LOT-02,GAL-LOT,GOLD8BAR,25,-7,0,1,PASS,1,1,72,0,88,0,2026-03-24T15:05:57Z,2026-03-24
e2a77df87fbf97c1_89,e2a77df87fbf97c1,GAL-LOT-02,GAL-LOT,GOLD8BAR,26,-7,0,1,PASS,1,1,72,0,89,0,2026-03-24T15:05:57Z,2026-03-24
e2a77df87fbf97c1_90,e2a77df87fbf97c1,GAL-LOT-02,GAL-LOT,GOLD8BAR,27,-7,0,1,PASS,1,1,72,0,90,0,2026-03-24T15:05:57Z,2026-03-24
e2a77df87fbf97c1_91,e2a77df87fbf97c1,GAL-LOT-02,GAL-LOT,GOLD8BAR,28,-7,0,1,PASS,1,1,56,0,91,0,2026-03-24T15:05:57Z,2026-03-24
e2a77df87fbf97c1_92,e2a77df87fbf97c1,GAL-LOT-02,GAL-LOT,GOLD8BAR,29,-7,0,1,PASS,1,1,72,0,92,0,2026-03-24T15:05:57Z,2026-03-24
e2a77df87fbf97c1_93,e2a77df87fbf97c1,GAL-LOT-02,GAL-LOT,GOLD8BAR,30,-7,0,1,PASS,1,1,72,0,93,0,2026-03-24T15:05:57Z,2026-03-24
e2a77df87fbf97c1_94,e2a77df87fbf97c1,GAL-LOT-02,GAL-LOT,GOLD8BAR,31,-7,0,1,PASS,1,1,72,0,94,0,2026-03-24T15:05:57Z,2026-03-24
e2a77df87fbf97c1_95,e2a77df87fbf97c1,GAL-LOT-02,GAL-LOT,GOLD8BAR,32,-7,0,1,FAIL,8,8,32,0,95,0,2026-03-24T15:05:57Z,2026-03-24
e2a77df87fbf97c1_96,e2a77df87fbf97c1,GAL-LOT-02,GAL-LOT,GOLD8BAR,33,-7,0,1,PASS,1,1,74,0,96,0,2026-03-24T15:05:57Z,2026-03-24
e2a77df87fbf97c1_97,e2a77df87fbf97c1,GAL-LOT-02,GAL-LOT,GOLD8BAR,34,-7,0,1,PASS,1,1,72,0,97,0,2026-03-24T15:05:57Z,2026-03-24
e2a77df87fbf97c1_98,e2a77df87fbf97c1,GAL-LOT-02,GAL-LOT,GOLD8BAR,35,-7,0,1,FAIL,8,8,29,0,98,0,2026-03-24T15:05:57Z,2026-03-24
e2a77df87fbf97c1_99,e2a77df87fbf97c1,GAL-LOT-02,GAL-LOT,GOLD8BAR,36,-7,0,1,PASS,1,1,74,0,99,0,2026-03-24T15:05:57Z,2026-03-24
e2a77df87fbf97c1_100,e2a77df87fbf97c1,GAL-LOT-02,GAL-LOT,GOLD8BAR,37,-7,0,1,PASS,1,1,72,0,100,0,2026-03-24T15:05:57Z,2026-03-24
e2a77df87fbf97c1_101,e2a77df87fbf97c1,GAL-LOT-02,GAL-LOT,GOLD8BAR,38,-7,0,1,PASS,1,1,72,0,101,0,2026-03-24T15:05:57Z,2026-03-24
e2a77df87fbf97c1_102,e2a77df87fbf97c1,GAL-LOT-02,GAL-LOT,GOLD8BAR,39,-8,0,1,PASS,1,1,72,0,102,0,2026-03-24T15:05:57Z,2026-03-24
e2a77df87fbf97c1_103,e2a77df87fbf97c1,GAL-LOT-02,GAL-LOT,GOLD8BAR,38,-8,0,1,PASS,1,1,72,0,103,0,2026-03-24T15:05:57Z,2026-03-24
e2a77df87fbf97c1_104,e2a77df87fbf97c1,GAL-LOT-02,GAL-LOT,GOLD8BAR,37,-8,0,1,PASS,1,1,72,0,104,0,2026-03-24T15:05:57Z,2026-03-24
e2a77df87fbf97c1_105,e2a77df87fbf97c1,GAL-LOT-02,GAL-LOT,GOLD8BAR,36,-8,0,1,PASS,1,1,74,0,105,0,2026-03-24T15:05:57Z,2026-03-24
e2a77df87fbf97c1_106,e2a77df87fbf97c1,GAL-LOT-02,GAL-LOT,GOLD8BAR,35,-8,0,1,PASS,1,1,72,0,106,0,2026-03-24T15:05:57Z,2026-03-24
e2a77df87fbf97c1_107,e2a77df87fbf97c1,GAL-LOT-02,GAL-LOT,GOLD8BAR,34,-8,0,1,PASS,1,1,72,0,107,0,2026-03-24T15:05:57Z,2026-03-24
e2a77df87fbf97c1_108,e2a77df87fbf97c1,GAL-LOT-02,GAL-LOT,GOLD8BAR,33,-8,0,1,PASS,1,1,72,0,108,0,2026-03-24T15:05:57Z,2026-03-24
e2a77df87fbf97c1_109,e2a77df87fbf97c1,GAL-LOT-02,GAL-LOT,GOLD8BAR,32,-8,0,1,PASS,1,1,72,0,109,0,2026-03-24T15:05:57Z,2026-03-24
e2a77df87fbf97c1_110,e2a77df87fbf97c1,GAL-LOT-02,GAL-LOT,GOLD8BAR,31,-8,0,1,PASS,1,1,72,0,110,0,2026-03-24T15:05:57Z,2026-03-24
e2a77df87fbf97c1_111,e2a77df87fbf97c1,GAL-LOT-02,GAL-LOT,GOLD8BAR,30,-8,0,1,PASS,1,1,74,0,111,0,2026-03-24T15:05:57Z,2026-03-24
e2a77df87fbf97c1_112,e2a77df87fbf97c1,GAL-LOT-02,GAL-LOT,GOLD8BAR,29,-8,0,1,PASS,1,1,72,0,112,0,2026-03-24T15:05:57Z,2026-03-24
e2a77df87fbf97c1_113,e2a77df87fbf97c1,GAL-LOT-02,GAL-LOT,GOLD8BAR,28,-8,0,1,PASS,1,1,54,0,113,0,2026-03-24T15:05:57Z,2026-03-24
e2a77df87fbf97c1_114,e2a77df87fbf97c1,GAL-LOT-02,GAL-LOT,GOLD8BAR,27,-8,0,1,PASS,1,1,72,0,114,0,2026-03-24T15:05:57Z,2026-03-24
e2a77df87fbf97c1_115,e2a77df87fbf97c1,GAL-LOT-02,GAL-LOT,GOLD8BAR,26,-8,0,1,PASS,1,1,72,0,115,0,2026-03-24T15:05:57Z,2026-03-24
e2a77df87fbf97c1_116,e2a77df87fbf97c1,GAL-LOT-02,GAL-LOT,GOLD8BAR,25,-8,0,1,PASS,1,1,72,0,116,0,2026-03-24T15:05:57Z,2026-03-24
e2a77df87fbf97c1_117,e2a77df87fbf97c1,GAL-LOT-02,GAL-LOT,GOLD8BAR,24,-8,0,1,PASS,1,1,74,0,117,0,2026-03-24T15:05:57Z,2026-03-24
e2a77df87fbf97c1_118,e2a77df87fbf97c1,GAL-LOT-02,GAL-LOT,GOLD8BAR,23,-8,0,1,PASS,1,1,72,0,118,0,2026-03-24T15:05:57Z,2026-03-24
e2a77df87fbf97c1_119,e2a77df87fbf97c1,GAL-LOT-02,GAL-LOT,GOLD8BAR,22,-8,0,1,PASS,1,1,72,0,119,0,2026-03-24T15:05:57Z,2026-03-24
e2a77df87fbf97c1_120,e2a77df87fbf97c1,GAL-LOT-02,GAL-LOT,GOLD8BAR,21,-8,0,1,PASS,1,1,72,0,120,0,2026-03-24T15:05:57Z,2026-03-24
e2a77df87fbf97c1_121,e2a77df87fbf97c1,GAL-LOT-02,GAL-LOT,GOLD8BAR,20,-8,0,1,PASS,1,1,72,0,121,0,2026-03-24T15:05:57Z,2026-03-24
e2a77df87fbf97c1_122,e2a77df87fbf97c1,GAL-LOT-02,GAL-LOT,GOLD8BAR,19,-8,0,1,PASS,1,1,72,0,122,0,2026-03-24T15:05:57Z,2026-03-24
e2a77df87fbf97c1_123,e2a77df87fbf97c1,GAL-LOT-02,GAL-LOT,GOLD8BAR,18,-8,0,1,PASS,1,1,74,0,123,0,2026-03-24T15:05:57Z,2026-03-24
e2a77df87fbf97c1_124,e2a77df87fbf97c1,GAL-LOT-02,GAL-LOT,GOLD8BAR,17,-8,0,1,FAIL,8,8,32,0,124,0,2026-03-24T15:05:57Z,2026-03-24
e2a77df87fbf97c1_125,e2a77df87fbf97c1,GAL-LOT-02,GAL-LOT,GOLD8BAR,16,-8,0,1,PASS,1,1,74,0,125,0,2026-03-24T15:05:57Z,2026-03-24
e2a77df87fbf97c1_126,e2a77df87fbf97c1,GAL-LOT-02,GAL-LOT,GOLD8BAR,15,-8,0,1,PASS,1,1,72,0,126,0,2026-03-24T15:05:57Z,2026-03-24
e2a77df87fbf97c1_127,e2a77df87fbf97c1,GAL-LOT-02,GAL-LOT,GOLD8BAR,14,-8,0,1,PASS,1,1,72,0,127,0,2026-03-24T15:05:57Z,2026-03-24
e2a77df87fbf97c1_128,e2a77df87fbf97c1,GAL-LOT-02,GAL-LOT,GOLD8BAR,13,-8,0,1,PASS,1,1,72,0,128,0,2026-03-24T15:05:57Z,2026-03-24
e2a77df87fbf97c1_129,e2a77df87fbf97c1,GAL-LOT-02,GAL-LOT,GOLD8BAR,12,-8,0,1,PASS,1,1,72,0,129,0,2026-03-24T15:05:57Z,2026-03-24
e2a77df87fbf97c1_130,e2a77df87fbf97c1,GAL-LOT-02,GAL-LOT,GOLD8BAR,11,-8,0,1,PASS,1,1,72,0,130,0,2026-03-24T15:05:57Z,2026-03-24
e2a77df87fbf97c1_131,e2a77df87fbf97c1,GAL-LOT-02,GAL-LOT,GOLD8BAR,10,-9,0,1,PASS,1,1,74,0,131,0,2026-03-24T15:05:57Z,2026-03-24
e2a77df87fbf97c1_132,e2a77df87fbf97c1,GAL-LOT-02,GAL-LOT,GOLD8BAR,11,-9,0,1,PASS,1,1,72,0,132,0,2026-03-24T15:05:57Z,2026-03-24
e2a77df87fbf97c1_133,e2a77df87fbf97c1,GAL-LOT-02,GAL-LOT,GOLD8BAR,12,-9,0,1,PASS,1,1,72,0,133,0,2026-03-24T15:05:57Z,2026-03-24
e2a77df87fbf97c1_134,e2a77df87fbf97c1,GAL-LOT-02,GAL-LOT,GOLD8BAR,13,-9,0,1,PASS,1,1,72,0,134,0,2026-03-24T15:05:57Z,2026-03-24
e2a77df87fbf97c1_135,e2a77df87fbf97c1,GAL-LOT-02,GAL-LOT,GOLD8BAR,14,-9,0,1,PASS,1,1,72,0,135,0,2026-03-24T15:05:57Z,2026-03-24
e2a77df87fbf97c1_136,e2a77df87fbf97c1,GAL-LOT-02,GAL-LOT,GOLD8BAR,15,-9,0,1,PASS,1,1,72,0,136,0,2026-03-24T15:05:57Z,2026-03-24
e2a77df87fbf97c1_137,e2a77df87fbf97c1,GAL-LOT-02,GAL-LOT,GOLD8BAR,16,-9,0,1,PASS,1,1,74,0,137,0,2026-03-24T15:05:57Z,2026-03-24
e2a77df87fbf97c1_138,e2a77df87fbf97c1,GAL-LOT-02,GAL-LOT,GOLD8BAR,17,-9,0,1,PASS,1,1,72,0,138,0,2026-03-24T15:05:57Z,2026-03-24
e2a77df87fbf97c1_139,e2a77df87fbf97c1,GAL-LOT-02,GAL-LOT,GOLD8BAR,18,-9,0,1,PASS,1,1,72,0,139,0,2026-03-24T15:05:57Z,2026-03-24
e2a77df87fbf97c1_140,e2a77df87fbf97c1,GAL-LOT-02,GAL-LOT,GOLD8BAR,19,-9,0,1,PASS,1,1,72,0,140,0,2026-03-24T15:05:57Z,2026-03-24
e2a77df87fbf97c1_141,e2a77df87fbf97c1,GAL-LOT-02,GAL-LOT,GOLD8BAR,20,-9,0,1,PASS,1,1,72,0,141,0,2026-03-24T15:05:57Z,2026-03-24
e2a77df87fbf97c1_142,e2a77df87fbf97c1,GAL-LOT-02,GAL-LOT,GOLD8BAR,21,-9,0,1,PASS,1,1,72,0,142,0,2026-03-24T15:05:57Z,2026-03-24
e2a77df87fbf97c1_143,e2a77df87fbf97c1,GAL-LOT-02,GAL-LOT,GOLD8BAR,22,-9,0,1,PASS,1,1,74,0,143,0,2026-03-24T15:05:57Z,2026-03-24
e2a77df87fbf97c1_144,e2a77df87fbf97c1,GAL-LOT-02,GAL-LOT,GOLD8BAR,23,-9,0,1,PASS,1,1,72,0,144,0,2026-03-24T15:05:57Z,2026-03-24
e2a77df87fbf97c1_145,e2a77df87fbf97c1,GAL-LOT-02,GAL-LOT,GOLD8BAR,24,-9,0,1,PASS,1,1,72,0,145,0,2026-03-24T15:05:57Z,2026-03-24
e2a77df87fbf97c1_146,e2a77df87fbf97c1,GAL-LOT-02,GAL-LOT,GOLD8BAR,25,-9,0,1,PASS,1,1,72,0,146,0,2026-03-24T15:05:57Z,2026-03-24
e2a77df87fbf97c1_147,e2a77df87fbf97c1,GAL-LOT-02,GAL-LOT,GOLD8BAR,26,-9,0,1,PASS,1,1,72,0,147,0,2026-03-24T15:05:57Z,2026-03-24
e2a77df87fbf97c1_148,e2a77df87fbf97c1,GAL-LOT-02,GAL-LOT,GOLD8BAR,27,-9,0,1,PASS,1,1,72,0,148,0,2026-03-24T15:05:57Z,2026-03-24
e2a77df87fbf97c1_149,e2a77df87fbf97c1,GAL-LOT-02,GAL-LOT,GOLD8BAR,28,-9,0,1,PASS,1,1,74,0,149,0,2026-03-24T15:05:57Z,2026-03-24
e2a77df87fbf97c1_150,e2a77df87fbf97c1,GAL-LOT-02,GAL-LOT,GOLD8BAR,29,-9,0,1,PASS,1,1,72,0,150,0,2026-03-24T15:05:57Z,2026-03-24
e2a77df87fbf97c1_151,e2a77df87fbf97c1,GAL-LOT-02,GAL-LOT,GOLD8BAR,30,-9,0,1,PASS,1,1,72,0,151,0,2026-03-24T15:05:57Z,2026-03-24
e2a77df87fbf97c1_152,e2a77df87fbf97c1,GAL-LOT-02,GAL-LOT,GOLD8BAR,31,-9,0,1,PASS,1,1,72,0,152,0,2026-03-24T15:05:57Z,2026-03-24
e2a77df87fbf97c1_153,e2a77df87fbf97c1,GAL-LOT-02,GAL-LOT,GOLD8BAR,32,-9,0,1,PASS,1,1,72,0,153,0,2026-03-24T15:05:57Z,2026-03-24
e2a77df87fbf97c1_154,e2a77df87fbf97c1,GAL-LOT-02,GAL-LOT,GOLD8BAR,33,-9,0,1,PASS,1,1,72,0,154,0,2026-03-24T15:05:57Z,2026-03-24
e2a77df87fbf97c1_155,e2a77df87fbf97c1,GAL-LOT-02,GAL-LOT,GOLD8BAR,34,-9,0,1,PASS,1,1,74,0,155,0,2026-03-24T15:05:57Z,2026-03-24
e2a77df87fbf97c1_156,e2a77df87fbf97c1,GAL-LOT-02,GAL-LOT,GOLD8BAR,35,-9,0,1,FAIL,8,8,32,0,156,0,2026-03-24T15:05:57Z,2026-03-24
e2a77df87fbf97c1_157,e2a77df87fbf97c1,GAL-LOT-02,GAL-LOT,GOLD8BAR,36,-9,0,1,PASS,1,1,74,0,157,0,2026-03-24T15:05:57Z,2026-03-24
e2a77df87fbf97c1_158,e2a77df87fbf97c1,GAL-LOT-02,GAL-LOT,GOLD8BAR,37,-9,0,1,PASS,1,1,72,0,158,0,2026-03-24T15:05:57Z,2026-03-24
e2a77df87fbf97c1_159,e2a77df87fbf97c1,GAL-LOT-02,GAL-LOT,GOLD8BAR,38,-9,0,1,PASS,1,1,72,0,159,0,2026-03-24T15:05:57Z,2026-03-24
e2a77df87fbf97c1_160,e2a77df87fbf97c1,GAL-LOT-02,GAL-LOT,GOLD8BAR,39,-9,0,1,PASS,1,1,72,0,160,0,2026-03-24T15:05:57Z,2026-03-24
e2a77df87fbf97c1_161,e2a77df87fbf97c1,GAL-LOT-02,GAL-LOT,GOLD8BAR,40,-9,0,1,PASS,1,1,72,0,161,0,2026-03-24T15:05:57Z,2026-03-24
e2a77df87fbf97c1_162,e2a77df87fbf97c1,GAL-LOT-02,GAL-LOT,GOLD8BAR,41,-10,0,1,FAIL,8,8,32,0,162,0,2026-03-24T15:05:57Z,2026-03-24
e2a77df87fbf97c1_163,e2a77df87fbf97c1,GAL-LOT-02,GAL-LOT,GOLD8BAR,40,-10,0,1,PASS,1,1,74,0,163,0,2026-03-24T15:05:57Z,2026-03-24
e2a77df87fbf97c1_164,e2a77df87fbf97c1,GAL-LOT-02,GAL-LOT,GOLD8BAR,39,-10,0,1,PASS,1,1,72,0,164,0,2026-03-24T15:05:57Z,2026-03-24
e2a77df87fbf97c1_165,e2a77df87fbf97c1,GAL-LOT-02,GAL-LOT,GOLD8BAR,38,-10,0,1,PASS,1,1,72,0,165,0,2026-03-24T15:05:57Z,2026-03-24
e2a77df87fbf97c1_166,e2a77df87fbf97c1,GAL-LOT-02,GAL-LOT,GOLD8BAR,37,-10,0,1,PASS,1,1,72,0,166,0,2026-03-24T15:05:57Z,2026-03-24
e2a77df87fbf97c1_167,e2a77df87fbf97c1,GAL-LOT-02,GAL-LOT,GOLD8BAR,36,-10,0,1,PASS,1,1,72,0,167,0,2026-03-24T15:05:57Z,2026-03-24
e2a77df87fbf97c1_168,e2a77df87fbf97c1,GAL-LOT-02,GAL-LOT,GOLD8BAR,35,-10,0,1,FAIL,7,7,43,0,168,0,2026-03-24T15:05:57Z,2026-03-24
e2a77df87fbf97c1_169,e2a77df87fbf97c1,GAL-LOT-02,GAL-LOT,GOLD8BAR,34,-10,0,1,PASS,1,1,74,0,169,0,2026-03-24T15:05:57Z,2026-03-24
e2a77df87fbf97c1_170,e2a77df87fbf97c1,GAL-LOT-02,GAL-LOT,GOLD8BAR,33,-10,0,1,PASS,1,1,72,0,170,0,2026-03-24T15:05:57Z,2026-03-24
e2a77df87fbf97c1_171,e2a77df87fbf97c1,GAL-LOT-02,GAL-LOT,GOLD8BAR,32,-10,0,1,PASS,1,1,72,0,171,0,2026-03-24T15:05:57Z,2026-03-24
e2a77df87fbf97c1_172,e2a77df87fbf97c1,GAL-LOT-02,GAL-LOT,GOLD8BAR,31,-10,0,1,FAIL,8,8,32,0,172,0,2026-03-24T15:05:57Z,2026-03-24
e2a77df87fbf97c1_173,e2a77df87fbf97c1,GAL-LOT-02,GAL-LOT,GOLD8BAR,30,-10,0,1,PASS,1,1,74,0,173,0,2026-03-24T15:05:57Z,2026-03-24
e2a77df87fbf97c1_174,e2a77df87fbf97c1,GAL-LOT-02,GAL-LOT,GOLD8BAR,29,-10,0,1,PASS,1,1,72,0,174,0,2026-03-24T15:05:57Z,2026-03-24
e2a77df87fbf97c1_175,e2a77df87fbf97c1,GAL-LOT-02,GAL-LOT,GOLD8BAR,28,-10,0,1,PASS,1,1,72,0,175,0,2026-03-24T15:05:57Z,2026-03-24
e2a77df87fbf97c1_176,e2a77df87fbf97c1,GAL-LOT-02,GAL-LOT,GOLD8BAR,27,-10,0,1,PASS,1,1,72,0,176,0,2026-03-24T15:05:57Z,2026-03-24
e2a77df87fbf97c1_177,e2a77df87fbf97c1,GAL-LOT-02,GAL-LOT,GOLD8BAR,26,-10,0,1,PASS,1,1,72,0,177,0,2026-03-24T15:05:57Z,2026-03-24
e2a77df87fbf97c1_178,e2a77df87fbf97c1,GAL-LOT-02,GAL-LOT,GOLD8BAR,25,-10,0,1,PASS,1,1,72,0,178,0,2026-03-24T15:05:57Z,2026-03-24
e2a77df87fbf97c1_179,e2a77df87fbf97c1,GAL-LOT-02,GAL-LOT,GOLD8BAR,24,-10,0,1,PASS,1,1,74,0,179,0,2026-03-24T15:05:57Z,2026-03-24
e2a77df87fbf97c1_180,e2a77df87fbf97c1,GAL-LOT-02,GAL-LOT,GOLD8BAR,23,-10,0,1,PASS,1,1,72,0,180,0,2026-03-24T15:05:57Z,2026-03-24
e2a77df87fbf97c1_181,e2a77df87fbf97c1,GAL-LOT-02,GAL-LOT,GOLD8BAR,22,-10,0,1,PASS,1,1,72,0,181,0,2026-03-24T15:05:57Z,2026-03-24
e2a77df87fbf97c1_182,e2a77df87fbf97c1,GAL-LOT-02,GAL-LOT,GOLD8BAR,21,-10,0,1,PASS,1,1,72,0,182,0,2026-03-24T15:05:57Z,2026-03-24
e2a77df87fbf97c1_183,e2a77df87fbf97c1,GAL-LOT-02,GAL-LOT,GOLD8BAR,20,-10,0,1,PASS,1,1,72,0,183,0,2026-03-24T15:05:57Z,2026-03-24
e2a77df87fbf97c1_184,e2a77df87fbf97c1,GAL-LOT-02,GAL-LOT,GOLD8BAR,19,-10,0,1,PASS,1,1,72,0,184,0,2026-03-24T15:05:57Z,2026-03-24
e2a77df87fbf97c1_185,e2a77df87fbf97c1,GAL-LOT-02,GAL-LOT,GOLD8BAR,18,-10,0,1,PASS,1,1,74,0,185,0,2026-03-24T15:05:57Z,2026-03-24
e2a77df87fbf97c1_186,e2a77df87fbf97c1,GAL-LOT-02,GAL-LOT,GOLD8BAR,17,-10,0,1,PASS,1,1,72,0,186,0,2026-03-24T15:05:57Z,2026-03-24
e2a77df87fbf97c1_187,e2a77df87fbf97c1,GAL-LOT-02,GAL-LOT,GOLD8BAR,16,-10,0,1,PASS,1,1,72,0,187,0,2026-03-24T15:05:57Z,2026-03-24
e2a77df87fbf97c1_188,e2a77df87fbf97c1,GAL-LOT-02,GAL-LOT,GOLD8BAR,15,-10,0,1,PASS,1,1,72,0,188,0,2026-03-24T15:05:57Z,2026-03-24
e2a77df87fbf97c1_189,e2a77df87fbf97c1,GAL-LOT-02,GAL-LOT,GOLD8BAR,14,-10,0,1,PASS,1,1,72,0,189,0,2026-03-24T15:05:57Z,2026-03-24
e2a77df87fbf97c1_190,e2a77df87fbf97c1,GAL-LOT-02,GAL-LOT,GOLD8BAR,13,-10,0,1,PASS,1,1,72,0,190,0,2026-03-24T15:05:57Z,2026-03-24
e2a77df87fbf97c1_191,e2a77df87fbf97c1,GAL-LOT-02,GAL-LOT,GOLD8BAR,12,-10,0,1,PASS,1,1,74,0,191,0,2026-03-24T15:05:57Z,2026-03-24
e2a77df87fbf97c1_192,e2a77df87fbf97c1,GAL-LOT-02,GAL-LOT,GOLD8BAR,11,-10,0,1,PASS,1,1,72,0,192,0,2026-03-24T15:05:57Z,2026-03-24
e2a77df87fbf97c1_193,e2a77df87fbf97c1,GAL-LOT-02,GAL-LOT,GOLD8BAR,10,-10,0,1,PASS,1,1,72,0,193,0,2026-03-24T15:05:57Z,2026-03-24
e2a77df87fbf97c1_194,e2a77df87fbf97c1,GAL-LOT-02,GAL-LOT,GOLD8BAR,9,-10,0,1,PASS,1,1,72,0,194,0,2026-03-24T15:05:57Z,2026-03-24
e2a77df87fbf97c1_195,e2a77df87fbf97c1,GAL-LOT-02,GAL-LOT,GOLD8BAR,8,-11,0,1,PASS,1,1,72,0,195,0,2026-03-24T15:05:57Z,2026-03-24
e2a77df87fbf97c1_196,e2a77df87fbf97c1,GAL-LOT-02,GAL-LOT,GOLD8BAR,9,-11,0,1,PASS,1,1,72,0,196,0,2026-03-24T15:05:57Z,2026-03-24
e2a77df87fbf97c1_197,e2a77df87fbf97c1,GAL-LOT-02,GAL-LOT,GOLD8BAR,10,-11,0,1,PASS,1,1,74,0,197,0,2026-03-24T15:05:57Z,2026-03-24
e2a77df87fbf97c1_198,e2a77df87fbf97c1,GAL-LOT-02,GAL-LOT,GOLD8BAR,13,-11,0,1,PASS,1,1,72,0,198,0,2026-03-24T15:05:57Z,2026-03-24
e2a77df87fbf97c1_199,e2a77df87fbf97c1,GAL-LOT-02,GAL-LOT,GOLD8BAR,14,-11,0,1,PASS,1,1,72,0,199,0,2026-03-24T15:05:57Z,2026-03-24
e2a77df87fbf97c1_200,e2a77df87fbf97c1,GAL-LOT-02,GAL-LOT,GOLD8BAR,15,-11,0,1,PASS,1,1,72,0,200,0,2026-03-24T15:05:57Z,2026-03-24
e2a77df87fbf97c1_201,e2a77df87fbf97c1,GAL-LOT-02,GAL-LOT,GOLD8BAR,16,-11,0,1,PASS,1,1,72,0,201,0,2026-03-24T15:05:57Z,2026-03-24
e2a77df87fbf97c1_202,e2a77df87fbf97c1,GAL-LOT-02,GAL-LOT,GOLD8BAR,17,-11,0,1,PASS,1,1,72,0,202,0,2026-03-24T15:05:57Z,2026-03-24
e2a77df87fbf97c1_203,e2a77df87fbf97c1,GAL-LOT-02,GAL-LOT,GOLD8BAR,18,-11,0,1,PASS,1,1,74,0,203,0,2026-03-24T15:05:57Z,2026-03-24
e2a77df87fbf97c1_204,e2a77df87fbf97c1,GAL-LOT-02,GAL-LOT,GOLD8BAR,19,-11,0,1,PASS,1,1,72,0,204,0,2026-03-24T15:05:57Z,2026-03-24
e2a77df87fbf97c1_205,e2a77df87fbf97c1,GAL-LOT-02,GAL-LOT,GOLD8BAR,20,-11,0,1,PASS,1,1,72,0,205,0,2026-03-24T15:05:57Z,2026-03-24
e2a77df87fbf97c1_206,e2a77df87fbf97c1,GAL-LOT-02,GAL-LOT,GOLD8BAR,21,-11,0,1,PASS,1,1,72,0,206,0,2026-03-24T15:05:57Z,2026-03-24
e2a77df87fbf97c1_207,e2a77df87fbf97c1,GAL-LOT-02,GAL-LOT,GOLD8BAR,22,-11,0,1,PASS,1,1,72,0,207,0,2026-03-24T15:05:57Z,2026-03-24
e2a77df87fbf97c1_208,e2a77df87fbf97c1,GAL-LOT-02,GAL-LOT,GOLD8BAR,23,-11,0,1,PASS,1,1,72,0,208,0,2026-03-24T15:05:57Z,2026-03-24
e2a77df87fbf97c1_209,e2a77df87fbf97c1,GAL-LOT-02,GAL-LOT,GOLD8BAR,24,-11,0,1,PASS,1,1,74,0,209,0,2026-03-24T15:05:57Z,2026-03-24
e2a77df87fbf97c1_210,e2a77df87fbf97c1,GAL-LOT-02,GAL-LOT,GOLD8BAR,25,-11,0,1,PASS,1,1,72,0,210,0,2026-03-24T15:05:57Z,2026-03-24
e2a77df87fbf97c1_211,e2a77df87fbf97c1,GAL-LOT-02,GAL-LOT,GOLD8BAR,26,-11,0,1,PASS,1,1,72,0,211,0,2026-03-24T15:05:57Z,2026-03-24
e2a77df87fbf97c1_212,e2a77df87fbf97c1,GAL-LOT-02,GAL-LOT,GOLD8BAR,27,-11,0,1,PASS,1,1,72,0,212,0,2026-03-24T15:05:57Z,2026-03-24
e2a77df87fbf97c1_213,e2a77df87fbf97c1,GAL-LOT-02,GAL-LOT,GOLD8BAR,28,-11,0,1,PASS,1,1,72,0,213,0,2026-03-24T15:05:57Z,2026-03-24
e2a77df87fbf97c1_214,e2a77df87fbf97c1,GAL-LOT-02,GAL-LOT,GOLD8BAR,29,-11,0,1,PASS,1,1,72,0,214,0,2026-03-24T15:05:57Z,2026-03-24
e2a77df87fbf97c1_215,e2a77df87fbf97c1,GAL-LOT-02,GAL-LOT,GOLD8BAR,30,-11,0,1,PASS,1,1,74,0,215,0,2026-03-24T15:05:57Z,2026-03-24
e2a77df87fbf97c1_216,e2a77df87fbf97c1,GAL-LOT-02,GAL-LOT,GOLD8BAR,31,-11,0,1,PASS,1,1,72,0,216,0,2026-03-24T15:05:57Z,2026-03-24
e2a77df87fbf97c1_217,e2a77df87fbf97c1,GAL-LOT-02,GAL-LOT,GOLD8BAR,32,-11,0,1,FAIL,8,8,32,0,217,0,2026-03-24T15:05:57Z,2026-03-24
e2a77df87fbf97c1_218,e2a77df87fbf97c1,GAL-LOT-02,GAL-LOT,GOLD8BAR,33,-11,0,1,PASS,1,1,74,0,218,0,2026-03-24T15:05:57Z,2026-03-24
e2a77df87fbf97c1_219,e2a77df87fbf97c1,GAL-LOT-02,GAL-LOT,GOLD8BAR,34,-11,0,1,PASS,1,1,72,0,219,0,2026-03-24T15:05:57Z,2026-03-24
e2a77df87fbf97c1_220,e2a77df87fbf97c1,GAL-LOT-02,GAL-LOT,GOLD8BAR,35,-11,0,1,PASS,1,1,72,0,220,0,2026-03-24T15:05:57Z,2026-03-24
e2a77df87fbf97c1_221,e2a77df87fbf97c1,GAL-LOT-02,GAL-LOT,GOLD8BAR,36,-11,0,1,PASS,1,1,72,0,221,0,2026-03-24T15:05:57Z,2026-03-24
e2a77df87fbf97c1_222,e2a77df87fbf97c1,GAL-LOT-02,GAL-LOT,GOLD8BAR,37,-11,0,1,PASS,1,1,72,0,222,0,2026-03-24T15:05:57Z,2026-03-24
e2a77df87fbf97c1_223,e2a77df87fbf97c1,GAL-LOT-02,GAL-LOT,GOLD8BAR,40,-11,0,1,PASS,1,1,72,0,223,0,2026-03-24T15:05:57Z,2026-03-24
e2a77df87fbf97c1_224,e2a77df87fbf97c1,GAL-LOT-02,GAL-LOT,GOLD8BAR,41,-11,0,1,PASS,1,1,74,0,224,0,2026-03-24T15:05:57Z,2026-03-24
e2a77df87fbf97c1_225,e2a77df87fbf97c1,GAL-LOT-02,GAL-LOT,GOLD8BAR,42,-11,0,1,PASS,1,1,72,0,225,0,2026-03-24T15:05:57Z,2026-03-24
e2a77df87fbf97c1_226,e2a77df87fbf97c1,GAL-LOT-02,GAL-LOT,GOLD8BAR,43,-12,0,1,PASS,1,1,72,0,226,0,2026-03-24T15:05:57Z,2026-03-24
e2a77df87fbf97c1_227,e2a77df87fbf97c1,GAL-LOT-02,GAL-LOT,GOLD8BAR,42,-12,0,1,PASS,1,1,72,0,227,0,2026-03-24T15:05:57Z,2026-03-24
e2a77df87fbf97c1_228,e2a77df87fbf97c1,GAL-LOT-02,GAL-LOT,GOLD8BAR,41,-12,0,1,PASS,1,1,72,0,228,0,2026-03-24T15:05:57Z,2026-03-24
e2a77df87fbf97c1_229,e2a77df87fbf97c1,GAL-LOT-02,GAL-LOT,GOLD8BAR,40,-12,0,1,PASS,1,1,72,0,229,0,2026-03-24T15:05:57Z,2026-03-24
e2a77df87fbf97c1_230,e2a77df87fbf97c1,GAL-LOT-02,GAL-LOT,GOLD8BAR,37,-12,0,1,PASS,1,1,74,0,230,0,2026-03-24T15:05:57Z,2026-03-24
e2a77df87fbf97c1_231,e2a77df87fbf97c1,GAL-LOT-02,GAL-LOT,GOLD8BAR,36,-12,0,1,PASS,1,1,72,0,231,0,2026-03-24T15:05:57Z,2026-03-24
e2a77df87fbf97c1_232,e2a77df87fbf97c1,GAL-LOT-02,GAL-LOT,GOLD8BAR,35,-12,0,1,PASS,1,1,72,0,232,0,2026-03-24T15:05:57Z,2026-03-24
e2a77df87fbf97c1_233,e2a77df87fbf97c1,GAL-LOT-02,GAL-LOT,GOLD8BAR,34,-12,0,1,PASS,1,1,72,0,233,0,2026-03-24T15:05:57Z,2026-03-24
e2a77df87fbf97c1_234,e2a77df87fbf97c1,GAL-LOT-02,GAL-LOT,GOLD8BAR,33,-12,0,1,PASS,1,1,72,0,234,0,2026-03-24T15:05:57Z,2026-03-24
e2a77df87fbf97c1_235,e2a77df87fbf97c1,GAL-LOT-02,GAL-LOT,GOLD8BAR,32,-12,0,1,PASS,1,1,72,0,235,0,2026-03-24T15:05:57Z,2026-03-24
e2a77df87fbf97c1_236,e2a77df87fbf97c1,GAL-LOT-02,GAL-LOT,GOLD8BAR,31,-12,0,1,PASS,1,1,74,0,236,0,2026-03-24T15:05:57Z,2026-03-24
e2a77df87fbf97c1_237,e2a77df87fbf97c1,GAL-LOT-02,GAL-LOT,GOLD8BAR,30,-12,0,1,PASS,1,1,72,0,237,0,2026-03-24T15:05:57Z,2026-03-24
e2a77df87fbf97c1_238,e2a77df87fbf97c1,GAL-LOT-02,GAL-LOT,GOLD8BAR,29,-12,0,1,PASS,1,1,72,0,238,0,2026-03-24T15:05:57Z,2026-03-24
e2a77df87fbf97c1_239,e2a77df87fbf97c1,GAL-LOT-02,GAL-LOT,GOLD8BAR,28,-12,0,1,PASS,1,1,72,0,239,0,2026-03-24T15:05:57Z,2026-03-24
e2a77df87fbf97c1_240,e2a77df87fbf97c1,GAL-LOT-02,GAL-LOT,GOLD8BAR,27,-12,0,1,PASS,1,1,72,0,240,0,2026-03-24T15:05:57Z,2026-03-24
e2a77df87fbf97c1_241,e2a77df87fbf97c1,GAL-LOT-02,GAL-LOT,GOLD8BAR,26,-12,0,1,PASS,1,1,72,0,241,0,2026-03-24T15:05:57Z,2026-03-24
e2a77df87fbf97c1_242,e2a77df87fbf97c1,GAL-LOT-02,GAL-LOT,GOLD8BAR,25,-12,0,1,PASS,1,1,74,0,242,0,2026-03-24T15:05:57Z,2026-03-24
e2a77df87fbf97c1_243,e2a77df87fbf97c1,GAL-LOT-02,GAL-LOT,GOLD8BAR,24,-12,0,1,PASS,1,1,72,0,243,0,2026-03-24T15:05:57Z,2026-03-24
e2a77df87fbf97c1_244,e2a77df87fbf97c1,GAL-LOT-02,GAL-LOT,GOLD8BAR,23,-12,0,1,PASS,1,1,72,0,244,0,2026-03-24T15:05:57Z,2026-03-24
e2a77df87fbf97c1_245,e2a77df87fbf97c1,GAL-LOT-02,GAL-LOT,GOLD8BAR,22,-12,0,1,PASS,1,1,72,0,245,0,2026-03-24T15:05:57Z,2026-03-24
e2a77df87fbf97c1_246,e2a77df87fbf97c1,GAL-LOT-02,GAL-LOT,GOLD8BAR,21,-12,0,1,PASS,1,1,72,0,246,0,2026-03-24T15:05:57Z,2026-03-24
e2a77df87fbf97c1_247,e2a77df87fbf97c1,GAL-LOT-02,GAL-LOT,GOLD8BAR,20,-12,0,1,PASS,1,1,72,0,247,0,2026-03-24T15:05:57Z,2026-03-24
e2a77df87fbf97c1_248,e2a77df87fbf97c1,GAL-LOT-02,GAL-LOT,GOLD8BAR,19,-12,0,1,PASS,1,1,74,0,248,0,2026-03-24T15:05:57Z,2026-03-24
e2a77df87fbf97c1_249,e2a77df87fbf97c1,GAL-LOT-02,GAL-LOT,GOLD8BAR,18,-12,0,1,PASS,1,1,72,0,249,0,2026-03-24T15:05:57Z,2026-03-24
e2a77df87fbf97c1_250,e2a77df87fbf97c1,GAL-LOT-02,GAL-LOT,GOLD8BAR,17,-12,0,1,PASS,1,1,72,0,250,0,2026-03-24T15:05:57Z,2026-03-24
e2a77df87fbf97c1_251,e2a77df87fbf97c1,GAL-LOT-02,GAL-LOT,GOLD8BAR,16,-12,0,1,PASS,1,1,72,0,251,0,2026-03-24T15:05:57Z,2026-03-24
e2a77df87fbf97c1_252,e2a77df87fbf97c1,GAL-LOT-02,GAL-LOT,GOLD8BAR,15,-12,0,1,PASS,1,1,72,0,252,0,2026-03-24T15:05:57Z,2026-03-24
e2a77df87fbf97c1_253,e2a77df87fbf97c1,GAL-LOT-02,GAL-LOT,GOLD8BAR,14,-12,0,1,PASS,1,1,72,0,253,0,2026-03-24T15:05:57Z,2026-03-24
e2a77df87fbf97c1_254,e2a77df87fbf97c1,GAL-LOT-02,GAL-LOT,GOLD8BAR,13,-12,0,1,PASS,1,1,74,0,254,0,2026-03-24T15:05:57Z,2026-03-24
e2a77df87fbf97c1_255,e2a77df87fbf97c1,GAL-LOT-02,GAL-LOT,GOLD8BAR,10,-12,0,1,PASS,1,1,72,0,255,0,2026-03-24T15:05:57Z,2026-03-24
e2a77df87fbf97c1_256,e2a77df87fbf97c1,GAL-LOT-02,GAL-LOT,GOLD8BAR,9,-12,0,1,PASS,1,1,72,0,256,0,2026-03-24T15:05:57Z,2026-03-24
e2a77df87fbf97c1_257,e2a77df87fbf97c1,GAL-LOT-02,GAL-LOT,GOLD8BAR,8,-12,0,1,PASS,1,1,72,0,257,0,2026-03-24T15:05:57Z,2026-03-24
e2a77df87fbf97c1_258,e2a77df87fbf97c1,GAL-LOT-02,GAL-LOT,GOLD8BAR,7,-12,0,1,PASS,1,1,72,0,258,0,2026-03-24T15:05:57Z,2026-03-24
e2a77df87fbf97c1_259,e2a77df87fbf97c1,GAL-LOT-02,GAL-LOT,GOLD8BAR,6,-13,0,1,FAIL,5,5,1,0,259,0,2026-03-24T15:05:57Z,2026-03-24
e2a77df87fbf97c1_260,e2a77df87fbf97c1,GAL-LOT-02,GAL-LOT,GOLD8BAR,7,-13,0,1,FAIL,8,8,32,0,260,0,2026-03-24T15:05:57Z,2026-03-24
e2a77df87fbf97c1_261,e2a77df87fbf97c1,GAL-LOT-02,GAL-LOT,GOLD8BAR,8,-13,0,1,PASS,1,1,74,0,261,0,2026-03-24T15:05:57Z,2026-03-24
e2a77df87fbf97c1_262,e2a77df87fbf97c1,GAL-LOT-02,GAL-LOT,GOLD8BAR,9,-13,0,1,PASS,1,1,72,0,262,0,2026-03-24T15:05:57Z,2026-03-24
e2a77df87fbf97c1_263,e2a77df87fbf97c1,GAL-LOT-02,GAL-LOT,GOLD8BAR,10,-13,0,1,PASS,1,1,72,0,263,0,2026-03-24T15:05:57Z,2026-03-24
e2a77df87fbf97c1_264,e2a77df87fbf97c1,GAL-LOT-02,GAL-LOT,GOLD8BAR,11,-13,0,1,PASS,1,1,72,0,264,0,2026-03-24T15:05:57Z,2026-03-24
e2a77df87fbf97c1_265,e2a77df87fbf97c1,GAL-LOT-02,GAL-LOT,GOLD8BAR,12,-13,0,1,PASS,1,1,72,0,265,0,2026-03-24T15:05:57Z,2026-03-24
e2a77df87fbf97c1_266,e2a77df87fbf97c1,GAL-LOT-02,GAL-LOT,GOLD8BAR,13,-13,0,1,PASS,1,1,72,0,266,0,2026-03-24T15:05:57Z,2026-03-24
e2a77df87fbf97c1_267,e2a77df87fbf97c1,GAL-LOT-02,GAL-LOT,GOLD8BAR,14,-13,0,1,PASS,1,1,74,0,267,0,2026-03-24T15:05:57Z,2026-03-24
e2a77df87fbf97c1_268,e2a77df87fbf97c1,GAL-LOT-02,GAL-LOT,GOLD8BAR,15,-13,0,1,PASS,1,1,72,0,268,0,2026-03-24T15:05:57Z,2026-03-24
e2a77df87fbf97c1_269,e2a77df87fbf97c1,GAL-LOT-02,GAL-LOT,GOLD8BAR,16,-13,0,1,PASS,1,1,72,0,269,0,2026-03-24T15:05:57Z,2026-03-24
e2a77df87fbf97c1_270,e2a77df87fbf97c1,GAL-LOT-02,GAL-LOT,GOLD8BAR,17,-13,0,1,PASS,1,1,72,0,270,0,2026-03-24T15:05:57Z,2026-03-24
e2a77df87fbf97c1_271,e2a77df87fbf97c1,GAL-LOT-02,GAL-LOT,GOLD8BAR,18,-13,0,1,PASS,1,1,72,0,271,0,2026-03-24T15:05:57Z,2026-03-24
e2a77df87fbf97c1_272,e2a77df87fbf97c1,GAL-LOT-02,GAL-LOT,GOLD8BAR,19,-13,0,1,PASS,1,1,72,0,272,0,2026-03-24T15:05:57Z,2026-03-24
e2a77df87fbf97c1_273,e2a77df87fbf97c1,GAL-LOT-02,GAL-LOT,GOLD8BAR,20,-13,0,1,PASS,1,1,74,0,273,0,2026-03-24T15:05:57Z,2026-03-24
e2a77df87fbf97c1_274,e2a77df87fbf97c1,GAL-LOT-02,GAL-LOT,GOLD8BAR,21,-13,0,1,PASS,1,1,72,0,274,0,2026-03-24T15:05:57Z,2026-03-24
e2a77df87fbf97c1_275,e2a77df87fbf97c1,GAL-LOT-02,GAL-LOT,GOLD8BAR,22,-13,0,1,PASS,1,1,72,0,275,0,2026-03-24T15:05:57Z,2026-03-24
e2a77df87fbf97c1_276,e2a77df87fbf97c1,GAL-LOT-02,GAL-LOT,GOLD8BAR,23,-13,0,1,PASS,1,1,72,0,276,0,2026-03-24T15:05:57Z,2026-03-24
e2a77df87fbf97c1_277,e2a77df87fbf97c1,GAL-LOT-02,GAL-LOT,GOLD8BAR,24,-13,0,1,PASS,1,1,72,0,277,0,2026-03-24T15:05:57Z,2026-03-24
e2a77df87fbf97c1_278,e2a77df87fbf97c1,GAL-LOT-02,GAL-LOT,GOLD8BAR,25,-13,0,1,PASS,1,1,72,0,278,0,2026-03-24T15:05:57Z,2026-03-24
e2a77df87fbf97c1_279,e2a77df87fbf97c1,GAL-LOT-02,GAL-LOT,GOLD8BAR,26,-13,0,1,FAIL,8,8,32,0,279,0,2026-03-24T15:05:57Z,2026-03-24
e2a77df87fbf97c1_280,e2a77df87fbf97c1,GAL-LOT-02,GAL-LOT,GOLD8BAR,27,-13,0,1,PASS,1,1,74,0,280,0,2026-03-24T15:05:57Z,2026-03-24
e2a77df87fbf97c1_281,e2a77df87fbf97c1,GAL-LOT-02,GAL-LOT,GOLD8BAR,28,-13,0,1,PASS,1,1,72,0,281,0,2026-03-24T15:05:57Z,2026-03-24
e2a77df87fbf97c1_282,e2a77df87fbf97c1,GAL-LOT-02,GAL-LOT,GOLD8BAR,29,-13,0,1,PASS,1,1,54,0,282,0,2026-03-24T15:05:57Z,2026-03-24
e2a77df87fbf97c1_283,e2a77df87fbf97c1,GAL-LOT-02,GAL-LOT,GOLD8BAR,30,-13,0,1,PASS,1,1,72,0,283,0,2026-03-24T15:05:57Z,2026-03-24
e2a77df87fbf97c1_284,e2a77df87fbf97c1,GAL-LOT-02,GAL-LOT,GOLD8BAR,31,-13,0,1,PASS,1,1,72,0,284,0,2026-03-24T15:05:57Z,2026-03-24
e2a77df87fbf97c1_285,e2a77df87fbf97c1,GAL-LOT-02,GAL-LOT,GOLD8BAR,32,-13,0,1,PASS,1,1,72,0,285,0,2026-03-24T15:05:57Z,2026-03-24
e2a77df87fbf97c1_286,e2a77df87fbf97c1,GAL-LOT-02,GAL-LOT,GOLD8BAR,33,-13,0,1,PASS,1,1,74,0,286,0,2026-03-24T15:05:57Z,2026-03-24
e2a77df87fbf97c1_287,e2a77df87fbf97c1,GAL-LOT-02,GAL-LOT,GOLD8BAR,34,-13,0,1,PASS,1,1,72,0,287,0,2026-03-24T15:05:57Z,2026-03-24
e2a77df87fbf97c1_288,e2a77df87fbf97c1,GAL-LOT-02,GAL-LOT,GOLD8BAR,35,-13,0,1,PASS,1,1,72,0,288,0,2026-03-24T15:05:57Z,2026-03-24
e2a77df87fbf97c1_289,e2a77df87fbf97c1,GAL-LOT-02,GAL-LOT,GOLD8BAR,36,-13,0,1,PASS,1,1,72,0,289,0,2026-03-24T15:05:57Z,2026-03-24
e2a77df87fbf97c1_290,e2a77df87fbf97c1,GAL-LOT-02,GAL-LOT,GOLD8BAR,37,-13,0,1,PASS,1,1,72,0,290,0,2026-03-24T15:05:57Z,2026-03-24
e2a77df87fbf97c1_291,e2a77df87fbf97c1,GAL-LOT-02,GAL-LOT,GOLD8BAR,38,-13,0,1,PASS,1,1,72,0,291,0,2026-03-24T15:05:57Z,2026-03-24
e2a77df87fbf97c1_292,e2a77df87fbf97c1,GAL-LOT-02,GAL-LOT,GOLD8BAR,39,-13,0,1,PASS,1,1,74,0,292,0,2026-03-24T15:05:57Z,2026-03-24
e2a77df87fbf97c1_293,e2a77df87fbf97c1,GAL-LOT-02,GAL-LOT,GOLD8BAR,40,-13,0,1,PASS,1,1,72,0,293,0,2026-03-24T15:05:57Z,2026-03-24
e2a77df87fbf97c1_294,e2a77df87fbf97c1,GAL-LOT-02,GAL-LOT,GOLD8BAR,41,-13,0,1,PASS,1,1,72,0,294,0,2026-03-24T15:05:57Z,2026-03-24
e2a77df87fbf97c1_295,e2a77df87fbf97c1,GAL-LOT-02,GAL-LOT,GOLD8BAR,42,-13,0,1,PASS,1,1,72,0,295,0,2026-03-24T15:05:57Z,2026-03-24
e2a77df87fbf97c1_296,e2a77df87fbf97c1,GAL-LOT-02,GAL-LOT,GOLD8BAR,43,-13,0,1,PASS,1,1,72,0,296,0,2026-03-24T15:05:57Z,2026-03-24
e2a77df87fbf97c1_297,e2a77df87fbf97c1,GAL-LOT-02,GAL-LOT,GOLD8BAR,44,-13,0,1,FAIL,5,5,1,0,297,0,2026-03-24T15:05:57Z,2026-03-24
e2a77df87fbf97c1_298,e2a77df87fbf97c1,GAL-LOT-02,GAL-LOT,GOLD8BAR,44,-14,0,1,FAIL,8,8,32,0,298,0,2026-03-24T15:05:57Z,2026-03-24
e2a77df87fbf97c1_299,e2a77df87fbf97c1,GAL-LOT-02,GAL-LOT,GOLD8BAR,43,-14,0,1,PASS,1,1,74,0,299,0,2026-03-24T15:05:57Z,2026-03-24
e2a77df87fbf97c1_300,e2a77df87fbf97c1,GAL-LOT-02,GAL-LOT,GOLD8BAR,42,-14,0,1,PASS,1,1,72,0,300,0,2026-03-24T15:05:57Z,2026-03-24
e2a77df87fbf97c1_301,e2a77df87fbf97c1,GAL-LOT-02,GAL-LOT,GOLD8BAR,41,-14,0,1,PASS,1,1,72,0,301,0,2026-03-24T15:05:57Z,2026-03-24
e2a77df87fbf97c1_302,e2a77df87fbf97c1,GAL-LOT-02,GAL-LOT,GOLD8BAR,40,-14,0,1,PASS,1,1,72,0,302,0,2026-03-24T15:05:57Z,2026-03-24
e2a77df87fbf97c1_303,e2a77df87fbf97c1,GAL-LOT-02,GAL-LOT,GOLD8BAR,39,-14,0,1,PASS,1,1,72,0,303,0,2026-03-24T15:05:57Z,2026-03-24
e2a77df87fbf97c1_304,e2a77df87fbf97c1,GAL-LOT-02,GAL-LOT,GOLD8BAR,38,-14,0,1,PASS,1,1,72,0,304,0,2026-03-24T15:05:57Z,2026-03-24
e2a77df87fbf97c1_305,e2a77df87fbf97c1,GAL-LOT-02,GAL-LOT,GOLD8BAR,37,-14,0,1,PASS,1,1,74,0,305,0,2026-03-24T15:05:57Z,2026-03-24
e2a77df87fbf97c1_306,e2a77df87fbf97c1,GAL-LOT-02,GAL-LOT,GOLD8BAR,36,-14,0,1,PASS,1,1,72,0,306,0,2026-03-24T15:05:57Z,2026-03-24
e2a77df87fbf97c1_307,e2a77df87fbf97c1,GAL-LOT-02,GAL-LOT,GOLD8BAR,35,-14,0,1,PASS,1,1,72,0,307,0,2026-03-24T15:05:57Z,2026-03-24
e2a77df87fbf97c1_308,e2a77df87fbf97c1,GAL-LOT-02,GAL-LOT,GOLD8BAR,34,-14,0,1,PASS,1,1,72,0,308,0,2026-03-24T15:05:57Z,2026-03-24
e2a77df87fbf97c1_309,e2a77df87fbf97c1,GAL-LOT-02,GAL-LOT,GOLD8BAR,33,-14,0,1,PASS,1,1,72,0,309,0,2026-03-24T15:05:57Z,2026-03-24
e2a77df87fbf97c1_310,e2a77df87fbf97c1,GAL-LOT-02,GAL-LOT,GOLD8BAR,32,-14,0,1,PASS,1,1,72,0,310,0,2026-03-24T15:05:57Z,2026-03-24
e2a77df87fbf97c1_311,e2a77df87fbf97c1,GAL-LOT-02,GAL-LOT,GOLD8BAR,31,-14,0,1,PASS,1,1,74,0,311,0,2026-03-24T15:05:57Z,2026-03-24
e2a77df87fbf97c1_312,e2a77df87fbf97c1,GAL-LOT-02,GAL-LOT,GOLD8BAR,30,-14,0,1,PASS,1,1,72,0,312,0,2026-03-24T15:05:57Z,2026-03-24
e2a77df87fbf97c1_313,e2a77df87fbf97c1,GAL-LOT-02,GAL-LOT,GOLD8BAR,29,-14,0,1,PASS,1,1,72,0,313,0,2026-03-24T15:05:57Z,2026-03-24
e2a77df87fbf97c1_314,e2a77df87fbf97c1,GAL-LOT-02,GAL-LOT,GOLD8BAR,28,-14,0,1,PASS,1,1,72,0,314,0,2026-03-24T15:05:57Z,2026-03-24
e2a77df87fbf97c1_315,e2a77df87fbf97c1,GAL-LOT-02,GAL-LOT,GOLD8BAR,27,-14,0,1,PASS,1,1,72,0,315,0,2026-03-24T15:05:57Z,2026-03-24
e2a77df87fbf97c1_316,e2a77df87fbf97c1,GAL-LOT-02,GAL-LOT,GOLD8BAR,26,-14,0,1,PASS,1,1,72,0,316,0,2026-03-24T15:05:57Z,2026-03-24
e2a77df87fbf97c1_317,e2a77df87fbf97c1,GAL-LOT-02,GAL-LOT,GOLD8BAR,25,-14,0,1,PASS,1,1,74,0,317,0,2026-03-24T15:05:57Z,2026-03-24
e2a77df87fbf97c1_318,e2a77df87fbf97c1,GAL-LOT-02,GAL-LOT,GOLD8BAR,24,-14,0,1,PASS,1,1,72,0,318,0,2026-03-24T15:05:57Z,2026-03-24
e2a77df87fbf97c1_319,e2a77df87fbf97c1,GAL-LOT-02,GAL-LOT,GOLD8BAR,23,-14,0,1,PASS,1,1,72,0,319,0,2026-03-24T15:05:57Z,2026-03-24
e2a77df87fbf97c1_320,e2a77df87fbf97c1,GAL-LOT-02,GAL-LOT,GOLD8BAR,22,-14,0,1,PASS,1,1,72,0,320,0,2026-03-24T15:05:57Z,2026-03-24
e2a77df87fbf97c1_321,e2a77df87fbf97c1,GAL-LOT-02,GAL-LOT,GOLD8BAR,21,-14,0,1,PASS,1,1,72,0,321,0,2026-03-24T15:05:57Z,2026-03-24
e2a77df87fbf97c1_322,e2a77df87fbf97c1,GAL-LOT-02,GAL-LOT,GOLD8BAR,20,-14,0,1,PASS,1,1,72,0,322,0,2026-03-24T15:05:57Z,2026-03-24
e2a77df87fbf97c1_323,e2a77df87fbf97c1,GAL-LOT-02,GAL-LOT,GOLD8BAR,19,-14,0,1,PASS,1,1,74,0,323,0,2026-03-24T15:05:57Z,2026-03-24
e2a77df87fbf97c1_324,e2a77df87fbf97c1,GAL-LOT-02,GAL-LOT,GOLD8BAR,18,-14,0,1,PASS,1,1,72,0,324,0,2026-03-24T15:05:57Z,2026-03-24
e2a77df87fbf97c1_325,e2a77df87fbf97c1,GAL-LOT-02,GAL-LOT,GOLD8BAR,17,-14,0,1,PASS,1,1,72,0,325,0,2026-03-24T15:05:57Z,2026-03-24
e2a77df87fbf97c1_326,e2a77df87fbf97c1,GAL-LOT-02,GAL-LOT,GOLD8BAR,16,-14,0,1,PASS,1,1,72,0,326,0,2026-03-24T15:05:57Z,2026-03-24
e2a77df87fbf97c1_327,e2a77df87fbf97c1,GAL-LOT-02,GAL-LOT,GOLD8BAR,15,-14,0,1,PASS,1,1,72,0,327,0,2026-03-24T15:05:57Z,2026-03-24
e2a77df87fbf97c1_328,e2a77df87fbf97c1,GAL-LOT-02,GAL-LOT,GOLD8BAR,14,-14,0,1,PASS,1,1,72,0,328,0,2026-03-24T15:05:57Z,2026-03-24
e2a77df87fbf97c1_329,e2a77df87fbf97c1,GAL-LOT-02,GAL-LOT,GOLD8BAR,13,-14,0,1,PASS,1,1,74,0,329,0,2026-03-24T15:05:57Z,2026-03-24
e2a77df87fbf97c1_330,e2a77df87fbf97c1,GAL-LOT-02,GAL-LOT,GOLD8BAR,12,-14,0,1,PASS,1,1,72,0,330,0,2026-03-24T15:05:57Z,2026-03-24
e2a77df87fbf97c1_331,e2a77df87fbf97c1,GAL-LOT-02,GAL-LOT,GOLD8BAR,11,-14,0,1,PASS,1,1,72,0,331,0,2026-03-24T15:05:57Z,2026-03-24
e2a77df87fbf97c1_332,e2a77df87fbf97c1,GAL-LOT-02,GAL-LOT,GOLD8BAR,10,-14,0,1,PASS,1,1,72,0,332,0,2026-03-24T15:05:57Z,2026-03-24
e2a77df87fbf97c1_333,e2a77df87fbf97c1,GAL-LOT-02,GAL-LOT,GOLD8BAR,9,-14,0,1,FAIL,8,8,32,0,333,0,2026-03-24T15:05:57Z,2026-03-24
e2a77df87fbf97c1_334,e2a77df87fbf97c1,GAL-LOT-02,GAL-LOT,GOLD8BAR,8,-14,0,1,PASS,1,1,74,0,334,0,2026-03-24T15:05:57Z,2026-03-24
e2a77df87fbf97c1_335,e2a77df87fbf97c1,GAL-LOT-02,GAL-LOT,GOLD8BAR,7,-14,0,1,PASS,1,1,72,0,335,0,2026-03-24T15:05:57Z,2026-03-24
e2a77df87fbf97c1_336,e2a77df87fbf97c1,GAL-LOT-02,GAL-LOT,GOLD8BAR,6,-14,0,1,PASS,1,1,72,0,336,0,2026-03-24T15:05:57Z,2026-03-24
e2a77df87fbf97c1_337,e2a77df87fbf97c1,GAL-LOT-02,GAL-LOT,GOLD8BAR,5,-15,0,1,FAIL,5,5,1,0,337,0,2026-03-24T15:05:57Z,2026-03-24
e2a77df87fbf97c1_338,e2a77df87fbf97c1,GAL-LOT-02,GAL-LOT,GOLD8BAR,6,-15,0,1,PASS,1,1,74,0,338,0,2026-03-24T15:05:57Z,2026-03-24
e2a77df87fbf97c1_339,e2a77df87fbf97c1,GAL-LOT-02,GAL-LOT,GOLD8BAR,7,-15,0,1,PASS,1,1,72,0,339,0,2026-03-24T15:05:57Z,2026-03-24
e2a77df87fbf97c1_340,e2a77df87fbf97c1,GAL-LOT-02,GAL-LOT,GOLD8BAR,8,-15,0,1,PASS,1,1,72,0,340,0,2026-03-24T15:05:57Z,2026-03-24
e2a77df87fbf97c1_341,e2a77df87fbf97c1,GAL-LOT-02,GAL-LOT,GOLD8BAR,9,-15,0,1,PASS,1,1,72,0,341,0,2026-03-24T15:05:57Z,2026-03-24
e2a77df87fbf97c1_342,e2a77df87fbf97c1,GAL-LOT-02,GAL-LOT,GOLD8BAR,10,-15,0,1,PASS,1,1,72,0,342,0,2026-03-24T15:05:57Z,2026-03-24
e2a77df87fbf97c1_343,e2a77df87fbf97c1,GAL-LOT-02,GAL-LOT,GOLD8BAR,11,-15,0,1,PASS,1,1,72,0,343,0,2026-03-24T15:05:57Z,2026-03-24
e2a77df87fbf97c1_344,e2a77df87fbf97c1,GAL-LOT-02,GAL-LOT,GOLD8BAR,12,-15,0,1,PASS,1,1,74,0,344,0,2026-03-24T15:05:57Z,2026-03-24
e2a77df87fbf97c1_345,e2a77df87fbf97c1,GAL-LOT-02,GAL-LOT,GOLD8BAR,13,-15,0,1,PASS,1,1,72,0,345,0,2026-03-24T15:05:57Z,2026-03-24
e2a77df87fbf97c1_346,e2a77df87fbf97c1,GAL-LOT-02,GAL-LOT,GOLD8BAR,14,-15,0,1,PASS,1,1,72,0,346,0,2026-03-24T15:05:57Z,2026-03-24
e2a77df87fbf97c1_347,e2a77df87fbf97c1,GAL-LOT-02,GAL-LOT,GOLD8BAR,15,-15,0,1,PASS,1,1,72,0,347,0,2026-03-24T15:05:57Z,2026-03-24
e2a77df87fbf97c1_348,e2a77df87fbf97c1,GAL-LOT-02,GAL-LOT,GOLD8BAR,16,-15,0,1,PASS,1,1,72,0,348,0,2026-03-24T15:05:57Z,2026-03-24
e2a77df87fbf97c1_349,e2a77df87fbf97c1,GAL-LOT-02,GAL-LOT,GOLD8BAR,17,-15,0,1,PASS,1,1,72,0,349,0,2026-03-24T15:05:57Z,2026-03-24
e2a77df87fbf97c1_350,e2a77df87fbf97c1,GAL-LOT-02,GAL-LOT,GOLD8BAR,18,-15,0,1,PASS,1,1,74,0,350,0,2026-03-24T15:05:57Z,2026-03-24
e2a77df87fbf97c1_351,e2a77df87fbf97c1,GAL-LOT-02,GAL-LOT,GOLD8BAR,19,-15,0,1,PASS,1,1,72,0,351,0,2026-03-24T15:05:57Z,2026-03-24
e2a77df87fbf97c1_352,e2a77df87fbf97c1,GAL-LOT-02,GAL-LOT,GOLD8BAR,20,-15,0,1,PASS,1,1,72,0,352,0,2026-03-24T15:05:57Z,2026-03-24
e2a77df87fbf97c1_353,e2a77df87fbf97c1,GAL-LOT-02,GAL-LOT,GOLD8BAR,21,-15,0,1,FAIL,8,8,32,0,353,0,2026-03-24T15:05:57Z,2026-03-24
e2a77df87fbf97c1_354,e2a77df87fbf97c1,GAL-LOT-02,GAL-LOT,GOLD8BAR,22,-15,0,1,PASS,1,1,74,0,354,0,2026-03-24T15:05:57Z,2026-03-24
e2a77df87fbf97c1_355,e2a77df87fbf97c1,GAL-LOT-02,GAL-LOT,GOLD8BAR,23,-15,0,1,PASS,1,1,72,0,355,0,2026-03-24T15:05:57Z,2026-03-24
e2a77df87fbf97c1_356,e2a77df87fbf97c1,GAL-LOT-02,GAL-LOT,GOLD8BAR,24,-15,0,1,PASS,1,1,72,0,356,0,2026-03-24T15:05:57Z,2026-03-24
e2a77df87fbf97c1_357,e2a77df87fbf97c1,GAL-LOT-02,GAL-LOT,GOLD8BAR,25,-15,0,1,PASS,1,1,72,0,357,0,2026-03-24T15:05:57Z,2026-03-24
e2a77df87fbf97c1_358,e2a77df87fbf97c1,GAL-LOT-02,GAL-LOT,GOLD8BAR,26,-15,0,1,PASS,1,1,72,0,358,0,2026-03-24T15:05:57Z,2026-03-24
e2a77df87fbf97c1_359,e2a77df87fbf97c1,GAL-LOT-02,GAL-LOT,GOLD8BAR,27,-15,0,1,PASS,1,1,72,0,359,0,2026-03-24T15:05:57Z,2026-03-24
e2a77df87fbf97c1_360,e2a77df87fbf97c1,GAL-LOT-02,GAL-LOT,GOLD8BAR,28,-15,0,1,PASS,1,1,74,0,360,0,2026-03-24T15:05:57Z,2026-03-24
e2a77df87fbf97c1_361,e2a77df87fbf97c1,GAL-LOT-02,GAL-LOT,GOLD8BAR,29,-15,0,1,PASS,1,1,72,0,361,0,2026-03-24T15:05:57Z,2026-03-24
e2a77df87fbf97c1_362,e2a77df87fbf97c1,GAL-LOT-02,GAL-LOT,GOLD8BAR,30,-15,0,1,PASS,1,1,72,0,362,0,2026-03-24T15:05:57Z,2026-03-24
e2a77df87fbf97c1_363,e2a77df87fbf97c1,GAL-LOT-02,GAL-LOT,GOLD8BAR,31,-15,0,1,PASS,1,1,72,0,363,0,2026-03-24T15:05:57Z,2026-03-24
e2a77df87fbf97c1_364,e2a77df87fbf97c1,GAL-LOT-02,GAL-LOT,GOLD8BAR,32,-15,0,1,PASS,1,1,72,0,364,0,2026-03-24T15:05:57Z,2026-03-24
e2a77df87fbf97c1_365,e2a77df87fbf97c1,GAL-LOT-02,GAL-LOT,GOLD8BAR,33,-15,0,1,PASS,1,1,72,0,365,0,2026-03-24T15:05:57Z,2026-03-24
e2a77df87fbf97c1_366,e2a77df87fbf97c1,GAL-LOT-02,GAL-LOT,GOLD8BAR,34,-15,0,1,PASS,1,1,74,0,366,0,2026-03-24T15:05:57Z,2026-03-24
e2a77df87fbf97c1_367,e2a77df87fbf97c1,GAL-LOT-02,GAL-LOT,GOLD8BAR,35,-15,0,1,PASS,1,1,72,0,367,0,2026-03-24T15:05:57Z,2026-03-24
e2a77df87fbf97c1_368,e2a77df87fbf97c1,GAL-LOT-02,GAL-LOT,GOLD8BAR,36,-15,0,1,PASS,1,1,72,0,368,0,2026-03-24T15:05:57Z,2026-03-24
e2a77df87fbf97c1_369,e2a77df87fbf97c1,GAL-LOT-02,GAL-LOT,GOLD8BAR,37,-15,0,1,PASS,1,1,72,0,369,0,2026-03-24T15:05:57Z,2026-03-24
e2a77df87fbf97c1_370,e2a77df87fbf97c1,GAL-LOT-02,GAL-LOT,GOLD8BAR,38,-15,0,1,PASS,1,1,72,0,370,0,2026-03-24T15:05:57Z,2026-03-24
e2a77df87fbf97c1_371,e2a77df87fbf97c1,GAL-LOT-02,GAL-LOT,GOLD8BAR,39,-15,0,1,PASS,1,1,72,0,371,0,2026-03-24T15:05:57Z,2026-03-24
e2a77df87fbf97c1_372,e2a77df87fbf97c1,GAL-LOT-02,GAL-LOT,GOLD8BAR,40,-15,0,1,PASS,1,1,74,0,372,0,2026-03-24T15:05:57Z,2026-03-24
e2a77df87fbf97c1_373,e2a77df87fbf97c1,GAL-LOT-02,GAL-LOT,GOLD8BAR,41,-15,0,1,PASS,1,1,72,0,373,0,2026-03-24T15:05:57Z,2026-03-24
e2a77df87fbf97c1_374,e2a77df87fbf97c1,GAL-LOT-02,GAL-LOT,GOLD8BAR,42,-15,0,1,PASS,1,1,72,0,374,0,2026-03-24T15:05:57Z,2026-03-24
e2a77df87fbf97c1_375,e2a77df87fbf97c1,GAL-LOT-02,GAL-LOT,GOLD8BAR,43,-15,0,1,PASS,1,1,72,0,375,0,2026-03-24T15:05:57Z,2026-03-24
e2a77df87fbf97c1_376,e2a77df87fbf97c1,GAL-LOT-02,GAL-LOT,GOLD8BAR,44,-15,0,1,PASS,1,1,72,0,376,0,2026-03-24T15:05:57Z,2026-03-24
e2a77df87fbf97c1_377,e2a77df87fbf97c1,GAL-LOT-02,GAL-LOT,GOLD8BAR,45,-15,0,1,FAIL,5,5,1,0,377,0,2026-03-24T15:05:57Z,2026-03-24
e2a77df87fbf97c1_378,e2a77df87fbf97c1,GAL-LOT-02,GAL-LOT,GOLD8BAR,45,-16,0,1,FAIL,10,10,12,0,378,0,2026-03-24T15:05:57Z,2026-03-24
e2a77df87fbf97c1_379,e2a77df87fbf97c1,GAL-LOT-02,GAL-LOT,GOLD8BAR,44,-16,0,1,PASS,1,1,74,0,379,0,2026-03-24T15:05:57Z,2026-03-24
e2a77df87fbf97c1_380,e2a77df87fbf97c1,GAL-LOT-02,GAL-LOT,GOLD8BAR,43,-16,0,1,PASS,1,1,72,0,380,0,2026-03-24T15:05:57Z,2026-03-24
e2a77df87fbf97c1_381,e2a77df87fbf97c1,GAL-LOT-02,GAL-LOT,GOLD8BAR,42,-16,0,1,PASS,1,1,72,0,381,0,2026-03-24T15:05:57Z,2026-03-24
e2a77df87fbf97c1_382,e2a77df87fbf97c1,GAL-LOT-02,GAL-LOT,GOLD8BAR,41,-16,0,1,PASS,1,1,72,0,382,0,2026-03-24T15:05:57Z,2026-03-24
e2a77df87fbf97c1_383,e2a77df87fbf97c1,GAL-LOT-02,GAL-LOT,GOLD8BAR,40,-16,0,1,PASS,1,1,72,0,383,0,2026-03-24T15:05:57Z,2026-03-24
e2a77df87fbf97c1_384,e2a77df87fbf97c1,GAL-LOT-02,GAL-LOT,GOLD8BAR,39,-16,0,1,PASS,1,1,72,0,384,0,2026-03-24T15:05:57Z,2026-03-24
e2a77df87fbf97c1_385,e2a77df87fbf97c1,GAL-LOT-02,GAL-LOT,GOLD8BAR,38,-16,0,1,PASS,1,1,74,0,385,0,2026-03-24T15:05:57Z,2026-03-24
e2a77df87fbf97c1_386,e2a77df87fbf97c1,GAL-LOT-02,GAL-LOT,GOLD8BAR,37,-16,0,1,PASS,1,1,72,0,386,0,2026-03-24T15:05:57Z,2026-03-24
e2a77df87fbf97c1_387,e2a77df87fbf97c1,GAL-LOT-02,GAL-LOT,GOLD8BAR,36,-16,0,1,PASS,1,1,72,0,387,0,2026-03-24T15:05:57Z,2026-03-24
e2a77df87fbf97c1_388,e2a77df87fbf97c1,GAL-LOT-02,GAL-LOT,GOLD8BAR,35,-16,0,1,PASS,1,1,72,0,388,0,2026-03-24T15:05:57Z,2026-03-24
e2a77df87fbf97c1_389,e2a77df87fbf97c1,GAL-LOT-02,GAL-LOT,GOLD8BAR,34,-16,0,1,PASS,1,1,72,0,389,0,2026-03-24T15:05:57Z,2026-03-24
e2a77df87fbf97c1_390,e2a77df87fbf97c1,GAL-LOT-02,GAL-LOT,GOLD8BAR,33,-16,0,1,PASS,1,1,72,0,390,0,2026-03-24T15:05:57Z,2026-03-24
e2a77df87fbf97c1_391,e2a77df87fbf97c1,GAL-LOT-02,GAL-LOT,GOLD8BAR,32,-16,0,1,PASS,1,1,74,0,391,0,2026-03-24T15:05:57Z,2026-03-24
e2a77df87fbf97c1_392,e2a77df87fbf97c1,GAL-LOT-02,GAL-LOT,GOLD8BAR,31,-16,0,1,PASS,1,1,72,0,392,0,2026-03-24T15:05:57Z,2026-03-24
e2a77df87fbf97c1_393,e2a77df87fbf97c1,GAL-LOT-02,GAL-LOT,GOLD8BAR,30,-16,0,1,PASS,1,1,72,0,393,0,2026-03-24T15:05:57Z,2026-03-24
e2a77df87fbf97c1_394,e2a77df87fbf97c1,GAL-LOT-02,GAL-LOT,GOLD8BAR,29,-16,0,1,PASS,1,1,72,0,394,0,2026-03-24T15:05:57Z,2026-03-24
e2a77df87fbf97c1_395,e2a77df87fbf97c1,GAL-LOT-02,GAL-LOT,GOLD8BAR,28,-16,0,1,PASS,1,1,72,0,395,0,2026-03-24T15:05:57Z,2026-03-24
e2a77df87fbf97c1_396,e2a77df87fbf97c1,GAL-LOT-02,GAL-LOT,GOLD8BAR,27,-16,0,1,PASS,1,1,72,0,396,0,2026-03-24T15:05:57Z,2026-03-24
e2a77df87fbf97c1_397,e2a77df87fbf97c1,GAL-LOT-02,GAL-LOT,GOLD8BAR,26,-16,0,1,PASS,1,1,74,0,397,0,2026-03-24T15:05:57Z,2026-03-24
e2a77df87fbf97c1_398,e2a77df87fbf97c1,GAL-LOT-02,GAL-LOT,GOLD8BAR,25,-16,0,1,PASS,1,1,72,0,398,0,2026-03-24T15:05:57Z,2026-03-24
e2a77df87fbf97c1_399,e2a77df87fbf97c1,GAL-LOT-02,GAL-LOT,GOLD8BAR,24,-16,0,1,PASS,1,1,72,0,399,0,2026-03-24T15:05:57Z,2026-03-24
e2a77df87fbf97c1_400,e2a77df87fbf97c1,GAL-LOT-02,GAL-LOT,GOLD8BAR,23,-16,0,1,PASS,1,1,72,0,400,0,2026-03-24T15:05:57Z,2026-03-24
e2a77df87fbf97c1_401,e2a77df87fbf97c1,GAL-LOT-02,GAL-LOT,GOLD8BAR,22,-16,0,1,PASS,1,1,72,0,401,0,2026-03-24T15:05:57Z,2026-03-24
e2a77df87fbf97c1_402,e2a77df87fbf97c1,GAL-LOT-02,GAL-LOT,GOLD8BAR,21,-16,0,1,PASS,1,1,72,0,402,0,2026-03-24T15:05:57Z,2026-03-24
e2a77df87fbf97c1_403,e2a77df87fbf97c1,GAL-LOT-02,GAL-LOT,GOLD8BAR,20,-16,0,1,PASS,1,1,74,0,403,0,2026-03-24T15:05:57Z,2026-03-24
e2a77df87fbf97c1_404,e2a77df87fbf97c1,GAL-LOT-02,GAL-LOT,GOLD8BAR,19,-16,0,1,PASS,1,1,72,0,404,0,2026-03-24T15:05:57Z,2026-03-24
e2a77df87fbf97c1_405,e2a77df87fbf97c1,GAL-LOT-02,GAL-LOT,GOLD8BAR,18,-16,0,1,PASS,1,1,72,0,405,0,2026-03-24T15:05:57Z,2026-03-24
e2a77df87fbf97c1_406,e2a77df87fbf97c1,GAL-LOT-02,GAL-LOT,GOLD8BAR,17,-16,0,1,PASS,1,1,72,0,406,0,2026-03-24T15:05:57Z,2026-03-24
e2a77df87fbf97c1_407,e2a77df87fbf97c1,GAL-LOT-02,GAL-LOT,GOLD8BAR,16,-16,0,1,PASS,1,1,72,0,407,0,2026-03-24T15:05:57Z,2026-03-24
e2a77df87fbf97c1_408,e2a77df87fbf97c1,GAL-LOT-02,GAL-LOT,GOLD8BAR,15,-16,0,1,PASS,1,1,72,0,408,0,2026-03-24T15:05:57Z,2026-03-24
e2a77df87fbf97c1_409,e2a77df87fbf97c1,GAL-LOT-02,GAL-LOT,GOLD8BAR,14,-16,0,1,PASS,1,1,74,0,409,0,2026-03-24T15:05:57Z,2026-03-24
e2a77df87fbf97c1_410,e2a77df87fbf97c1,GAL-LOT-02,GAL-LOT,GOLD8BAR,13,-16,0,1,PASS,1,1,72,0,410,0,2026-03-24T15:05:57Z,2026-03-24
e2a77df87fbf97c1_411,e2a77df87fbf97c1,GAL-LOT-02,GAL-LOT,GOLD8BAR,12,-16,0,1,PASS,1,1,72,0,411,0,2026-03-24T15:05:57Z,2026-03-24
e2a77df87fbf97c1_412,e2a77df87fbf97c1,GAL-LOT-02,GAL-LOT,GOLD8BAR,11,-16,0,1,PASS,1,1,72,0,412,0,2026-03-24T15:05:57Z,2026-03-24
e2a77df87fbf97c1_413,e2a77df87fbf97c1,GAL-LOT-02,GAL-LOT,GOLD8BAR,10,-16,0,1,FAIL,20,20,62,0,413,0,2026-03-24T15:05:57Z,2026-03-24
e2a77df87fbf97c1_414,e2a77df87fbf97c1,GAL-LOT-02,GAL-LOT,GOLD8BAR,9,-16,0,1,PASS,1,1,74,0,414,0,2026-03-24T15:05:57Z,2026-03-24
e2a77df87fbf97c1_415,e2a77df87fbf97c1,GAL-LOT-02,GAL-LOT,GOLD8BAR,8,-16,0,1,PASS,1,1,72,0,415,0,2026-03-24T15:05:57Z,2026-03-24
e2a77df87fbf97c1_416,e2a77df87fbf97c1,GAL-LOT-02,GAL-LOT,GOLD8BAR,7,-16,0,1,PASS,1,1,72,0,416,0,2026-03-24T15:05:57Z,2026-03-24
e2a77df87fbf97c1_417,e2a77df87fbf97c1,GAL-LOT-02,GAL-LOT,GOLD8BAR,6,-16,0,1,FAIL,8,8,32,0,417,0,2026-03-24T15:05:57Z,2026-03-24
e2a77df87fbf97c1_418,e2a77df87fbf97c1,GAL-LOT-02,GAL-LOT,GOLD8BAR,5,-16,0,1,PASS,1,1,74,0,418,0,2026-03-24T15:05:57Z,2026-03-24
e2a77df87fbf97c1_419,e2a77df87fbf97c1,GAL-LOT-02,GAL-LOT,GOLD8BAR,5,-17,0,1,PASS,1,1,72,0,419,0,2026-03-24T15:05:57Z,2026-03-24
e2a77df87fbf97c1_420,e2a77df87fbf97c1,GAL-LOT-02,GAL-LOT,GOLD8BAR,6,-17,0,1,PASS,1,1,72,0,420,0,2026-03-24T15:05:57Z,2026-03-24
e2a77df87fbf97c1_421,e2a77df87fbf97c1,GAL-LOT-02,GAL-LOT,GOLD8BAR,7,-17,0,1,PASS,1,1,72,0,421,0,2026-03-24T15:05:57Z,2026-03-24
e2a77df87fbf97c1_422,e2a77df87fbf97c1,GAL-LOT-02,GAL-LOT,GOLD8BAR,8,-17,0,1,PASS,1,1,72,0,422,0,2026-03-24T15:05:57Z,2026-03-24
e2a77df87fbf97c1_423,e2a77df87fbf97c1,GAL-LOT-02,GAL-LOT,GOLD8BAR,9,-17,0,1,PASS,1,1,72,0,423,0,2026-03-24T15:05:57Z,2026-03-24
e2a77df87fbf97c1_424,e2a77df87fbf97c1,GAL-LOT-02,GAL-LOT,GOLD8BAR,10,-17,0,1,PASS,1,1,74,0,424,0,2026-03-24T15:05:57Z,2026-03-24
e2a77df87fbf97c1_425,e2a77df87fbf97c1,GAL-LOT-02,GAL-LOT,GOLD8BAR,11,-17,0,1,PASS,1,1,72,0,425,0,2026-03-24T15:05:57Z,2026-03-24
e2a77df87fbf97c1_426,e2a77df87fbf97c1,GAL-LOT-02,GAL-LOT,GOLD8BAR,12,-17,0,1,PASS,1,1,72,0,426,0,2026-03-24T15:05:57Z,2026-03-24
e2a77df87fbf97c1_427,e2a77df87fbf97c1,GAL-LOT-02,GAL-LOT,GOLD8BAR,13,-17,0,1,PASS,1,1,72,0,427,0,2026-03-24T15:05:57Z,2026-03-24
e2a77df87fbf97c1_428,e2a77df87fbf97c1,GAL-LOT-02,GAL-LOT,GOLD8BAR,14,-17,0,1,PASS,1,1,72,0,428,0,2026-03-24T15:05:57Z,2026-03-24
e2a77df87fbf97c1_429,e2a77df87fbf97c1,GAL-LOT-02,GAL-LOT,GOLD8BAR,15,-17,0,1,PASS,1,1,72,0,429,0,2026-03-24T15:05:57Z,2026-03-24
e2a77df87fbf97c1_430,e2a77df87fbf97c1,GAL-LOT-02,GAL-LOT,GOLD8BAR,16,-17,0,1,PASS,1,1,74,0,430,0,2026-03-24T15:05:57Z,2026-03-24
e2a77df87fbf97c1_431,e2a77df87fbf97c1,GAL-LOT-02,GAL-LOT,GOLD8BAR,17,-17,0,1,PASS,1,1,72,0,431,0,2026-03-24T15:05:57Z,2026-03-24
e2a77df87fbf97c1_432,e2a77df87fbf97c1,GAL-LOT-02,GAL-LOT,GOLD8BAR,18,-17,0,1,PASS,1,1,72,0,432,0,2026-03-24T15:05:57Z,2026-03-24
e2a77df87fbf97c1_433,e2a77df87fbf97c1,GAL-LOT-02,GAL-LOT,GOLD8BAR,19,-17,0,1,PASS,1,1,72,0,433,0,2026-03-24T15:05:57Z,2026-03-24
e2a77df87fbf97c1_434,e2a77df87fbf97c1,GAL-LOT-02,GAL-LOT,GOLD8BAR,20,-17,0,1,PASS,1,1,72,0,434,0,2026-03-24T15:05:57Z,2026-03-24
e2a77df87fbf97c1_435,e2a77df87fbf97c1,GAL-LOT-02,GAL-LOT,GOLD8BAR,21,-17,0,1,PASS,1,1,72,0,435,0,2026-03-24T15:05:57Z,2026-03-24
e2a77df87fbf97c1_436,e2a77df87fbf97c1,GAL-LOT-02,GAL-LOT,GOLD8BAR,22,-17,0,1,PASS,1,1,74,0,436,0,2026-03-24T15:05:57Z,2026-03-24
e2a77df87fbf97c1_437,e2a77df87fbf97c1,GAL-LOT-02,GAL-LOT,GOLD8BAR,23,-17,0,1,PASS,1,1,72,0,437,0,2026-03-24T15:05:57Z,2026-03-24
e2a77df87fbf97c1_438,e2a77df87fbf97c1,GAL-LOT-02,GAL-LOT,GOLD8BAR,24,-17,0,1,FAIL,20,20,62,0,438,0,2026-03-24T15:05:57Z,2026-03-24
e2a77df87fbf97c1_439,e2a77df87fbf97c1,GAL-LOT-02,GAL-LOT,GOLD8BAR,25,-17,0,1,PASS,1,1,74,0,439,0,2026-03-24T15:05:57Z,2026-03-24
e2a77df87fbf97c1_440,e2a77df87fbf97c1,GAL-LOT-02,GAL-LOT,GOLD8BAR,26,-17,0,1,PASS,1,1,72,0,440,0,2026-03-24T15:05:57Z,2026-03-24
e2a77df87fbf97c1_441,e2a77df87fbf97c1,GAL-LOT-02,GAL-LOT,GOLD8BAR,27,-17,0,1,FAIL,10,10,11,0,441,0,2026-03-24T15:05:57Z,2026-03-24
e2a77df87fbf97c1_442,e2a77df87fbf97c1,GAL-LOT-02,GAL-LOT,GOLD8BAR,28,-17,0,1,FAIL,20,20,64,0,442,0,2026-03-24T15:05:57Z,2026-03-24
e2a77df87fbf97c1_443,e2a77df87fbf97c1,GAL-LOT-02,GAL-LOT,GOLD8BAR,29,-17,0,1,PASS,1,1,74,0,443,0,2026-03-24T15:05:57Z,2026-03-24
e2a77df87fbf97c1_444,e2a77df87fbf97c1,GAL-LOT-02,GAL-LOT,GOLD8BAR,30,-17,0,1,PASS,1,1,72,0,444,0,2026-03-24T15:05:57Z,2026-03-24
e2a77df87fbf97c1_445,e2a77df87fbf97c1,GAL-LOT-02,GAL-LOT,GOLD8BAR,31,-17,0,1,PASS,1,1,72,0,445,0,2026-03-24T15:05:57Z,2026-03-24
e2a77df87fbf97c1_446,e2a77df87fbf97c1,GAL-LOT-02,GAL-LOT,GOLD8BAR,32,-17,0,1,PASS,1,1,72,0,446,0,2026-03-24T15:05:57Z,2026-03-24
e2a77df87fbf97c1_447,e2a77df87fbf97c1,GAL-LOT-02,GAL-LOT,GOLD8BAR,33,-17,0,1,PASS,1,1,72,0,447,0,2026-03-24T15:05:57Z,2026-03-24
e2a77df87fbf97c1_448,e2a77df87fbf97c1,GAL-LOT-02,GAL-LOT,GOLD8BAR,34,-17,0,1,PASS,1,1,72,0,448,0,2026-03-24T15:05:57Z,2026-03-24
e2a77df87fbf97c1_449,e2a77df87fbf97c1,GAL-LOT-02,GAL-LOT,GOLD8BAR,35,-17,0,1,PASS,1,1,74,0,449,0,2026-03-24T15:05:57Z,2026-03-24
e2a77df87fbf97c1_450,e2a77df87fbf97c1,GAL-LOT-02,GAL-LOT,GOLD8BAR,36,-17,0,1,PASS,1,1,72,0,450,0,2026-03-24T15:05:57Z,2026-03-24
e2a77df87fbf97c1_451,e2a77df87fbf97c1,GAL-LOT-02,GAL-LOT,GOLD8BAR,37,-17,0,1,PASS,1,1,72,0,451,0,2026-03-24T15:05:57Z,2026-03-24
e2a77df87fbf97c1_452,e2a77df87fbf97c1,GAL-LOT-02,GAL-LOT,GOLD8BAR,38,-17,0,1,PASS,1,1,72,0,452,0,2026-03-24T15:05:57Z,2026-03-24
e2a77df87fbf97c1_453,e2a77df87fbf97c1,GAL-LOT-02,GAL-LOT,GOLD8BAR,39,-17,0,1,PASS,1,1,72,0,453,0,2026-03-24T15:05:57Z,2026-03-24
e2a77df87fbf97c1_454,e2a77df87fbf97c1,GAL-LOT-02,GAL-LOT,GOLD8BAR,40,-17,0,1,PASS,1,1,72,0,454,0,2026-03-24T15:05:57Z,2026-03-24
e2a77df87fbf97c1_455,e2a77df87fbf97c1,GAL-LOT-02,GAL-LOT,GOLD8BAR,41,-17,0,1,PASS,1,1,74,0,455,0,2026-03-24T15:05:57Z,2026-03-24
e2a77df87fbf97c1_456,e2a77df87fbf97c1,GAL-LOT-02,GAL-LOT,GOLD8BAR,42,-17,0,1,PASS,1,1,72,0,456,0,2026-03-24T15:05:57Z,2026-03-24
e2a77df87fbf97c1_457,e2a77df87fbf97c1,GAL-LOT-02,GAL-LOT,GOLD8BAR,43,-17,0,1,PASS,1,1,72,0,457,0,2026-03-24T15:05:57Z,2026-03-24
e2a77df87fbf97c1_458,e2a77df87fbf97c1,GAL-LOT-02,GAL-LOT,GOLD8BAR,44,-17,0,1,PASS,1,1,72,0,458,0,2026-03-24T15:05:57Z,2026-03-24
e2a77df87fbf97c1_459,e2a77df87fbf97c1,GAL-LOT-02,GAL-LOT,GOLD8BAR,45,-17,0,1,PASS,1,1,72,0,459,0,2026-03-24T15:05:57Z,2026-03-24
e2a77df87fbf97c1_460,e2a77df87fbf97c1,GAL-LOT-02,GAL-LOT,GOLD8BAR,45,-18,0,1,PASS,1,1,72,0,460,0,2026-03-24T15:05:57Z,2026-03-24
e2a77df87fbf97c1_461,e2a77df87fbf97c1,GAL-LOT-02,GAL-LOT,GOLD8BAR,44,-18,0,1,PASS,1,1,74,0,461,0,2026-03-24T15:05:57Z,2026-03-24
e2a77df87fbf97c1_462,e2a77df87fbf97c1,GAL-LOT-02,GAL-LOT,GOLD8BAR,43,-18,0,1,FAIL,8,8,32,0,462,0,2026-03-24T15:05:57Z,2026-03-24
e2a77df87fbf97c1_463,e2a77df87fbf97c1,GAL-LOT-02,GAL-LOT,GOLD8BAR,42,-18,0,1,PASS,1,1,74,0,463,0,2026-03-24T15:05:57Z,2026-03-24
e2a77df87fbf97c1_464,e2a77df87fbf97c1,GAL-LOT-02,GAL-LOT,GOLD8BAR,41,-18,0,1,PASS,1,1,72,0,464,0,2026-03-24T15:05:57Z,2026-03-24
e2a77df87fbf97c1_465,e2a77df87fbf97c1,GAL-LOT-02,GAL-LOT,GOLD8BAR,40,-18,0,1,PASS,1,1,72,0,465,0,2026-03-24T15:05:57Z,2026-03-24
e2a77df87fbf97c1_466,e2a77df87fbf97c1,GAL-LOT-02,GAL-LOT,GOLD8BAR,39,-18,0,1,FAIL,2,2,55,0,466,0,2026-03-24T15:05:57Z,2026-03-24
e2a77df87fbf97c1_467,e2a77df87fbf97c1,GAL-LOT-02,GAL-LOT,GOLD8BAR,38,-18,0,1,PASS,1,1,74,0,467,0,2026-03-24T15:05:57Z,2026-03-24
e2a77df87fbf97c1_468,e2a77df87fbf97c1,GAL-LOT-02,GAL-LOT,GOLD8BAR,37,-18,0,1,PASS,1,1,72,0,468,0,2026-03-24T15:05:57Z,2026-03-24
e2a77df87fbf97c1_469,e2a77df87fbf97c1,GAL-LOT-02,GAL-LOT,GOLD8BAR,36,-18,0,1,PASS,1,1,72,0,469,0,2026-03-24T15:05:57Z,2026-03-24
e2a77df87fbf97c1_470,e2a77df87fbf97c1,GAL-LOT-02,GAL-LOT,GOLD8BAR,35,-18,0,1,PASS,1,1,72,0,470,0,2026-03-24T15:05:57Z,2026-03-24
e2a77df87fbf97c1_471,e2a77df87fbf97c1,GAL-LOT-02,GAL-LOT,GOLD8BAR,34,-18,0,1,FAIL,2,2,55,0,471,0,2026-03-24T15:05:57Z,2026-03-24
e2a77df87fbf97c1_472,e2a77df87fbf97c1,GAL-LOT-02,GAL-LOT,GOLD8BAR,33,-18,0,1,PASS,1,1,74,0,472,0,2026-03-24T15:05:57Z,2026-03-24
e2a77df87fbf97c1_473,e2a77df87fbf97c1,GAL-LOT-02,GAL-LOT,GOLD8BAR,32,-18,0,1,PASS,1,1,72,0,473,0,2026-03-24T15:05:57Z,2026-03-24
e2a77df87fbf97c1_474,e2a77df87fbf97c1,GAL-LOT-02,GAL-LOT,GOLD8BAR,31,-18,0,1,PASS,1,1,72,0,474,0,2026-03-24T15:05:57Z,2026-03-24
e2a77df87fbf97c1_475,e2a77df87fbf97c1,GAL-LOT-02,GAL-LOT,GOLD8BAR,30,-18,0,1,PASS,1,1,72,0,475,0,2026-03-24T15:05:57Z,2026-03-24
e2a77df87fbf97c1_476,e2a77df87fbf97c1,GAL-LOT-02,GAL-LOT,GOLD8BAR,29,-18,0,1,PASS,1,1,72,0,476,0,2026-03-24T15:05:57Z,2026-03-24
e2a77df87fbf97c1_477,e2a77df87fbf97c1,GAL-LOT-02,GAL-LOT,GOLD8BAR,28,-18,0,1,PASS,1,1,72,0,477,0,2026-03-24T15:05:57Z,2026-03-24
e2a77df87fbf97c1_478,e2a77df87fbf97c1,GAL-LOT-02,GAL-LOT,GOLD8BAR,27,-18,0,1,PASS,1,1,74,0,478,0,2026-03-24T15:05:57Z,2026-03-24
e2a77df87fbf97c1_479,e2a77df87fbf97c1,GAL-LOT-02,GAL-LOT,GOLD8BAR,26,-18,0,1,FAIL,8,8,32,0,479,0,2026-03-24T15:05:57Z,2026-03-24
e2a77df87fbf97c1_480,e2a77df87fbf97c1,GAL-LOT-02,GAL-LOT,GOLD8BAR,25,-18,0,1,PASS,1,1,74,0,480,0,2026-03-24T15:05:57Z,2026-03-24
e2a77df87fbf97c1_481,e2a77df87fbf97c1,GAL-LOT-02,GAL-LOT,GOLD8BAR,24,-18,0,1,PASS,1,1,72,0,481,0,2026-03-24T15:05:57Z,2026-03-24
e2a77df87fbf97c1_482,e2a77df87fbf97c1,GAL-LOT-02,GAL-LOT,GOLD8BAR,23,-18,0,1,PASS,1,1,72,0,482,0,2026-03-24T15:05:57Z,2026-03-24
e2a77df87fbf97c1_483,e2a77df87fbf97c1,GAL-LOT-02,GAL-LOT,GOLD8BAR,22,-18,0,1,PASS,1,1,72,0,483,0,2026-03-24T15:05:57Z,2026-03-24
e2a77df87fbf97c1_484,e2a77df87fbf97c1,GAL-LOT-02,GAL-LOT,GOLD8BAR,21,-18,0,1,PASS,1,1,72,0,484,0,2026-03-24T15:05:57Z,2026-03-24
e2a77df87fbf97c1_485,e2a77df87fbf97c1,GAL-LOT-02,GAL-LOT,GOLD8BAR,20,-18,0,1,PASS,1,1,72,0,485,0,2026-03-24T15:05:57Z,2026-03-24
e2a77df87fbf97c1_486,e2a77df87fbf97c1,GAL-LOT-02,GAL-LOT,GOLD8BAR,19,-18,0,1,PASS,1,1,74,0,486,0,2026-03-24T15:05:57Z,2026-03-24
e2a77df87fbf97c1_487,e2a77df87fbf97c1,GAL-LOT-02,GAL-LOT,GOLD8BAR,18,-18,0,1,PASS,1,1,72,0,487,0,2026-03-24T15:05:57Z,2026-03-24
e2a77df87fbf97c1_488,e2a77df87fbf97c1,GAL-LOT-02,GAL-LOT,GOLD8BAR,17,-18,0,1,PASS,1,1,72,0,488,0,2026-03-24T15:05:57Z,2026-03-24
e2a77df87fbf97c1_489,e2a77df87fbf97c1,GAL-LOT-02,GAL-LOT,GOLD8BAR,16,-18,0,1,PASS,1,1,72,0,489,0,2026-03-24T15:05:57Z,2026-03-24
e2a77df87fbf97c1_490,e2a77df87fbf97c1,GAL-LOT-02,GAL-LOT,GOLD8BAR,15,-18,0,1,PASS,1,1,72,0,490,0,2026-03-24T15:05:57Z,2026-03-24
e2a77df87fbf97c1_491,e2a77df87fbf97c1,GAL-LOT-02,GAL-LOT,GOLD8BAR,14,-18,0,1,PASS,1,1,72,0,491,0,2026-03-24T15:05:57Z,2026-03-24
e2a77df87fbf97c1_492,e2a77df87fbf97c1,GAL-LOT-02,GAL-LOT,GOLD8BAR,13,-18,0,1,PASS,1,1,74,0,492,0,2026-03-24T15:05:57Z,2026-03-24
e2a77df87fbf97c1_493,e2a77df87fbf97c1,GAL-LOT-02,GAL-LOT,GOLD8BAR,12,-18,0,1,PASS,1,1,72,0,493,0,2026-03-24T15:05:57Z,2026-03-24
e2a77df87fbf97c1_494,e2a77df87fbf97c1,GAL-LOT-02,GAL-LOT,GOLD8BAR,11,-18,0,1,PASS,1,1,72,0,494,0,2026-03-24T15:05:57Z,2026-03-24
e2a77df87fbf97c1_495,e2a77df87fbf97c1,GAL-LOT-02,GAL-LOT,GOLD8BAR,10,-18,0,1,PASS,1,1,72,0,495,0,2026-03-24T15:05:57Z,2026-03-24
e2a77df87fbf97c1_496,e2a77df87fbf97c1,GAL-LOT-02,GAL-LOT,GOLD8BAR,9,-18,0,1,PASS,1,1,72,0,496,0,2026-03-24T15:05:57Z,2026-03-24
e2a77df87fbf97c1_497,e2a77df87fbf97c1,GAL-LOT-02,GAL-LOT,GOLD8BAR,8,-18,0,1,PASS,1,1,72,0,497,0,2026-03-24T15:05:57Z,2026-03-24
e2a77df87fbf97c1_498,e2a77df87fbf97c1,GAL-LOT-02,GAL-LOT,GOLD8BAR,7,-18,0,1,PASS,1,1,74,0,498,0,2026-03-24T15:05:57Z,2026-03-24
e2a77df87fbf97c1_499,e2a77df87fbf97c1,GAL-LOT-02,GAL-LOT,GOLD8BAR,6,-18,0,1,PASS,1,1,72,0,499,0,2026-03-24T15:05:57Z,2026-03-24
e2a77df87fbf97c1_500,e2a77df87fbf97c1,GAL-LOT-02,GAL-LOT,GOLD8BAR,5,-18,0,1,PASS,1,1,72,0,500,0,2026-03-24T15:05:57Z,2026-03-24
e2a77df87fbf97c1_501,e2a77df87fbf97c1,GAL-LOT-02,GAL-LOT,GOLD8BAR,4,-18,0,1,PASS,1,1,72,0,501,0,2026-03-24T15:05:57Z,2026-03-24
e2a77df87fbf97c1_502,e2a77df87fbf97c1,GAL-LOT-02,GAL-LOT,GOLD8BAR,4,-19,0,1,PASS,1,1,72,0,502,0,2026-03-24T15:05:57Z,2026-03-24
e2a77df87fbf97c1_503,e2a77df87fbf97c1,GAL-LOT-02,GAL-LOT,GOLD8BAR,5,-19,0,1,PASS,1,1,72,0,503,0,2026-03-24T15:05:57Z,2026-03-24
e2a77df87fbf97c1_504,e2a77df87fbf97c1,GAL-LOT-02,GAL-LOT,GOLD8BAR,6,-19,0,1,PASS,1,1,74,0,504,0,2026-03-24T15:05:57Z,2026-03-24
e2a77df87fbf97c1_505,e2a77df87fbf97c1,GAL-LOT-02,GAL-LOT,GOLD8BAR,7,-19,0,1,PASS,1,1,72,0,505,0,2026-03-24T15:05:57Z,2026-03-24
e2a77df87fbf97c1_506,e2a77df87fbf97c1,GAL-LOT-02,GAL-LOT,GOLD8BAR,8,-19,0,1,PASS,1,1,72,0,506,0,2026-03-24T15:05:57Z,2026-03-24
e2a77df87fbf97c1_507,e2a77df87fbf97c1,GAL-LOT-02,GAL-LOT,GOLD8BAR,9,-19,0,1,FAIL,8,8,29,0,507,0,2026-03-24T15:05:57Z,2026-03-24
e2a77df87fbf97c1_508,e2a77df87fbf97c1,GAL-LOT-02,GAL-LOT,GOLD8BAR,10,-19,0,1,PASS,1,1,74,0,508,0,2026-03-24T15:05:57Z,2026-03-24
e2a77df87fbf97c1_509,e2a77df87fbf97c1,GAL-LOT-02,GAL-LOT,GOLD8BAR,11,-19,0,1,PASS,1,1,72,0,509,0,2026-03-24T15:05:57Z,2026-03-24
e2a77df87fbf97c1_510,e2a77df87fbf97c1,GAL-LOT-02,GAL-LOT,GOLD8BAR,12,-19,0,1,FAIL,4,4,36,0,510,0,2026-03-24T15:05:57Z,2026-03-24
e2a77df87fbf97c1_511,e2a77df87fbf97c1,GAL-LOT-02,GAL-LOT,GOLD8BAR,13,-19,0,1,PASS,1,1,74,0,511,0,2026-03-24T15:05:57Z,2026-03-24
e2a77df87fbf97c1_512,e2a77df87fbf97c1,GAL-LOT-02,GAL-LOT,GOLD8BAR,14,-19,0,1,PASS,1,1,72,0,512,0,2026-03-24T15:05:57Z,2026-03-24
e2a77df87fbf97c1_513,e2a77df87fbf97c1,GAL-LOT-02,GAL-LOT,GOLD8BAR,15,-19,0,1,PASS,1,1,72,0,513,0,2026-03-24T15:05:57Z,2026-03-24
e2a77df87fbf97c1_514,e2a77df87fbf97c1,GAL-LOT-02,GAL-LOT,GOLD8BAR,16,-19,0,1,PASS,1,1,72,0,514,0,2026-03-24T15:05:57Z,2026-03-24
e2a77df87fbf97c1_515,e2a77df87fbf97c1,GAL-LOT-02,GAL-LOT,GOLD8BAR,17,-19,0,1,PASS,1,1,72,0,515,0,2026-03-24T15:05:57Z,2026-03-24
e2a77df87fbf97c1_516,e2a77df87fbf97c1,GAL-LOT-02,GAL-LOT,GOLD8BAR,18,-19,0,1,PASS,1,1,72,0,516,0,2026-03-24T15:05:57Z,2026-03-24
e2a77df87fbf97c1_517,e2a77df87fbf97c1,GAL-LOT-02,GAL-LOT,GOLD8BAR,19,-19,0,1,PASS,1,1,74,0,517,0,2026-03-24T15:05:57Z,2026-03-24
e2a77df87fbf97c1_518,e2a77df87fbf97c1,GAL-LOT-02,GAL-LOT,GOLD8BAR,20,-19,0,1,PASS,1,1,72,0,518,0,2026-03-24T15:05:57Z,2026-03-24
e2a77df87fbf97c1_519,e2a77df87fbf97c1,GAL-LOT-02,GAL-LOT,GOLD8BAR,21,-19,0,1,PASS,1,1,72,0,519,0,2026-03-24T15:05:57Z,2026-03-24
e2a77df87fbf97c1_520,e2a77df87fbf97c1,GAL-LOT-02,GAL-LOT,GOLD8BAR,22,-19,0,1,PASS,1,1,72,0,520,0,2026-03-24T15:05:57Z,2026-03-24
e2a77df87fbf97c1_521,e2a77df87fbf97c1,GAL-LOT-02,GAL-LOT,GOLD8BAR,23,-19,0,1,PASS,1,1,72,0,521,0,2026-03-24T15:05:57Z,2026-03-24
e2a77df87fbf97c1_522,e2a77df87fbf97c1,GAL-LOT-02,GAL-LOT,GOLD8BAR,24,-19,0,1,PASS,1,1,72,0,522,0,2026-03-24T15:05:57Z,2026-03-24
e2a77df87fbf97c1_523,e2a77df87fbf97c1,GAL-LOT-02,GAL-LOT,GOLD8BAR,25,-19,0,1,PASS,1,1,74,0,523,0,2026-03-24T15:05:57Z,2026-03-24
e2a77df87fbf97c1_524,e2a77df87fbf97c1,GAL-LOT-02,GAL-LOT,GOLD8BAR,26,-19,0,1,PASS,1,1,72,0,524,0,2026-03-24T15:05:57Z,2026-03-24
e2a77df87fbf97c1_525,e2a77df87fbf97c1,GAL-LOT-02,GAL-LOT,GOLD8BAR,27,-19,0,1,PASS,1,1,72,0,525,0,2026-03-24T15:05:57Z,2026-03-24
e2a77df87fbf97c1_526,e2a77df87fbf97c1,GAL-LOT-02,GAL-LOT,GOLD8BAR,28,-19,0,1,PASS,1,1,72,0,526,0,2026-03-24T15:05:57Z,2026-03-24
e2a77df87fbf97c1_527,e2a77df87fbf97c1,GAL-LOT-02,GAL-LOT,GOLD8BAR,29,-19,0,1,PASS,1,1,72,0,527,0,2026-03-24T15:05:57Z,2026-03-24
e2a77df87fbf97c1_528,e2a77df87fbf97c1,GAL-LOT-02,GAL-LOT,GOLD8BAR,30,-19,0,1,PASS,1,1,72,0,528,0,2026-03-24T15:05:57Z,2026-03-24
e2a77df87fbf97c1_529,e2a77df87fbf97c1,GAL-LOT-02,GAL-LOT,GOLD8BAR,31,-19,0,1,PASS,1,1,74,0,529,0,2026-03-24T15:05:57Z,2026-03-24
e2a77df87fbf97c1_530,e2a77df87fbf97c1,GAL-LOT-02,GAL-LOT,GOLD8BAR,32,-19,0,1,PASS,1,1,72,0,530,0,2026-03-24T15:05:57Z,2026-03-24
e2a77df87fbf97c1_531,e2a77df87fbf97c1,GAL-LOT-02,GAL-LOT,GOLD8BAR,33,-19,0,1,PASS,1,1,72,0,531,0,2026-03-24T15:05:57Z,2026-03-24
e2a77df87fbf97c1_532,e2a77df87fbf97c1,GAL-LOT-02,GAL-LOT,GOLD8BAR,34,-19,0,1,FAIL,2,2,51,0,532,0,2026-03-24T15:05:57Z,2026-03-24
e2a77df87fbf97c1_533,e2a77df87fbf97c1,GAL-LOT-02,GAL-LOT,GOLD8BAR,35,-19,0,1,PASS,1,1,74,0,533,0,2026-03-24T15:05:57Z,2026-03-24
e2a77df87fbf97c1_534,e2a77df87fbf97c1,GAL-LOT-02,GAL-LOT,GOLD8BAR,36,-19,0,1,PASS,1,1,72,0,534,0,2026-03-24T15:05:57Z,2026-03-24
e2a77df87fbf97c1_535,e2a77df87fbf97c1,GAL-LOT-02,GAL-LOT,GOLD8BAR,37,-19,0,1,PASS,1,1,72,0,535,0,2026-03-24T15:05:57Z,2026-03-24
e2a77df87fbf97c1_536,e2a77df87fbf97c1,GAL-LOT-02,GAL-LOT,GOLD8BAR,38,-19,0,1,PASS,1,1,72,0,536,0,2026-03-24T15:05:57Z,2026-03-24
e2a77df87fbf97c1_537,e2a77df87fbf97c1,GAL-LOT-02,GAL-LOT,GOLD8BAR,39,-19,0,1,PASS,1,1,72,0,537,0,2026-03-24T15:05:57Z,2026-03-24
e2a77df87fbf97c1_538,e2a77df87fbf97c1,GAL-LOT-02,GAL-LOT,GOLD8BAR,40,-19,0,1,PASS,1,1,72,0,538,0,2026-03-24T15:05:57Z,2026-03-24
e2a77df87fbf97c1_539,e2a77df87fbf97c1,GAL-LOT-02,GAL-LOT,GOLD8BAR,41,-19,0,1,PASS,1,1,74,0,539,0,2026-03-24T15:05:57Z,2026-03-24
e2a77df87fbf97c1_540,e2a77df87fbf97c1,GAL-LOT-02,GAL-LOT,GOLD8BAR,42,-19,0,1,PASS,1,1,72,0,540,0,2026-03-24T15:05:57Z,2026-03-24
e2a77df87fbf97c1_541,e2a77df87fbf97c1,GAL-LOT-02,GAL-LOT,GOLD8BAR,43,-19,0,1,PASS,1,1,72,0,541,0,2026-03-24T15:05:57Z,2026-03-24
e2a77df87fbf97c1_542,e2a77df87fbf97c1,GAL-LOT-02,GAL-LOT,GOLD8BAR,44,-19,0,1,PASS,1,1,72,0,542,0,2026-03-24T15:05:57Z,2026-03-24
e2a77df87fbf97c1_543,e2a77df87fbf97c1,GAL-LOT-02,GAL-LOT,GOLD8BAR,45,-19,0,1,FAIL,8,8,32,0,543,0,2026-03-24T15:05:57Z,2026-03-24
e2a77df87fbf97c1_544,e2a77df87fbf97c1,GAL-LOT-02,GAL-LOT,GOLD8BAR,45,-20,0,1,PASS,1,1,74,0,544,0,2026-03-24T15:05:57Z,2026-03-24
e2a77df87fbf97c1_545,e2a77df87fbf97c1,GAL-LOT-02,GAL-LOT,GOLD8BAR,44,-20,0,1,PASS,1,1,72,0,545,0,2026-03-24T15:05:57Z,2026-03-24
e2a77df87fbf97c1_546,e2a77df87fbf97c1,GAL-LOT-02,GAL-LOT,GOLD8BAR,43,-20,0,1,PASS,1,1,72,0,546,0,2026-03-24T15:05:57Z,2026-03-24
e2a77df87fbf97c1_547,e2a77df87fbf97c1,GAL-LOT-02,GAL-LOT,GOLD8BAR,42,-20,0,1,PASS,1,1,72,0,547,0,2026-03-24T15:05:57Z,2026-03-24
e2a77df87fbf97c1_548,e2a77df87fbf97c1,GAL-LOT-02,GAL-LOT,GOLD8BAR,41,-20,0,1,PASS,1,1,54,0,548,0,2026-03-24T15:05:57Z,2026-03-24
e2a77df87fbf97c1_549,e2a77df87fbf97c1,GAL-LOT-02,GAL-LOT,GOLD8BAR,40,-20,0,1,PASS,1,1,72,0,549,0,2026-03-24T15:05:57Z,2026-03-24
e2a77df87fbf97c1_550,e2a77df87fbf97c1,GAL-LOT-02,GAL-LOT,GOLD8BAR,39,-20,0,1,FAIL,2,2,53,0,550,0,2026-03-24T15:05:57Z,2026-03-24
e2a77df87fbf97c1_551,e2a77df87fbf97c1,GAL-LOT-02,GAL-LOT,GOLD8BAR,38,-20,0,1,PASS,1,1,74,0,551,0,2026-03-24T15:05:57Z,2026-03-24
e2a77df87fbf97c1_552,e2a77df87fbf97c1,GAL-LOT-02,GAL-LOT,GOLD8BAR,37,-20,0,1,FAIL,8,8,32,0,552,0,2026-03-24T15:05:57Z,2026-03-24
e2a77df87fbf97c1_553,e2a77df87fbf97c1,GAL-LOT-02,GAL-LOT,GOLD8BAR,36,-20,0,1,PASS,1,1,74,0,553,0,2026-03-24T15:05:57Z,2026-03-24
e2a77df87fbf97c1_554,e2a77df87fbf97c1,GAL-LOT-02,GAL-LOT,GOLD8BAR,35,-20,0,1,PASS,1,1,72,0,554,0,2026-03-24T15:05:57Z,2026-03-24
e2a77df87fbf97c1_555,e2a77df87fbf97c1,GAL-LOT-02,GAL-LOT,GOLD8BAR,34,-20,0,1,PASS,1,1,72,0,555,0,2026-03-24T15:05:57Z,2026-03-24
e2a77df87fbf97c1_556,e2a77df87fbf97c1,GAL-LOT-02,GAL-LOT,GOLD8BAR,33,-20,0,1,PASS,1,1,72,0,556,0,2026-03-24T15:05:57Z,2026-03-24
e2a77df87fbf97c1_557,e2a77df87fbf97c1,GAL-LOT-02,GAL-LOT,GOLD8BAR,32,-20,0,1,PASS,1,1,72,0,557,0,2026-03-24T15:05:57Z,2026-03-24
e2a77df87fbf97c1_558,e2a77df87fbf97c1,GAL-LOT-02,GAL-LOT,GOLD8BAR,31,-20,0,1,PASS,1,1,72,0,558,0,2026-03-24T15:05:57Z,2026-03-24
e2a77df87fbf97c1_559,e2a77df87fbf97c1,GAL-LOT-02,GAL-LOT,GOLD8BAR,30,-20,0,1,PASS,1,1,74,0,559,0,2026-03-24T15:05:57Z,2026-03-24
e2a77df87fbf97c1_560,e2a77df87fbf97c1,GAL-LOT-02,GAL-LOT,GOLD8BAR,29,-20,0,1,PASS,1,1,72,0,560,0,2026-03-24T15:05:57Z,2026-03-24
e2a77df87fbf97c1_561,e2a77df87fbf97c1,GAL-LOT-02,GAL-LOT,GOLD8BAR,28,-20,0,1,FAIL,8,8,32,0,561,0,2026-03-24T15:05:57Z,2026-03-24
e2a77df87fbf97c1_562,e2a77df87fbf97c1,GAL-LOT-02,GAL-LOT,GOLD8BAR,27,-20,0,1,PASS,1,1,74,0,562,0,2026-03-24T15:05:57Z,2026-03-24
e2a77df87fbf97c1_563,e2a77df87fbf97c1,GAL-LOT-02,GAL-LOT,GOLD8BAR,26,-20,0,1,PASS,1,1,72,0,563,0,2026-03-24T15:05:57Z,2026-03-24
e2a77df87fbf97c1_564,e2a77df87fbf97c1,GAL-LOT-02,GAL-LOT,GOLD8BAR,25,-20,0,1,PASS,1,1,72,0,564,0,2026-03-24T15:05:57Z,2026-03-24
e2a77df87fbf97c1_565,e2a77df87fbf97c1,GAL-LOT-02,GAL-LOT,GOLD8BAR,24,-20,0,1,PASS,1,1,72,0,565,0,2026-03-24T15:05:57Z,2026-03-24
e2a77df87fbf97c1_566,e2a77df87fbf97c1,GAL-LOT-02,GAL-LOT,GOLD8BAR,23,-20,0,1,FAIL,2,2,51,0,566,0,2026-03-24T15:05:57Z,2026-03-24
e2a77df87fbf97c1_567,e2a77df87fbf97c1,GAL-LOT-02,GAL-LOT,GOLD8BAR,22,-20,0,1,PASS,1,1,74,0,567,0,2026-03-24T15:05:57Z,2026-03-24
e2a77df87fbf97c1_568,e2a77df87fbf97c1,GAL-LOT-02,GAL-LOT,GOLD8BAR,21,-20,0,1,PASS,1,1,72,0,568,0,2026-03-24T15:05:57Z,2026-03-24
e2a77df87fbf97c1_569,e2a77df87fbf97c1,GAL-LOT-02,GAL-LOT,GOLD8BAR,20,-20,0,1,PASS,1,1,72,0,569,0,2026-03-24T15:05:57Z,2026-03-24
e2a77df87fbf97c1_570,e2a77df87fbf97c1,GAL-LOT-02,GAL-LOT,GOLD8BAR,19,-20,0,1,PASS,1,1,72,0,570,0,2026-03-24T15:05:57Z,2026-03-24
e2a77df87fbf97c1_571,e2a77df87fbf97c1,GAL-LOT-02,GAL-LOT,GOLD8BAR,18,-20,0,1,PASS,1,1,72,0,571,0,2026-03-24T15:05:57Z,2026-03-24
e2a77df87fbf97c1_572,e2a77df87fbf97c1,GAL-LOT-02,GAL-LOT,GOLD8BAR,17,-20,0,1,PASS,1,1,72,0,572,0,2026-03-24T15:05:57Z,2026-03-24
e2a77df87fbf97c1_573,e2a77df87fbf97c1,GAL-LOT-02,GAL-LOT,GOLD8BAR,16,-20,0,1,PASS,1,1,74,0,573,0,2026-03-24T15:05:57Z,2026-03-24
e2a77df87fbf97c1_574,e2a77df87fbf97c1,GAL-LOT-02,GAL-LOT,GOLD8BAR,15,-20,0,1,PASS,1,1,72,0,574,0,2026-03-24T15:05:57Z,2026-03-24
e2a77df87fbf97c1_575,e2a77df87fbf97c1,GAL-LOT-02,GAL-LOT,GOLD8BAR,14,-20,0,1,PASS,1,1,72,0,575,0,2026-03-24T15:05:57Z,2026-03-24
e2a77df87fbf97c1_576,e2a77df87fbf97c1,GAL-LOT-02,GAL-LOT,GOLD8BAR,13,-20,0,1,PASS,1,1,72,0,576,0,2026-03-24T15:05:57Z,2026-03-24
e2a77df87fbf97c1_577,e2a77df87fbf97c1,GAL-LOT-02,GAL-LOT,GOLD8BAR,12,-20,0,1,PASS,1,1,72,0,577,0,2026-03-24T15:05:57Z,2026-03-24
e2a77df87fbf97c1_578,e2a77df87fbf97c1,GAL-LOT-02,GAL-LOT,GOLD8BAR,11,-20,0,1,PASS,1,1,72,0,578,0,2026-03-24T15:05:57Z,2026-03-24
e2a77df87fbf97c1_579,e2a77df87fbf97c1,GAL-LOT-02,GAL-LOT,GOLD8BAR,10,-20,0,1,PASS,1,1,74,0,579,0,2026-03-24T15:05:57Z,2026-03-24
e2a77df87fbf97c1_580,e2a77df87fbf97c1,GAL-LOT-02,GAL-LOT,GOLD8BAR,9,-20,0,1,PASS,1,1,72,0,580,0,2026-03-24T15:05:57Z,2026-03-24
e2a77df87fbf97c1_581,e2a77df87fbf97c1,GAL-LOT-02,GAL-LOT,GOLD8BAR,8,-20,0,1,PASS,1,1,72,0,581,0,2026-03-24T15:05:57Z,2026-03-24
e2a77df87fbf97c1_582,e2a77df87fbf97c1,GAL-LOT-02,GAL-LOT,GOLD8BAR,7,-20,0,1,FAIL,8,8,32,0,582,0,2026-03-24T15:05:57Z,2026-03-24
e2a77df87fbf97c1_583,e2a77df87fbf97c1,GAL-LOT-02,GAL-LOT,GOLD8BAR,6,-20,0,1,PASS,1,1,74,0,583,0,2026-03-24T15:05:57Z,2026-03-24
e2a77df87fbf97c1_584,e2a77df87fbf97c1,GAL-LOT-02,GAL-LOT,GOLD8BAR,5,-20,0,1,PASS,1,1,72,0,584,0,2026-03-24T15:05:57Z,2026-03-24
e2a77df87fbf97c1_585,e2a77df87fbf97c1,GAL-LOT-02,GAL-LOT,GOLD8BAR,4,-20,0,1,PASS,1,1,72,0,585,0,2026-03-24T15:05:57Z,2026-03-24
e2a77df87fbf97c1_586,e2a77df87fbf97c1,GAL-LOT-02,GAL-LOT,GOLD8BAR,4,-21,0,1,PASS,1,1,72,0,586,0,2026-03-24T15:05:57Z,2026-03-24
e2a77df87fbf97c1_587,e2a77df87fbf97c1,GAL-LOT-02,GAL-LOT,GOLD8BAR,5,-21,0,1,PASS,1,1,72,0,587,0,2026-03-24T15:05:57Z,2026-03-24
e2a77df87fbf97c1_588,e2a77df87fbf97c1,GAL-LOT-02,GAL-LOT,GOLD8BAR,6,-21,0,1,PASS,1,1,72,0,588,0,2026-03-24T15:05:57Z,2026-03-24
e2a77df87fbf97c1_589,e2a77df87fbf97c1,GAL-LOT-02,GAL-LOT,GOLD8BAR,7,-21,0,1,PASS,1,1,74,0,589,0,2026-03-24T15:05:57Z,2026-03-24
e2a77df87fbf97c1_590,e2a77df87fbf97c1,GAL-LOT-02,GAL-LOT,GOLD8BAR,8,-21,0,1,PASS,1,1,72,0,590,0,2026-03-24T15:05:57Z,2026-03-24
e2a77df87fbf97c1_591,e2a77df87fbf97c1,GAL-LOT-02,GAL-LOT,GOLD8BAR,9,-21,0,1,PASS,1,1,72,0,591,0,2026-03-24T15:05:57Z,2026-03-24
e2a77df87fbf97c1_592,e2a77df87fbf97c1,GAL-LOT-02,GAL-LOT,GOLD8BAR,10,-21,0,1,PASS,1,1,72,0,592,0,2026-03-24T15:05:57Z,2026-03-24
e2a77df87fbf97c1_593,e2a77df87fbf97c1,GAL-LOT-02,GAL-LOT,GOLD8BAR,11,-21,0,1,PASS,1,1,72,0,593,0,2026-03-24T15:05:57Z,2026-03-24
e2a77df87fbf97c1_594,e2a77df87fbf97c1,GAL-LOT-02,GAL-LOT,GOLD8BAR,12,-21,0,1,PASS,1,1,72,0,594,0,2026-03-24T15:05:57Z,2026-03-24
e2a77df87fbf97c1_595,e2a77df87fbf97c1,GAL-LOT-02,GAL-LOT,GOLD8BAR,13,-21,0,1,PASS,1,1,74,0,595,0,2026-03-24T15:05:57Z,2026-03-24
e2a77df87fbf97c1_596,e2a77df87fbf97c1,GAL-LOT-02,GAL-LOT,GOLD8BAR,14,-21,0,1,PASS,1,1,72,0,596,0,2026-03-24T15:05:57Z,2026-03-24
e2a77df87fbf97c1_597,e2a77df87fbf97c1,GAL-LOT-02,GAL-LOT,GOLD8BAR,15,-21,0,1,FAIL,8,8,29,0,597,0,2026-03-24T15:05:57Z,2026-03-24
e2a77df87fbf97c1_598,e2a77df87fbf97c1,GAL-LOT-02,GAL-LOT,GOLD8BAR,16,-21,0,1,FAIL,8,8,32,0,598,0,2026-03-24T15:05:57Z,2026-03-24
e2a77df87fbf97c1_599,e2a77df87fbf97c1,GAL-LOT-02,GAL-LOT,GOLD8BAR,17,-21,0,1,PASS,1,1,74,0,599,0,2026-03-24T15:05:57Z,2026-03-24
e2a77df87fbf97c1_600,e2a77df87fbf97c1,GAL-LOT-02,GAL-LOT,GOLD8BAR,18,-21,0,1,PASS,1,1,72,0,600,0,2026-03-24T15:05:57Z,2026-03-24
e2a77df87fbf97c1_601,e2a77df87fbf97c1,GAL-LOT-02,GAL-LOT,GOLD8BAR,19,-21,0,1,PASS,1,1,72,0,601,0,2026-03-24T15:05:57Z,2026-03-24
e2a77df87fbf97c1_602,e2a77df87fbf97c1,GAL-LOT-02,GAL-LOT,GOLD8BAR,20,-21,0,1,PASS,1,1,72,0,602,0,2026-03-24T15:05:57Z,2026-03-24
e2a77df87fbf97c1_603,e2a77df87fbf97c1,GAL-LOT-02,GAL-LOT,GOLD8BAR,21,-21,0,1,PASS,1,1,72,0,603,0,2026-03-24T15:05:57Z,2026-03-24
e2a77df87fbf97c1_604,e2a77df87fbf97c1,GAL-LOT-02,GAL-LOT,GOLD8BAR,22,-21,0,1,PASS,1,1,72,0,604,0,2026-03-24T15:05:57Z,2026-03-24
e2a77df87fbf97c1_605,e2a77df87fbf97c1,GAL-LOT-02,GAL-LOT,GOLD8BAR,23,-21,0,1,PASS,1,1,74,0,605,0,2026-03-24T15:05:57Z,2026-03-24
e2a77df87fbf97c1_606,e2a77df87fbf97c1,GAL-LOT-02,GAL-LOT,GOLD8BAR,24,-21,0,1,PASS,1,1,72,0,606,0,2026-03-24T15:05:57Z,2026-03-24
e2a77df87fbf97c1_607,e2a77df87fbf97c1,GAL-LOT-02,GAL-LOT,GOLD8BAR,25,-21,0,1,PASS,1,1,54,0,607,0,2026-03-24T15:05:57Z,2026-03-24
e2a77df87fbf97c1_608,e2a77df87fbf97c1,GAL-LOT-02,GAL-LOT,GOLD8BAR,26,-21,0,1,PASS,1,1,72,0,608,0,2026-03-24T15:05:57Z,2026-03-24
e2a77df87fbf97c1_609,e2a77df87fbf97c1,GAL-LOT-02,GAL-LOT,GOLD8BAR,27,-21,0,1,PASS,1,1,54,0,609,0,2026-03-24T15:05:57Z,2026-03-24
e2a77df87fbf97c1_610,e2a77df87fbf97c1,GAL-LOT-02,GAL-LOT,GOLD8BAR,28,-21,0,1,PASS,1,1,72,0,610,0,2026-03-24T15:05:57Z,2026-03-24
e2a77df87fbf97c1_611,e2a77df87fbf97c1,GAL-LOT-02,GAL-LOT,GOLD8BAR,29,-21,0,1,PASS,1,1,74,0,611,0,2026-03-24T15:05:57Z,2026-03-24
e2a77df87fbf97c1_612,e2a77df87fbf97c1,GAL-LOT-02,GAL-LOT,GOLD8BAR,30,-21,0,1,PASS,1,1,72,0,612,0,2026-03-24T15:05:57Z,2026-03-24
e2a77df87fbf97c1_613,e2a77df87fbf97c1,GAL-LOT-02,GAL-LOT,GOLD8BAR,31,-21,0,1,PASS,1,1,72,0,613,0,2026-03-24T15:05:57Z,2026-03-24
e2a77df87fbf97c1_614,e2a77df87fbf97c1,GAL-LOT-02,GAL-LOT,GOLD8BAR,32,-21,0,1,PASS,1,1,72,0,614,0,2026-03-24T15:05:57Z,2026-03-24
e2a77df87fbf97c1_615,e2a77df87fbf97c1,GAL-LOT-02,GAL-LOT,GOLD8BAR,33,-21,0,1,PASS,1,1,72,0,615,0,2026-03-24T15:05:57Z,2026-03-24
e2a77df87fbf97c1_616,e2a77df87fbf97c1,GAL-LOT-02,GAL-LOT,GOLD8BAR,34,-21,0,1,PASS,1,1,72,0,616,0,2026-03-24T15:05:57Z,2026-03-24
e2a77df87fbf97c1_617,e2a77df87fbf97c1,GAL-LOT-02,GAL-LOT,GOLD8BAR,35,-21,0,1,PASS,1,1,74,0,617,0,2026-03-24T15:05:57Z,2026-03-24
e2a77df87fbf97c1_618,e2a77df87fbf97c1,GAL-LOT-02,GAL-LOT,GOLD8BAR,36,-21,0,1,PASS,1,1,54,0,618,0,2026-03-24T15:05:57Z,2026-03-24
e2a77df87fbf97c1_619,e2a77df87fbf97c1,GAL-LOT-02,GAL-LOT,GOLD8BAR,37,-21,0,1,PASS,1,1,72,0,619,0,2026-03-24T15:05:57Z,2026-03-24
e2a77df87fbf97c1_620,e2a77df87fbf97c1,GAL-LOT-02,GAL-LOT,GOLD8BAR,38,-21,0,1,PASS,1,1,72,0,620,0,2026-03-24T15:05:57Z,2026-03-24
e2a77df87fbf97c1_621,e2a77df87fbf97c1,GAL-LOT-02,GAL-LOT,GOLD8BAR,39,-21,0,1,PASS,1,1,72,0,621,0,2026-03-24T15:05:57Z,2026-03-24
e2a77df87fbf97c1_622,e2a77df87fbf97c1,GAL-LOT-02,GAL-LOT,GOLD8BAR,40,-21,0,1,PASS,1,1,72,0,622,0,2026-03-24T15:05:57Z,2026-03-24
e2a77df87fbf97c1_623,e2a77df87fbf97c1,GAL-LOT-02,GAL-LOT,GOLD8BAR,41,-21,0,1,FAIL,2,2,53,0,623,0,2026-03-24T15:05:57Z,2026-03-24
e2a77df87fbf97c1_624,e2a77df87fbf97c1,GAL-LOT-02,GAL-LOT,GOLD8BAR,42,-21,0,1,PASS,1,1,74,0,624,0,2026-03-24T15:05:57Z,2026-03-24
e2a77df87fbf97c1_625,e2a77df87fbf97c1,GAL-LOT-02,GAL-LOT,GOLD8BAR,43,-21,0,1,PASS,1,1,72,0,625,0,2026-03-24T15:05:57Z,2026-03-24
e2a77df87fbf97c1_626,e2a77df87fbf97c1,GAL-LOT-02,GAL-LOT,GOLD8BAR,44,-21,0,1,PASS,1,1,72,0,626,0,2026-03-24T15:05:57Z,2026-03-24
e2a77df87fbf97c1_627,e2a77df87fbf97c1,GAL-LOT-02,GAL-LOT,GOLD8BAR,45,-21,0,1,PASS,1,1,72,0,627,0,2026-03-24T15:05:57Z,2026-03-24
e2a77df87fbf97c1_628,e2a77df87fbf97c1,GAL-LOT-02,GAL-LOT,GOLD8BAR,45,-22,0,1,PASS,1,1,54,0,628,0,2026-03-24T15:05:57Z,2026-03-24
e2a77df87fbf97c1_629,e2a77df87fbf97c1,GAL-LOT-02,GAL-LOT,GOLD8BAR,44,-22,0,1,PASS,1,1,72,0,629,0,2026-03-24T15:05:57Z,2026-03-24
e2a77df87fbf97c1_630,e2a77df87fbf97c1,GAL-LOT-02,GAL-LOT,GOLD8BAR,43,-22,0,1,FAIL,20,20,64,0,630,0,2026-03-24T15:05:57Z,2026-03-24
e2a77df87fbf97c1_631,e2a77df87fbf97c1,GAL-LOT-02,GAL-LOT,GOLD8BAR,42,-22,0,1,PASS,1,1,56,0,631,0,2026-03-24T15:05:57Z,2026-03-24
e2a77df87fbf97c1_632,e2a77df87fbf97c1,GAL-LOT-02,GAL-LOT,GOLD8BAR,41,-22,0,1,PASS,1,1,54,0,632,0,2026-03-24T15:05:57Z,2026-03-24
e2a77df87fbf97c1_633,e2a77df87fbf97c1,GAL-LOT-02,GAL-LOT,GOLD8BAR,40,-22,0,1,PASS,1,1,72,0,633,0,2026-03-24T15:05:57Z,2026-03-24
e2a77df87fbf97c1_634,e2a77df87fbf97c1,GAL-LOT-02,GAL-LOT,GOLD8BAR,39,-22,0,1,PASS,1,1,72,0,634,0,2026-03-24T15:05:57Z,2026-03-24
e2a77df87fbf97c1_635,e2a77df87fbf97c1,GAL-LOT-02,GAL-LOT,GOLD8BAR,38,-22,0,1,PASS,1,1,72,0,635,0,2026-03-24T15:05:57Z,2026-03-24
e2a77df87fbf97c1_636,e2a77df87fbf97c1,GAL-LOT-02,GAL-LOT,GOLD8BAR,37,-22,0,1,PASS,1,1,72,0,636,0,2026-03-24T15:05:57Z,2026-03-24
e2a77df87fbf97c1_637,e2a77df87fbf97c1,GAL-LOT-02,GAL-LOT,GOLD8BAR,36,-22,0,1,PASS,1,1,74,0,637,0,2026-03-24T15:05:57Z,2026-03-24
e2a77df87fbf97c1_638,e2a77df87fbf97c1,GAL-LOT-02,GAL-LOT,GOLD8BAR,35,-22,0,1,PASS,1,1,72,0,638,0,2026-03-24T15:05:57Z,2026-03-24
e2a77df87fbf97c1_639,e2a77df87fbf97c1,GAL-LOT-02,GAL-LOT,GOLD8BAR,34,-22,0,1,PASS,1,1,72,0,639,0,2026-03-24T15:05:57Z,2026-03-24
e2a77df87fbf97c1_640,e2a77df87fbf97c1,GAL-LOT-02,GAL-LOT,GOLD8BAR,33,-22,0,1,PASS,1,1,72,0,640,0,2026-03-24T15:05:57Z,2026-03-24
e2a77df87fbf97c1_641,e2a77df87fbf97c1,GAL-LOT-02,GAL-LOT,GOLD8BAR,32,-22,0,1,PASS,1,1,72,0,641,0,2026-03-24T15:05:57Z,2026-03-24
e2a77df87fbf97c1_642,e2a77df87fbf97c1,GAL-LOT-02,GAL-LOT,GOLD8BAR,31,-22,0,1,PASS,1,1,72,0,642,0,2026-03-24T15:05:57Z,2026-03-24
e2a77df87fbf97c1_643,e2a77df87fbf97c1,GAL-LOT-02,GAL-LOT,GOLD8BAR,30,-22,0,1,PASS,1,1,74,0,643,0,2026-03-24T15:05:57Z,2026-03-24
e2a77df87fbf97c1_644,e2a77df87fbf97c1,GAL-LOT-02,GAL-LOT,GOLD8BAR,29,-22,0,1,PASS,1,1,72,0,644,0,2026-03-24T15:05:57Z,2026-03-24
e2a77df87fbf97c1_645,e2a77df87fbf97c1,GAL-LOT-02,GAL-LOT,GOLD8BAR,28,-22,0,1,PASS,1,1,72,0,645,0,2026-03-24T15:05:57Z,2026-03-24
e2a77df87fbf97c1_646,e2a77df87fbf97c1,GAL-LOT-02,GAL-LOT,GOLD8BAR,27,-22,0,1,PASS,1,1,72,0,646,0,2026-03-24T15:05:57Z,2026-03-24
e2a77df87fbf97c1_647,e2a77df87fbf97c1,GAL-LOT-02,GAL-LOT,GOLD8BAR,26,-22,0,1,PASS,1,1,72,0,647,0,2026-03-24T15:05:57Z,2026-03-24
e2a77df87fbf97c1_648,e2a77df87fbf97c1,GAL-LOT-02,GAL-LOT,GOLD8BAR,25,-22,0,1,PASS,1,1,72,0,648,0,2026-03-24T15:05:57Z,2026-03-24
e2a77df87fbf97c1_649,e2a77df87fbf97c1,GAL-LOT-02,GAL-LOT,GOLD8BAR,24,-22,0,1,PASS,1,1,74,0,649,0,2026-03-24T15:05:57Z,2026-03-24
e2a77df87fbf97c1_650,e2a77df87fbf97c1,GAL-LOT-02,GAL-LOT,GOLD8BAR,23,-22,0,1,PASS,1,1,72,0,650,0,2026-03-24T15:05:57Z,2026-03-24
e2a77df87fbf97c1_651,e2a77df87fbf97c1,GAL-LOT-02,GAL-LOT,GOLD8BAR,22,-22,0,1,PASS,1,1,72,0,651,0,2026-03-24T15:05:57Z,2026-03-24
e2a77df87fbf97c1_652,e2a77df87fbf97c1,GAL-LOT-02,GAL-LOT,GOLD8BAR,21,-22,0,1,PASS,1,1,72,0,652,0,2026-03-24T15:05:57Z,2026-03-24
e2a77df87fbf97c1_653,e2a77df87fbf97c1,GAL-LOT-02,GAL-LOT,GOLD8BAR,20,-22,0,1,FAIL,2,2,51,0,653,0,2026-03-24T15:05:57Z,2026-03-24
e2a77df87fbf97c1_654,e2a77df87fbf97c1,GAL-LOT-02,GAL-LOT,GOLD8BAR,19,-22,0,1,PASS,1,1,74,0,654,0,2026-03-24T15:05:57Z,2026-03-24
e2a77df87fbf97c1_655,e2a77df87fbf97c1,GAL-LOT-02,GAL-LOT,GOLD8BAR,18,-22,0,1,PASS,1,1,72,0,655,0,2026-03-24T15:05:57Z,2026-03-24
e2a77df87fbf97c1_656,e2a77df87fbf97c1,GAL-LOT-02,GAL-LOT,GOLD8BAR,17,-22,0,1,PASS,1,1,72,0,656,0,2026-03-24T15:05:57Z,2026-03-24
e2a77df87fbf97c1_657,e2a77df87fbf97c1,GAL-LOT-02,GAL-LOT,GOLD8BAR,16,-22,0,1,PASS,1,1,72,0,657,0,2026-03-24T15:05:57Z,2026-03-24
e2a77df87fbf97c1_658,e2a77df87fbf97c1,GAL-LOT-02,GAL-LOT,GOLD8BAR,15,-22,0,1,PASS,1,1,72,0,658,0,2026-03-24T15:05:57Z,2026-03-24
e2a77df87fbf97c1_659,e2a77df87fbf97c1,GAL-LOT-02,GAL-LOT,GOLD8BAR,14,-22,0,1,PASS,1,1,72,0,659,0,2026-03-24T15:05:57Z,2026-03-24
e2a77df87fbf97c1_660,e2a77df87fbf97c1,GAL-LOT-02,GAL-LOT,GOLD8BAR,13,-22,0,1,PASS,1,1,74,0,660,0,2026-03-24T15:05:57Z,2026-03-24
e2a77df87fbf97c1_661,e2a77df87fbf97c1,GAL-LOT-02,GAL-LOT,GOLD8BAR,12,-22,0,1,PASS,1,1,72,0,661,0,2026-03-24T15:05:57Z,2026-03-24
e2a77df87fbf97c1_662,e2a77df87fbf97c1,GAL-LOT-02,GAL-LOT,GOLD8BAR,11,-22,0,1,PASS,1,1,72,0,662,0,2026-03-24T15:05:57Z,2026-03-24
e2a77df87fbf97c1_663,e2a77df87fbf97c1,GAL-LOT-02,GAL-LOT,GOLD8BAR,10,-22,0,1,PASS,1,1,72,0,663,0,2026-03-24T15:05:57Z,2026-03-24
e2a77df87fbf97c1_664,e2a77df87fbf97c1,GAL-LOT-02,GAL-LOT,GOLD8BAR,9,-22,0,1,PASS,1,1,72,0,664,0,2026-03-24T15:05:57Z,2026-03-24
e2a77df87fbf97c1_665,e2a77df87fbf97c1,GAL-LOT-02,GAL-LOT,GOLD8BAR,8,-22,0,1,PASS,1,1,72,0,665,0,2026-03-24T15:05:57Z,2026-03-24
e2a77df87fbf97c1_666,e2a77df87fbf97c1,GAL-LOT-02,GAL-LOT,GOLD8BAR,7,-22,0,1,PASS,1,1,74,0,666,0,2026-03-24T15:05:57Z,2026-03-24
e2a77df87fbf97c1_667,e2a77df87fbf97c1,GAL-LOT-02,GAL-LOT,GOLD8BAR,6,-22,0,1,PASS,1,1,72,0,667,0,2026-03-24T15:05:57Z,2026-03-24
e2a77df87fbf97c1_668,e2a77df87fbf97c1,GAL-LOT-02,GAL-LOT,GOLD8BAR,5,-22,0,1,FAIL,8,8,29,0,668,0,2026-03-24T15:05:57Z,2026-03-24
e2a77df87fbf97c1_669,e2a77df87fbf97c1,GAL-LOT-02,GAL-LOT,GOLD8BAR,4,-22,0,1,PASS,1,1,74,0,669,0,2026-03-24T15:05:57Z,2026-03-24
e2a77df87fbf97c1_670,e2a77df87fbf97c1,GAL-LOT-02,GAL-LOT,GOLD8BAR,4,-23,0,1,PASS,1,1,72,0,670,0,2026-03-24T15:05:57Z,2026-03-24
e2a77df87fbf97c1_671,e2a77df87fbf97c1,GAL-LOT-02,GAL-LOT,GOLD8BAR,5,-23,0,1,PASS,1,1,72,0,671,0,2026-03-24T15:05:57Z,2026-03-24
e2a77df87fbf97c1_672,e2a77df87fbf97c1,GAL-LOT-02,GAL-LOT,GOLD8BAR,6,-23,0,1,FAIL,8,8,29,0,672,0,2026-03-24T15:05:57Z,2026-03-24
e2a77df87fbf97c1_673,e2a77df87fbf97c1,GAL-LOT-02,GAL-LOT,GOLD8BAR,7,-23,0,1,PASS,1,1,74,0,673,0,2026-03-24T15:05:57Z,2026-03-24
e2a77df87fbf97c1_674,e2a77df87fbf97c1,GAL-LOT-02,GAL-LOT,GOLD8BAR,8,-23,0,1,PASS,1,1,72,0,674,0,2026-03-24T15:05:57Z,2026-03-24
e2a77df87fbf97c1_675,e2a77df87fbf97c1,GAL-LOT-02,GAL-LOT,GOLD8BAR,9,-23,0,1,PASS,1,1,72,0,675,0,2026-03-24T15:05:57Z,2026-03-24
e2a77df87fbf97c1_676,e2a77df87fbf97c1,GAL-LOT-02,GAL-LOT,GOLD8BAR,10,-23,0,1,PASS,1,1,72,0,676,0,2026-03-24T15:05:57Z,2026-03-24
e2a77df87fbf97c1_677,e2a77df87fbf97c1,GAL-LOT-02,GAL-LOT,GOLD8BAR,11,-23,0,1,FAIL,8,8,29,0,677,0,2026-03-24T15:05:57Z,2026-03-24
e2a77df87fbf97c1_678,e2a77df87fbf97c1,GAL-LOT-02,GAL-LOT,GOLD8BAR,12,-23,0,1,PASS,1,1,74,0,678,0,2026-03-24T15:05:57Z,2026-03-24
e2a77df87fbf97c1_679,e2a77df87fbf97c1,GAL-LOT-02,GAL-LOT,GOLD8BAR,13,-23,0,1,FAIL,4,4,37,0,679,0,2026-03-24T15:05:57Z,2026-03-24
e2a77df87fbf97c1_680,e2a77df87fbf97c1,GAL-LOT-02,GAL-LOT,GOLD8BAR,14,-23,0,1,PASS,1,1,74,0,680,0,2026-03-24T15:05:57Z,2026-03-24
e2a77df87fbf97c1_681,e2a77df87fbf97c1,GAL-LOT-02,GAL-LOT,GOLD8BAR,15,-23,0,1,PASS,1,1,72,0,681,0,2026-03-24T15:05:57Z,2026-03-24
e2a77df87fbf97c1_682,e2a77df87fbf97c1,GAL-LOT-02,GAL-LOT,GOLD8BAR,16,-23,0,1,PASS,1,1,72,0,682,0,2026-03-24T15:05:57Z,2026-03-24
e2a77df87fbf97c1_683,e2a77df87fbf97c1,GAL-LOT-02,GAL-LOT,GOLD8BAR,17,-23,0,1,PASS,1,1,72,0,683,0,2026-03-24T15:05:57Z,2026-03-24
e2a77df87fbf97c1_684,e2a77df87fbf97c1,GAL-LOT-02,GAL-LOT,GOLD8BAR,18,-23,0,1,PASS,1,1,72,0,684,0,2026-03-24T15:05:57Z,2026-03-24
e2a77df87fbf97c1_685,e2a77df87fbf97c1,GAL-LOT-02,GAL-LOT,GOLD8BAR,19,-23,0,1,PASS,1,1,72,0,685,0,2026-03-24T15:05:57Z,2026-03-24
e2a77df87fbf97c1_686,e2a77df87fbf97c1,GAL-LOT-02,GAL-LOT,GOLD8BAR,20,-23,0,1,PASS,1,1,74,0,686,0,2026-03-24T15:05:57Z,2026-03-24
e2a77df87fbf97c1_687,e2a77df87fbf97c1,GAL-LOT-02,GAL-LOT,GOLD8BAR,21,-23,0,1,PASS,1,1,72,0,687,0,2026-03-24T15:05:57Z,2026-03-24
e2a77df87fbf97c1_688,e2a77df87fbf97c1,GAL-LOT-02,GAL-LOT,GOLD8BAR,22,-23,0,1,PASS,1,1,72,0,688,0,2026-03-24T15:05:57Z,2026-03-24
e2a77df87fbf97c1_689,e2a77df87fbf97c1,GAL-LOT-02,GAL-LOT,GOLD8BAR,23,-23,0,1,PASS,1,1,72,0,689,0,2026-03-24T15:05:57Z,2026-03-24
e2a77df87fbf97c1_690,e2a77df87fbf97c1,GAL-LOT-02,GAL-LOT,GOLD8BAR,26,-23,0,1,PASS,1,1,72,0,690,0,2026-03-24T15:05:57Z,2026-03-24
e2a77df87fbf97c1_691,e2a77df87fbf97c1,GAL-LOT-02,GAL-LOT,GOLD8BAR,27,-23,0,1,PASS,1,1,72,0,691,0,2026-03-24T15:05:57Z,2026-03-24
e2a77df87fbf97c1_692,e2a77df87fbf97c1,GAL-LOT-02,GAL-LOT,GOLD8BAR,28,-23,0,1,PASS,1,1,74,0,692,0,2026-03-24T15:05:57Z,2026-03-24
e2a77df87fbf97c1_693,e2a77df87fbf97c1,GAL-LOT-02,GAL-LOT,GOLD8BAR,29,-23,0,1,PASS,1,1,72,0,693,0,2026-03-24T15:05:57Z,2026-03-24
e2a77df87fbf97c1_694,e2a77df87fbf97c1,GAL-LOT-02,GAL-LOT,GOLD8BAR,30,-23,0,1,PASS,1,1,72,0,694,0,2026-03-24T15:05:57Z,2026-03-24
e2a77df87fbf97c1_695,e2a77df87fbf97c1,GAL-LOT-02,GAL-LOT,GOLD8BAR,31,-23,0,1,FAIL,8,8,32,0,695,0,2026-03-24T15:05:57Z,2026-03-24
e2a77df87fbf97c1_696,e2a77df87fbf97c1,GAL-LOT-02,GAL-LOT,GOLD8BAR,32,-23,0,1,PASS,1,1,74,0,696,0,2026-03-24T15:05:57Z,2026-03-24
e2a77df87fbf97c1_697,e2a77df87fbf97c1,GAL-LOT-02,GAL-LOT,GOLD8BAR,33,-23,0,1,FAIL,8,8,32,0,697,0,2026-03-24T15:05:57Z,2026-03-24
e2a77df87fbf97c1_698,e2a77df87fbf97c1,GAL-LOT-02,GAL-LOT,GOLD8BAR,34,-23,0,1,PASS,1,1,74,0,698,0,2026-03-24T15:05:57Z,2026-03-24
e2a77df87fbf97c1_699,e2a77df87fbf97c1,GAL-LOT-02,GAL-LOT,GOLD8BAR,35,-23,0,1,PASS,1,1,72,0,699,0,2026-03-24T15:05:57Z,2026-03-24
e2a77df87fbf97c1_700,e2a77df87fbf97c1,GAL-LOT-02,GAL-LOT,GOLD8BAR,36,-23,0,1,PASS,1,1,72,0,700,0,2026-03-24T15:05:57Z,2026-03-24
e2a77df87fbf97c1_701,e2a77df87fbf97c1,GAL-LOT-02,GAL-LOT,GOLD8BAR,37,-23,0,1,PASS,1,1,72,0,701,0,2026-03-24T15:05:57Z,2026-03-24
e2a77df87fbf97c1_702,e2a77df87fbf97c1,GAL-LOT-02,GAL-LOT,GOLD8BAR,38,-23,0,1,PASS,1,1,72,0,702,0,2026-03-24T15:05:57Z,2026-03-24
e2a77df87fbf97c1_703,e2a77df87fbf97c1,GAL-LOT-02,GAL-LOT,GOLD8BAR,39,-23,0,1,PASS,1,1,72,0,703,0,2026-03-24T15:05:57Z,2026-03-24
e2a77df87fbf97c1_704,e2a77df87fbf97c1,GAL-LOT-02,GAL-LOT,GOLD8BAR,40,-23,0,1,FAIL,20,20,64,0,704,0,2026-03-24T15:05:57Z,2026-03-24
e2a77df87fbf97c1_705,e2a77df87fbf97c1,GAL-LOT-02,GAL-LOT,GOLD8BAR,41,-23,0,1,PASS,1,1,74,0,705,0,2026-03-24T15:05:57Z,2026-03-24
e2a77df87fbf97c1_706,e2a77df87fbf97c1,GAL-LOT-02,GAL-LOT,GOLD8BAR,42,-23,0,1,PASS,1,1,72,0,706,0,2026-03-24T15:05:57Z,2026-03-24
e2a77df87fbf97c1_707,e2a77df87fbf97c1,GAL-LOT-02,GAL-LOT,GOLD8BAR,43,-23,0,1,PASS,1,1,72,0,707,0,2026-03-24T15:05:57Z,2026-03-24
e2a77df87fbf97c1_708,e2a77df87fbf97c1,GAL-LOT-02,GAL-LOT,GOLD8BAR,44,-23,0,1,PASS,1,1,72,0,708,0,2026-03-24T15:05:57Z,2026-03-24
e2a77df87fbf97c1_709,e2a77df87fbf97c1,GAL-LOT-02,GAL-LOT,GOLD8BAR,45,-23,0,1,PASS,1,1,72,0,709,0,2026-03-24T15:05:57Z,2026-03-24
e2a77df87fbf97c1_710,e2a77df87fbf97c1,GAL-LOT-02,GAL-LOT,GOLD8BAR,45,-24,0,1,PASS,1,1,72,0,710,0,2026-03-24T15:05:57Z,2026-03-24
e2a77df87fbf97c1_711,e2a77df87fbf97c1,GAL-LOT-02,GAL-LOT,GOLD8BAR,43,-24,0,1,PASS,1,1,74,0,711,0,2026-03-24T15:05:57Z,2026-03-24
e2a77df87fbf97c1_712,e2a77df87fbf97c1,GAL-LOT-02,GAL-LOT,GOLD8BAR,42,-24,0,1,PASS,1,1,72,0,712,0,2026-03-24T15:05:57Z,2026-03-24
e2a77df87fbf97c1_713,e2a77df87fbf97c1,GAL-LOT-02,GAL-LOT,GOLD8BAR,41,-24,0,1,PASS,1,1,72,0,713,0,2026-03-24T15:05:57Z,2026-03-24
e2a77df87fbf97c1_714,e2a77df87fbf97c1,GAL-LOT-02,GAL-LOT,GOLD8BAR,40,-24,0,1,PASS,1,1,72,0,714,0,2026-03-24T15:05:57Z,2026-03-24
e2a77df87fbf97c1_715,e2a77df87fbf97c1,GAL-LOT-02,GAL-LOT,GOLD8BAR,39,-24,0,1,PASS,1,1,72,0,715,0,2026-03-24T15:05:57Z,2026-03-24
e2a77df87fbf97c1_716,e2a77df87fbf97c1,GAL-LOT-02,GAL-LOT,GOLD8BAR,38,-24,0,1,PASS,1,1,72,0,716,0,2026-03-24T15:05:57Z,2026-03-24
e2a77df87fbf97c1_717,e2a77df87fbf97c1,GAL-LOT-02,GAL-LOT,GOLD8BAR,37,-24,0,1,PASS,1,1,74,0,717,0,2026-03-24T15:05:57Z,2026-03-24
e2a77df87fbf97c1_718,e2a77df87fbf97c1,GAL-LOT-02,GAL-LOT,GOLD8BAR,36,-24,0,1,PASS,1,1,72,0,718,0,2026-03-24T15:05:57Z,2026-03-24
e2a77df87fbf97c1_719,e2a77df87fbf97c1,GAL-LOT-02,GAL-LOT,GOLD8BAR,35,-24,0,1,PASS,1,1,72,0,719,0,2026-03-24T15:05:57Z,2026-03-24
e2a77df87fbf97c1_720,e2a77df87fbf97c1,GAL-LOT-02,GAL-LOT,GOLD8BAR,34,-24,0,1,PASS,1,1,72,0,720,0,2026-03-24T15:05:57Z,2026-03-24
e2a77df87fbf97c1_721,e2a77df87fbf97c1,GAL-LOT-02,GAL-LOT,GOLD8BAR,33,-24,0,1,PASS,1,1,72,0,721,0,2026-03-24T15:05:57Z,2026-03-24
e2a77df87fbf97c1_722,e2a77df87fbf97c1,GAL-LOT-02,GAL-LOT,GOLD8BAR,32,-24,0,1,PASS,1,1,72,0,722,0,2026-03-24T15:05:57Z,2026-03-24
e2a77df87fbf97c1_723,e2a77df87fbf97c1,GAL-LOT-02,GAL-LOT,GOLD8BAR,31,-24,0,1,PASS,1,1,74,0,723,0,2026-03-24T15:05:57Z,2026-03-24
e2a77df87fbf97c1_724,e2a77df87fbf97c1,GAL-LOT-02,GAL-LOT,GOLD8BAR,30,-24,0,1,PASS,1,1,72,0,724,0,2026-03-24T15:05:57Z,2026-03-24
e2a77df87fbf97c1_725,e2a77df87fbf97c1,GAL-LOT-02,GAL-LOT,GOLD8BAR,29,-24,0,1,PASS,1,1,72,0,725,0,2026-03-24T15:05:57Z,2026-03-24
e2a77df87fbf97c1_726,e2a77df87fbf97c1,GAL-LOT-02,GAL-LOT,GOLD8BAR,28,-24,0,1,PASS,1,1,72,0,726,0,2026-03-24T15:05:57Z,2026-03-24
e2a77df87fbf97c1_727,e2a77df87fbf97c1,GAL-LOT-02,GAL-LOT,GOLD8BAR,27,-24,0,1,PASS,1,1,72,0,727,0,2026-03-24T15:05:57Z,2026-03-24
e2a77df87fbf97c1_728,e2a77df87fbf97c1,GAL-LOT-02,GAL-LOT,GOLD8BAR,26,-24,0,1,PASS,1,1,72,0,728,0,2026-03-24T15:05:57Z,2026-03-24
e2a77df87fbf97c1_729,e2a77df87fbf97c1,GAL-LOT-02,GAL-LOT,GOLD8BAR,23,-24,0,1,PASS,1,1,74,0,729,0,2026-03-24T15:05:57Z,2026-03-24
e2a77df87fbf97c1_730,e2a77df87fbf97c1,GAL-LOT-02,GAL-LOT,GOLD8BAR,22,-24,0,1,PASS,1,1,72,0,730,0,2026-03-24T15:05:57Z,2026-03-24
e2a77df87fbf97c1_731,e2a77df87fbf97c1,GAL-LOT-02,GAL-LOT,GOLD8BAR,21,-24,0,1,PASS,1,1,72,0,731,0,2026-03-24T15:05:57Z,2026-03-24
e2a77df87fbf97c1_732,e2a77df87fbf97c1,GAL-LOT-02,GAL-LOT,GOLD8BAR,20,-24,0,1,PASS,1,1,72,0,732,0,2026-03-24T15:05:57Z,2026-03-24
e2a77df87fbf97c1_733,e2a77df87fbf97c1,GAL-LOT-02,GAL-LOT,GOLD8BAR,19,-24,0,1,PASS,1,1,72,0,733,0,2026-03-24T15:05:57Z,2026-03-24
e2a77df87fbf97c1_734,e2a77df87fbf97c1,GAL-LOT-02,GAL-LOT,GOLD8BAR,18,-24,0,1,PASS,1,1,72,0,734,0,2026-03-24T15:05:57Z,2026-03-24
e2a77df87fbf97c1_735,e2a77df87fbf97c1,GAL-LOT-02,GAL-LOT,GOLD8BAR,17,-24,0,1,PASS,1,1,74,0,735,0,2026-03-24T15:05:57Z,2026-03-24
e2a77df87fbf97c1_736,e2a77df87fbf97c1,GAL-LOT-02,GAL-LOT,GOLD8BAR,16,-24,0,1,FAIL,8,8,35,0,736,0,2026-03-24T15:05:57Z,2026-03-24
e2a77df87fbf97c1_737,e2a77df87fbf97c1,GAL-LOT-02,GAL-LOT,GOLD8BAR,15,-24,0,1,PASS,1,1,74,0,737,0,2026-03-24T15:05:57Z,2026-03-24
e2a77df87fbf97c1_738,e2a77df87fbf97c1,GAL-LOT-02,GAL-LOT,GOLD8BAR,14,-24,0,1,PASS,1,1,72,0,738,0,2026-03-24T15:05:57Z,2026-03-24
e2a77df87fbf97c1_739,e2a77df87fbf97c1,GAL-LOT-02,GAL-LOT,GOLD8BAR,13,-24,0,1,PASS,1,1,72,0,739,0,2026-03-24T15:05:57Z,2026-03-24
e2a77df87fbf97c1_740,e2a77df87fbf97c1,GAL-LOT-02,GAL-LOT,GOLD8BAR,12,-24,0,1,PASS,1,1,72,0,740,0,2026-03-24T15:05:57Z,2026-03-24
e2a77df87fbf97c1_741,e2a77df87fbf97c1,GAL-LOT-02,GAL-LOT,GOLD8BAR,11,-24,0,1,PASS,1,1,72,0,741,0,2026-03-24T15:05:57Z,2026-03-24
e2a77df87fbf97c1_742,e2a77df87fbf97c1,GAL-LOT-02,GAL-LOT,GOLD8BAR,10,-24,0,1,PASS,1,1,72,0,742,0,2026-03-24T15:05:57Z,2026-03-24
e2a77df87fbf97c1_743,e2a77df87fbf97c1,GAL-LOT-02,GAL-LOT,GOLD8BAR,9,-24,0,1,PASS,1,1,74,0,743,0,2026-03-24T15:05:57Z,2026-03-24
e2a77df87fbf97c1_744,e2a77df87fbf97c1,GAL-LOT-02,GAL-LOT,GOLD8BAR,8,-24,0,1,PASS,1,1,72,0,744,0,2026-03-24T15:05:57Z,2026-03-24
e2a77df87fbf97c1_745,e2a77df87fbf97c1,GAL-LOT-02,GAL-LOT,GOLD8BAR,7,-24,0,1,PASS,1,1,72,0,745,0,2026-03-24T15:05:57Z,2026-03-24
e2a77df87fbf97c1_746,e2a77df87fbf97c1,GAL-LOT-02,GAL-LOT,GOLD8BAR,5,-24,0,1,PASS,1,1,72,0,746,0,2026-03-24T15:05:57Z,2026-03-24
e2a77df87fbf97c1_747,e2a77df87fbf97c1,GAL-LOT-02,GAL-LOT,GOLD8BAR,4,-24,0,1,PASS,1,1,72,0,747,0,2026-03-24T15:05:57Z,2026-03-24
e2a77df87fbf97c1_748,e2a77df87fbf97c1,GAL-LOT-02,GAL-LOT,GOLD8BAR,4,-25,0,1,PASS,1,1,72,0,748,0,2026-03-24T15:05:57Z,2026-03-24
e2a77df87fbf97c1_749,e2a77df87fbf97c1,GAL-LOT-02,GAL-LOT,GOLD8BAR,5,-25,0,1,PASS,1,1,74,0,749,0,2026-03-24T15:05:57Z,2026-03-24
e2a77df87fbf97c1_750,e2a77df87fbf97c1,GAL-LOT-02,GAL-LOT,GOLD8BAR,6,-25,0,1,PASS,1,1,72,0,750,0,2026-03-24T15:05:57Z,2026-03-24
e2a77df87fbf97c1_751,e2a77df87fbf97c1,GAL-LOT-02,GAL-LOT,GOLD8BAR,7,-25,0,1,PASS,1,1,72,0,751,0,2026-03-24T15:05:57Z,2026-03-24
e2a77df87fbf97c1_752,e2a77df87fbf97c1,GAL-LOT-02,GAL-LOT,GOLD8BAR,8,-25,0,1,PASS,1,1,72,0,752,0,2026-03-24T15:05:57Z,2026-03-24
e2a77df87fbf97c1_753,e2a77df87fbf97c1,GAL-LOT-02,GAL-LOT,GOLD8BAR,9,-25,0,1,PASS,1,1,72,0,753,0,2026-03-24T15:05:57Z,2026-03-24
e2a77df87fbf97c1_754,e2a77df87fbf97c1,GAL-LOT-02,GAL-LOT,GOLD8BAR,10,-25,0,1,PASS,1,1,72,0,754,0,2026-03-24T15:05:57Z,2026-03-24
e2a77df87fbf97c1_755,e2a77df87fbf97c1,GAL-LOT-02,GAL-LOT,GOLD8BAR,11,-25,0,1,PASS,1,1,74,0,755,0,2026-03-24T15:05:57Z,2026-03-24
e2a77df87fbf97c1_756,e2a77df87fbf97c1,GAL-LOT-02,GAL-LOT,GOLD8BAR,12,-25,0,1,PASS,1,1,72,0,756,0,2026-03-24T15:05:57Z,2026-03-24
e2a77df87fbf97c1_757,e2a77df87fbf97c1,GAL-LOT-02,GAL-LOT,GOLD8BAR,13,-25,0,1,PASS,1,1,72,0,757,0,2026-03-24T15:05:57Z,2026-03-24
e2a77df87fbf97c1_758,e2a77df87fbf97c1,GAL-LOT-02,GAL-LOT,GOLD8BAR,14,-25,0,1,PASS,1,1,72,0,758,0,2026-03-24T15:05:57Z,2026-03-24
e2a77df87fbf97c1_759,e2a77df87fbf97c1,GAL-LOT-02,GAL-LOT,GOLD8BAR,15,-25,0,1,PASS,1,1,72,0,759,0,2026-03-24T15:05:57Z,2026-03-24
e2a77df87fbf97c1_760,e2a77df87fbf97c1,GAL-LOT-02,GAL-LOT,GOLD8BAR,16,-25,0,1,FAIL,8,8,35,0,760,0,2026-03-24T15:05:57Z,2026-03-24
e2a77df87fbf97c1_761,e2a77df87fbf97c1,GAL-LOT-02,GAL-LOT,GOLD8BAR,17,-25,0,1,PASS,1,1,74,0,761,0,2026-03-24T15:05:57Z,2026-03-24
e2a77df87fbf97c1_762,e2a77df87fbf97c1,GAL-LOT-02,GAL-LOT,GOLD8BAR,18,-25,0,1,PASS,1,1,72,0,762,0,2026-03-24T15:05:57Z,2026-03-24
e2a77df87fbf97c1_763,e2a77df87fbf97c1,GAL-LOT-02,GAL-LOT,GOLD8BAR,19,-25,0,1,PASS,1,1,72,0,763,0,2026-03-24T15:05:57Z,2026-03-24
e2a77df87fbf97c1_764,e2a77df87fbf97c1,GAL-LOT-02,GAL-LOT,GOLD8BAR,20,-25,0,1,PASS,1,1,72,0,764,0,2026-03-24T15:05:57Z,2026-03-24
e2a77df87fbf97c1_765,e2a77df87fbf97c1,GAL-LOT-02,GAL-LOT,GOLD8BAR,21,-25,0,1,FAIL,8,8,32,0,765,0,2026-03-24T15:05:57Z,2026-03-24
e2a77df87fbf97c1_766,e2a77df87fbf97c1,GAL-LOT-02,GAL-LOT,GOLD8BAR,22,-25,0,1,PASS,1,1,74,0,766,0,2026-03-24T15:05:57Z,2026-03-24
e2a77df87fbf97c1_767,e2a77df87fbf97c1,GAL-LOT-02,GAL-LOT,GOLD8BAR,23,-25,0,1,PASS,1,1,72,0,767,0,2026-03-24T15:05:57Z,2026-03-24
e2a77df87fbf97c1_768,e2a77df87fbf97c1,GAL-LOT-02,GAL-LOT,GOLD8BAR,24,-25,0,1,PASS,1,1,54,0,768,0,2026-03-24T15:05:57Z,2026-03-24
e2a77df87fbf97c1_769,e2a77df87fbf97c1,GAL-LOT-02,GAL-LOT,GOLD8BAR,25,-25,0,1,FAIL,8,8,32,0,769,0,2026-03-24T15:05:57Z,2026-03-24
e2a77df87fbf97c1_770,e2a77df87fbf97c1,GAL-LOT-02,GAL-LOT,GOLD8BAR,26,-25,0,1,PASS,1,1,56,0,770,0,2026-03-24T15:05:57Z,2026-03-24
e2a77df87fbf97c1_771,e2a77df87fbf97c1,GAL-LOT-02,GAL-LOT,GOLD8BAR,27,-25,0,1,PASS,1,1,72,0,771,0,2026-03-24T15:05:57Z,2026-03-24
e2a77df87fbf97c1_772,e2a77df87fbf97c1,GAL-LOT-02,GAL-LOT,GOLD8BAR,28,-25,0,1,FAIL,20,20,62,0,772,0,2026-03-24T15:05:57Z,2026-03-24
e2a77df87fbf97c1_773,e2a77df87fbf97c1,GAL-LOT-02,GAL-LOT,GOLD8BAR,29,-25,0,1,PASS,1,1,74,0,773,0,2026-03-24T15:05:57Z,2026-03-24
e2a77df87fbf97c1_774,e2a77df87fbf97c1,GAL-LOT-02,GAL-LOT,GOLD8BAR,30,-25,0,1,PASS,1,1,72,0,774,0,2026-03-24T15:05:57Z,2026-03-24
e2a77df87fbf97c1_775,e2a77df87fbf97c1,GAL-LOT-02,GAL-LOT,GOLD8BAR,31,-25,0,1,PASS,1,1,72,0,775,0,2026-03-24T15:05:57Z,2026-03-24
e2a77df87fbf97c1_776,e2a77df87fbf97c1,GAL-LOT-02,GAL-LOT,GOLD8BAR,32,-25,0,1,PASS,1,1,72,0,776,0,2026-03-24T15:05:57Z,2026-03-24
e2a77df87fbf97c1_777,e2a77df87fbf97c1,GAL-LOT-02,GAL-LOT,GOLD8BAR,33,-25,0,1,FAIL,20,20,62,0,777,0,2026-03-24T15:05:57Z,2026-03-24
e2a77df87fbf97c1_778,e2a77df87fbf97c1,GAL-LOT-02,GAL-LOT,GOLD8BAR,34,-25,0,1,PASS,1,1,74,0,778,0,2026-03-24T15:05:57Z,2026-03-24
e2a77df87fbf97c1_779,e2a77df87fbf97c1,GAL-LOT-02,GAL-LOT,GOLD8BAR,35,-25,0,1,PASS,1,1,72,0,779,0,2026-03-24T15:05:57Z,2026-03-24
e2a77df87fbf97c1_780,e2a77df87fbf97c1,GAL-LOT-02,GAL-LOT,GOLD8BAR,36,-25,0,1,PASS,1,1,72,0,780,0,2026-03-24T15:05:57Z,2026-03-24
e2a77df87fbf97c1_781,e2a77df87fbf97c1,GAL-LOT-02,GAL-LOT,GOLD8BAR,37,-25,0,1,PASS,1,1,72,0,781,0,2026-03-24T15:05:57Z,2026-03-24
e2a77df87fbf97c1_782,e2a77df87fbf97c1,GAL-LOT-02,GAL-LOT,GOLD8BAR,38,-25,0,1,PASS,1,1,72,0,782,0,2026-03-24T15:05:57Z,2026-03-24
e2a77df87fbf97c1_783,e2a77df87fbf97c1,GAL-LOT-02,GAL-LOT,GOLD8BAR,39,-25,0,1,PASS,1,1,72,0,783,0,2026-03-24T15:05:57Z,2026-03-24
e2a77df87fbf97c1_784,e2a77df87fbf97c1,GAL-LOT-02,GAL-LOT,GOLD8BAR,40,-25,0,1,PASS,1,1,74,0,784,0,2026-03-24T15:05:57Z,2026-03-24
e2a77df87fbf97c1_785,e2a77df87fbf97c1,GAL-LOT-02,GAL-LOT,GOLD8BAR,41,-25,0,1,PASS,1,1,72,0,785,0,2026-03-24T15:05:57Z,2026-03-24
e2a77df87fbf97c1_786,e2a77df87fbf97c1,GAL-LOT-02,GAL-LOT,GOLD8BAR,42,-25,0,1,PASS,1,1,72,0,786,0,2026-03-24T15:05:57Z,2026-03-24
e2a77df87fbf97c1_787,e2a77df87fbf97c1,GAL-LOT-02,GAL-LOT,GOLD8BAR,43,-25,0,1,PASS,1,1,54,0,787,0,2026-03-24T15:05:57Z,2026-03-24
e2a77df87fbf97c1_788,e2a77df87fbf97c1,GAL-LOT-02,GAL-LOT,GOLD8BAR,44,-25,0,1,PASS,1,1,72,0,788,0,2026-03-24T15:05:57Z,2026-03-24
e2a77df87fbf97c1_789,e2a77df87fbf97c1,GAL-LOT-02,GAL-LOT,GOLD8BAR,45,-25,0,1,PASS,1,1,72,0,789,0,2026-03-24T15:05:57Z,2026-03-24
e2a77df87fbf97c1_790,e2a77df87fbf97c1,GAL-LOT-02,GAL-LOT,GOLD8BAR,45,-26,0,1,PASS,1,1,74,0,790,0,2026-03-24T15:05:57Z,2026-03-24
e2a77df87fbf97c1_791,e2a77df87fbf97c1,GAL-LOT-02,GAL-LOT,GOLD8BAR,44,-26,0,1,PASS,1,1,72,0,791,0,2026-03-24T15:05:57Z,2026-03-24
e2a77df87fbf97c1_792,e2a77df87fbf97c1,GAL-LOT-02,GAL-LOT,GOLD8BAR,43,-26,0,1,PASS,1,1,72,0,792,0,2026-03-24T15:05:57Z,2026-03-24
e2a77df87fbf97c1_793,e2a77df87fbf97c1,GAL-LOT-02,GAL-LOT,GOLD8BAR,42,-26,0,1,PASS,1,1,54,0,793,0,2026-03-24T15:05:57Z,2026-03-24
e2a77df87fbf97c1_794,e2a77df87fbf97c1,GAL-LOT-02,GAL-LOT,GOLD8BAR,41,-26,0,1,PASS,1,1,54,0,794,0,2026-03-24T15:05:57Z,2026-03-24
e2a77df87fbf97c1_795,e2a77df87fbf97c1,GAL-LOT-02,GAL-LOT,GOLD8BAR,40,-26,0,1,PASS,1,1,72,0,795,0,2026-03-24T15:05:57Z,2026-03-24
e2a77df87fbf97c1_796,e2a77df87fbf97c1,GAL-LOT-02,GAL-LOT,GOLD8BAR,39,-26,0,1,PASS,1,1,74,0,796,0,2026-03-24T15:05:57Z,2026-03-24
e2a77df87fbf97c1_797,e2a77df87fbf97c1,GAL-LOT-02,GAL-LOT,GOLD8BAR,38,-26,0,1,PASS,1,1,72,0,797,0,2026-03-24T15:05:57Z,2026-03-24
e2a77df87fbf97c1_798,e2a77df87fbf97c1,GAL-LOT-02,GAL-LOT,GOLD8BAR,37,-26,0,1,PASS,1,1,72,0,798,0,2026-03-24T15:05:57Z,2026-03-24
e2a77df87fbf97c1_799,e2a77df87fbf97c1,GAL-LOT-02,GAL-LOT,GOLD8BAR,36,-26,0,1,PASS,1,1,72,0,799,0,2026-03-24T15:05:57Z,2026-03-24
e2a77df87fbf97c1_800,e2a77df87fbf97c1,GAL-LOT-02,GAL-LOT,GOLD8BAR,35,-26,0,1,PASS,1,1,72,0,800,0,2026-03-24T15:05:57Z,2026-03-24
e2a77df87fbf97c1_801,e2a77df87fbf97c1,GAL-LOT-02,GAL-LOT,GOLD8BAR,34,-26,0,1,FAIL,2,2,51,0,801,0,2026-03-24T15:05:57Z,2026-03-24
e2a77df87fbf97c1_802,e2a77df87fbf97c1,GAL-LOT-02,GAL-LOT,GOLD8BAR,33,-26,0,1,PASS,1,1,74,0,802,0,2026-03-24T15:05:57Z,2026-03-24
e2a77df87fbf97c1_803,e2a77df87fbf97c1,GAL-LOT-02,GAL-LOT,GOLD8BAR,32,-26,0,1,PASS,1,1,72,0,803,0,2026-03-24T15:05:57Z,2026-03-24
e2a77df87fbf97c1_804,e2a77df87fbf97c1,GAL-LOT-02,GAL-LOT,GOLD8BAR,31,-26,0,1,PASS,1,1,72,0,804,0,2026-03-24T15:05:57Z,2026-03-24
e2a77df87fbf97c1_805,e2a77df87fbf97c1,GAL-LOT-02,GAL-LOT,GOLD8BAR,30,-26,0,1,PASS,1,1,72,0,805,0,2026-03-24T15:05:57Z,2026-03-24
e2a77df87fbf97c1_806,e2a77df87fbf97c1,GAL-LOT-02,GAL-LOT,GOLD8BAR,29,-26,0,1,PASS,1,1,72,0,806,0,2026-03-24T15:05:57Z,2026-03-24
e2a77df87fbf97c1_807,e2a77df87fbf97c1,GAL-LOT-02,GAL-LOT,GOLD8BAR,28,-26,0,1,PASS,1,1,72,0,807,0,2026-03-24T15:05:57Z,2026-03-24
e2a77df87fbf97c1_808,e2a77df87fbf97c1,GAL-LOT-02,GAL-LOT,GOLD8BAR,27,-26,0,1,PASS,1,1,74,0,808,0,2026-03-24T15:05:57Z,2026-03-24
e2a77df87fbf97c1_809,e2a77df87fbf97c1,GAL-LOT-02,GAL-LOT,GOLD8BAR,26,-26,0,1,PASS,1,1,72,0,809,0,2026-03-24T15:05:57Z,2026-03-24
e2a77df87fbf97c1_810,e2a77df87fbf97c1,GAL-LOT-02,GAL-LOT,GOLD8BAR,25,-26,0,1,PASS,1,1,72,0,810,0,2026-03-24T15:05:57Z,2026-03-24
e2a77df87fbf97c1_811,e2a77df87fbf97c1,GAL-LOT-02,GAL-LOT,GOLD8BAR,24,-26,0,1,PASS,1,1,72,0,811,0,2026-03-24T15:05:57Z,2026-03-24
e2a77df87fbf97c1_812,e2a77df87fbf97c1,GAL-LOT-02,GAL-LOT,GOLD8BAR,23,-26,0,1,PASS,1,1,54,0,812,0,2026-03-24T15:05:57Z,2026-03-24
e2a77df87fbf97c1_813,e2a77df87fbf97c1,GAL-LOT-02,GAL-LOT,GOLD8BAR,22,-26,0,1,PASS,1,1,72,0,813,0,2026-03-24T15:05:57Z,2026-03-24
e2a77df87fbf97c1_814,e2a77df87fbf97c1,GAL-LOT-02,GAL-LOT,GOLD8BAR,21,-26,0,1,PASS,1,1,74,0,814,0,2026-03-24T15:05:57Z,2026-03-24
e2a77df87fbf97c1_815,e2a77df87fbf97c1,GAL-LOT-02,GAL-LOT,GOLD8BAR,20,-26,0,1,PASS,1,1,72,0,815,0,2026-03-24T15:05:57Z,2026-03-24
e2a77df87fbf97c1_816,e2a77df87fbf97c1,GAL-LOT-02,GAL-LOT,GOLD8BAR,19,-26,0,1,PASS,1,1,72,0,816,0,2026-03-24T15:05:57Z,2026-03-24
e2a77df87fbf97c1_817,e2a77df87fbf97c1,GAL-LOT-02,GAL-LOT,GOLD8BAR,18,-26,0,1,PASS,1,1,72,0,817,0,2026-03-24T15:05:57Z,2026-03-24
e2a77df87fbf97c1_818,e2a77df87fbf97c1,GAL-LOT-02,GAL-LOT,GOLD8BAR,17,-26,0,1,PASS,1,1,72,0,818,0,2026-03-24T15:05:57Z,2026-03-24
e2a77df87fbf97c1_819,e2a77df87fbf97c1,GAL-LOT-02,GAL-LOT,GOLD8BAR,16,-26,0,1,PASS,1,1,72,0,819,0,2026-03-24T15:05:57Z,2026-03-24
e2a77df87fbf97c1_820,e2a77df87fbf97c1,GAL-LOT-02,GAL-LOT,GOLD8BAR,15,-26,0,1,FAIL,2,2,53,0,820,0,2026-03-24T15:05:57Z,2026-03-24
e2a77df87fbf97c1_821,e2a77df87fbf97c1,GAL-LOT-02,GAL-LOT,GOLD8BAR,14,-26,0,1,PASS,1,1,74,0,821,0,2026-03-24T15:05:57Z,2026-03-24
e2a77df87fbf97c1_822,e2a77df87fbf97c1,GAL-LOT-02,GAL-LOT,GOLD8BAR,13,-26,0,1,PASS,1,1,72,0,822,0,2026-03-24T15:05:57Z,2026-03-24
e2a77df87fbf97c1_823,e2a77df87fbf97c1,GAL-LOT-02,GAL-LOT,GOLD8BAR,12,-26,0,1,PASS,1,1,72,0,823,0,2026-03-24T15:05:57Z,2026-03-24
e2a77df87fbf97c1_824,e2a77df87fbf97c1,GAL-LOT-02,GAL-LOT,GOLD8BAR,11,-26,0,1,PASS,1,1,72,0,824,0,2026-03-24T15:05:57Z,2026-03-24
e2a77df87fbf97c1_825,e2a77df87fbf97c1,GAL-LOT-02,GAL-LOT,GOLD8BAR,10,-26,0,1,PASS,1,1,72,0,825,0,2026-03-24T15:05:57Z,2026-03-24
e2a77df87fbf97c1_826,e2a77df87fbf97c1,GAL-LOT-02,GAL-LOT,GOLD8BAR,9,-26,0,1,PASS,1,1,72,0,826,0,2026-03-24T15:05:57Z,2026-03-24
e2a77df87fbf97c1_827,e2a77df87fbf97c1,GAL-LOT-02,GAL-LOT,GOLD8BAR,8,-26,0,1,PASS,1,1,74,0,827,0,2026-03-24T15:05:57Z,2026-03-24
e2a77df87fbf97c1_828,e2a77df87fbf97c1,GAL-LOT-02,GAL-LOT,GOLD8BAR,7,-26,0,1,PASS,1,1,72,0,828,0,2026-03-24T15:05:57Z,2026-03-24
e2a77df87fbf97c1_829,e2a77df87fbf97c1,GAL-LOT-02,GAL-LOT,GOLD8BAR,6,-26,0,1,PASS,1,1,72,0,829,0,2026-03-24T15:05:57Z,2026-03-24
e2a77df87fbf97c1_830,e2a77df87fbf97c1,GAL-LOT-02,GAL-LOT,GOLD8BAR,5,-26,0,1,PASS,1,1,72,0,830,0,2026-03-24T15:05:57Z,2026-03-24
e2a77df87fbf97c1_831,e2a77df87fbf97c1,GAL-LOT-02,GAL-LOT,GOLD8BAR,4,-26,0,1,PASS,1,1,72,0,831,0,2026-03-24T15:05:57Z,2026-03-24
e2a77df87fbf97c1_832,e2a77df87fbf97c1,GAL-LOT-02,GAL-LOT,GOLD8BAR,4,-27,0,1,PASS,1,1,72,0,832,0,2026-03-24T15:05:57Z,2026-03-24
e2a77df87fbf97c1_833,e2a77df87fbf97c1,GAL-LOT-02,GAL-LOT,GOLD8BAR,5,-27,0,1,PASS,1,1,74,0,833,0,2026-03-24T15:05:57Z,2026-03-24
e2a77df87fbf97c1_834,e2a77df87fbf97c1,GAL-LOT-02,GAL-LOT,GOLD8BAR,6,-27,0,1,PASS,1,1,72,0,834,0,2026-03-24T15:05:57Z,2026-03-24
e2a77df87fbf97c1_835,e2a77df87fbf97c1,GAL-LOT-02,GAL-LOT,GOLD8BAR,7,-27,0,1,PASS,1,1,72,0,835,0,2026-03-24T15:05:57Z,2026-03-24
e2a77df87fbf97c1_836,e2a77df87fbf97c1,GAL-LOT-02,GAL-LOT,GOLD8BAR,8,-27,0,1,FAIL,8,8,29,0,836,0,2026-03-24T15:05:57Z,2026-03-24
e2a77df87fbf97c1_837,e2a77df87fbf97c1,GAL-LOT-02,GAL-LOT,GOLD8BAR,9,-27,0,1,PASS,1,1,74,0,837,0,2026-03-24T15:05:57Z,2026-03-24
e2a77df87fbf97c1_838,e2a77df87fbf97c1,GAL-LOT-02,GAL-LOT,GOLD8BAR,10,-27,0,1,PASS,1,1,72,0,838,0,2026-03-24T15:05:57Z,2026-03-24
e2a77df87fbf97c1_839,e2a77df87fbf97c1,GAL-LOT-02,GAL-LOT,GOLD8BAR,11,-27,0,1,PASS,1,1,72,0,839,0,2026-03-24T15:05:57Z,2026-03-24
e2a77df87fbf97c1_840,e2a77df87fbf97c1,GAL-LOT-02,GAL-LOT,GOLD8BAR,12,-27,0,1,PASS,1,1,72,0,840,0,2026-03-24T15:05:57Z,2026-03-24
e2a77df87fbf97c1_841,e2a77df87fbf97c1,GAL-LOT-02,GAL-LOT,GOLD8BAR,13,-27,0,1,PASS,1,1,72,0,841,0,2026-03-24T15:05:57Z,2026-03-24
e2a77df87fbf97c1_842,e2a77df87fbf97c1,GAL-LOT-02,GAL-LOT,GOLD8BAR,14,-27,0,1,PASS,1,1,72,0,842,0,2026-03-24T15:05:57Z,2026-03-24
e2a77df87fbf97c1_843,e2a77df87fbf97c1,GAL-LOT-02,GAL-LOT,GOLD8BAR,15,-27,0,1,PASS,1,1,74,0,843,0,2026-03-24T15:05:57Z,2026-03-24
e2a77df87fbf97c1_844,e2a77df87fbf97c1,GAL-LOT-02,GAL-LOT,GOLD8BAR,16,-27,0,1,PASS,1,1,72,0,844,0,2026-03-24T15:05:57Z,2026-03-24
e2a77df87fbf97c1_845,e2a77df87fbf97c1,GAL-LOT-02,GAL-LOT,GOLD8BAR,17,-27,0,1,PASS,1,1,72,0,845,0,2026-03-24T15:05:57Z,2026-03-24
e2a77df87fbf97c1_846,e2a77df87fbf97c1,GAL-LOT-02,GAL-LOT,GOLD8BAR,18,-27,0,1,PASS,1,1,72,0,846,0,2026-03-24T15:05:57Z,2026-03-24
e2a77df87fbf97c1_847,e2a77df87fbf97c1,GAL-LOT-02,GAL-LOT,GOLD8BAR,19,-27,0,1,PASS,1,1,72,0,847,0,2026-03-24T15:05:57Z,2026-03-24
e2a77df87fbf97c1_848,e2a77df87fbf97c1,GAL-LOT-02,GAL-LOT,GOLD8BAR,20,-27,0,1,PASS,1,1,54,0,848,0,2026-03-24T15:05:57Z,2026-03-24
e2a77df87fbf97c1_849,e2a77df87fbf97c1,GAL-LOT-02,GAL-LOT,GOLD8BAR,21,-27,0,1,PASS,1,1,74,0,849,0,2026-03-24T15:05:57Z,2026-03-24
e2a77df87fbf97c1_850,e2a77df87fbf97c1,GAL-LOT-02,GAL-LOT,GOLD8BAR,22,-27,0,1,PASS,1,1,72,0,850,0,2026-03-24T15:05:57Z,2026-03-24
e2a77df87fbf97c1_851,e2a77df87fbf97c1,GAL-LOT-02,GAL-LOT,GOLD8BAR,23,-27,0,1,PASS,1,1,72,0,851,0,2026-03-24T15:05:57Z,2026-03-24
e2a77df87fbf97c1_852,e2a77df87fbf97c1,GAL-LOT-02,GAL-LOT,GOLD8BAR,24,-27,0,1,PASS,1,1,72,0,852,0,2026-03-24T15:05:57Z,2026-03-24
e2a77df87fbf97c1_853,e2a77df87fbf97c1,GAL-LOT-02,GAL-LOT,GOLD8BAR,25,-27,0,1,PASS,1,1,72,0,853,0,2026-03-24T15:05:57Z,2026-03-24
e2a77df87fbf97c1_854,e2a77df87fbf97c1,GAL-LOT-02,GAL-LOT,GOLD8BAR,26,-27,0,1,PASS,1,1,72,0,854,0,2026-03-24T15:05:57Z,2026-03-24
e2a77df87fbf97c1_855,e2a77df87fbf97c1,GAL-LOT-02,GAL-LOT,GOLD8BAR,27,-27,0,1,PASS,1,1,74,0,855,0,2026-03-24T15:05:57Z,2026-03-24
e2a77df87fbf97c1_856,e2a77df87fbf97c1,GAL-LOT-02,GAL-LOT,GOLD8BAR,28,-27,0,1,PASS,1,1,72,0,856,0,2026-03-24T15:05:57Z,2026-03-24
e2a77df87fbf97c1_857,e2a77df87fbf97c1,GAL-LOT-02,GAL-LOT,GOLD8BAR,29,-27,0,1,PASS,1,1,72,0,857,0,2026-03-24T15:05:57Z,2026-03-24
e2a77df87fbf97c1_858,e2a77df87fbf97c1,GAL-LOT-02,GAL-LOT,GOLD8BAR,30,-27,0,1,PASS,1,1,72,0,858,0,2026-03-24T15:05:57Z,2026-03-24
e2a77df87fbf97c1_859,e2a77df87fbf97c1,GAL-LOT-02,GAL-LOT,GOLD8BAR,31,-27,0,1,PASS,1,1,72,0,859,0,2026-03-24T15:05:57Z,2026-03-24
e2a77df87fbf97c1_860,e2a77df87fbf97c1,GAL-LOT-02,GAL-LOT,GOLD8BAR,32,-27,0,1,PASS,1,1,72,0,860,0,2026-03-24T15:05:57Z,2026-03-24
e2a77df87fbf97c1_861,e2a77df87fbf97c1,GAL-LOT-02,GAL-LOT,GOLD8BAR,33,-27,0,1,PASS,1,1,74,0,861,0,2026-03-24T15:05:57Z,2026-03-24
e2a77df87fbf97c1_862,e2a77df87fbf97c1,GAL-LOT-02,GAL-LOT,GOLD8BAR,34,-27,0,1,PASS,1,1,54,0,862,0,2026-03-24T15:05:57Z,2026-03-24
e2a77df87fbf97c1_863,e2a77df87fbf97c1,GAL-LOT-02,GAL-LOT,GOLD8BAR,35,-27,0,1,PASS,1,1,54,0,863,0,2026-03-24T15:05:57Z,2026-03-24
e2a77df87fbf97c1_864,e2a77df87fbf97c1,GAL-LOT-02,GAL-LOT,GOLD8BAR,36,-27,0,1,PASS,1,1,72,0,864,0,2026-03-24T15:05:57Z,2026-03-24
e2a77df87fbf97c1_865,e2a77df87fbf97c1,GAL-LOT-02,GAL-LOT,GOLD8BAR,37,-27,0,1,PASS,1,1,72,0,865,0,2026-03-24T15:05:57Z,2026-03-24
e2a77df87fbf97c1_866,e2a77df87fbf97c1,GAL-LOT-02,GAL-LOT,GOLD8BAR,38,-27,0,1,PASS,1,1,72,0,866,0,2026-03-24T15:05:57Z,2026-03-24
e2a77df87fbf97c1_867,e2a77df87fbf97c1,GAL-LOT-02,GAL-LOT,GOLD8BAR,39,-27,0,1,PASS,1,1,56,0,867,0,2026-03-24T15:05:57Z,2026-03-24
e2a77df87fbf97c1_868,e2a77df87fbf97c1,GAL-LOT-02,GAL-LOT,GOLD8BAR,40,-27,0,1,PASS,1,1,72,0,868,0,2026-03-24T15:05:57Z,2026-03-24
e2a77df87fbf97c1_869,e2a77df87fbf97c1,GAL-LOT-02,GAL-LOT,GOLD8BAR,41,-27,0,1,PASS,1,1,72,0,869,0,2026-03-24T15:05:57Z,2026-03-24
e2a77df87fbf97c1_870,e2a77df87fbf97c1,GAL-LOT-02,GAL-LOT,GOLD8BAR,42,-27,0,1,PASS,1,1,72,0,870,0,2026-03-24T15:05:57Z,2026-03-24
e2a77df87fbf97c1_871,e2a77df87fbf97c1,GAL-LOT-02,GAL-LOT,GOLD8BAR,43,-27,0,1,PASS,1,1,72,0,871,0,2026-03-24T15:05:57Z,2026-03-24
e2a77df87fbf97c1_872,e2a77df87fbf97c1,GAL-LOT-02,GAL-LOT,GOLD8BAR,44,-27,0,1,PASS,1,1,72,0,872,0,2026-03-24T15:05:57Z,2026-03-24
e2a77df87fbf97c1_873,e2a77df87fbf97c1,GAL-LOT-02,GAL-LOT,GOLD8BAR,45,-27,0,1,FAIL,7,7,41,0,873,0,2026-03-24T15:05:57Z,2026-03-24
e2a77df87fbf97c1_874,e2a77df87fbf97c1,GAL-LOT-02,GAL-LOT,GOLD8BAR,45,-28,0,1,PASS,1,1,74,0,874,0,2026-03-24T15:05:57Z,2026-03-24
e2a77df87fbf97c1_875,e2a77df87fbf97c1,GAL-LOT-02,GAL-LOT,GOLD8BAR,44,-28,0,1,PASS,1,1,72,0,875,0,2026-03-24T15:05:57Z,2026-03-24
e2a77df87fbf97c1_876,e2a77df87fbf97c1,GAL-LOT-02,GAL-LOT,GOLD8BAR,43,-28,0,1,PASS,1,1,54,0,876,0,2026-03-24T15:05:57Z,2026-03-24
e2a77df87fbf97c1_877,e2a77df87fbf97c1,GAL-LOT-02,GAL-LOT,GOLD8BAR,42,-28,0,1,PASS,1,1,72,0,877,0,2026-03-24T15:05:57Z,2026-03-24
e2a77df87fbf97c1_878,e2a77df87fbf97c1,GAL-LOT-02,GAL-LOT,GOLD8BAR,41,-28,0,1,PASS,1,1,72,0,878,0,2026-03-24T15:05:57Z,2026-03-24
e2a77df87fbf97c1_879,e2a77df87fbf97c1,GAL-LOT-02,GAL-LOT,GOLD8BAR,40,-28,0,1,PASS,1,1,72,0,879,0,2026-03-24T15:05:57Z,2026-03-24
e2a77df87fbf97c1_880,e2a77df87fbf97c1,GAL-LOT-02,GAL-LOT,GOLD8BAR,39,-28,0,1,PASS,1,1,74,0,880,0,2026-03-24T15:05:57Z,2026-03-24
e2a77df87fbf97c1_881,e2a77df87fbf97c1,GAL-LOT-02,GAL-LOT,GOLD8BAR,38,-28,0,1,PASS,1,1,72,0,881,0,2026-03-24T15:05:57Z,2026-03-24
e2a77df87fbf97c1_882,e2a77df87fbf97c1,GAL-LOT-02,GAL-LOT,GOLD8BAR,37,-28,0,1,PASS,1,1,72,0,882,0,2026-03-24T15:05:57Z,2026-03-24
e2a77df87fbf97c1_883,e2a77df87fbf97c1,GAL-LOT-02,GAL-LOT,GOLD8BAR,36,-28,0,1,PASS,1,1,72,0,883,0,2026-03-24T15:05:57Z,2026-03-24
e2a77df87fbf97c1_884,e2a77df87fbf97c1,GAL-LOT-02,GAL-LOT,GOLD8BAR,35,-28,0,1,PASS,1,1,72,0,884,0,2026-03-24T15:05:57Z,2026-03-24
e2a77df87fbf97c1_885,e2a77df87fbf97c1,GAL-LOT-02,GAL-LOT,GOLD8BAR,34,-28,0,1,PASS,1,1,72,0,885,0,2026-03-24T15:05:57Z,2026-03-24
e2a77df87fbf97c1_886,e2a77df87fbf97c1,GAL-LOT-02,GAL-LOT,GOLD8BAR,33,-28,0,1,PASS,1,1,74,0,886,0,2026-03-24T15:05:57Z,2026-03-24
e2a77df87fbf97c1_887,e2a77df87fbf97c1,GAL-LOT-02,GAL-LOT,GOLD8BAR,32,-28,0,1,PASS,1,1,72,0,887,0,2026-03-24T15:05:57Z,2026-03-24
e2a77df87fbf97c1_888,e2a77df87fbf97c1,GAL-LOT-02,GAL-LOT,GOLD8BAR,31,-28,0,1,PASS,1,1,72,0,888,0,2026-03-24T15:05:57Z,2026-03-24
e2a77df87fbf97c1_889,e2a77df87fbf97c1,GAL-LOT-02,GAL-LOT,GOLD8BAR,30,-28,0,1,PASS,1,1,72,0,889,0,2026-03-24T15:05:57Z,2026-03-24
e2a77df87fbf97c1_890,e2a77df87fbf97c1,GAL-LOT-02,GAL-LOT,GOLD8BAR,29,-28,0,1,PASS,1,1,72,0,890,0,2026-03-24T15:05:57Z,2026-03-24
e2a77df87fbf97c1_891,e2a77df87fbf97c1,GAL-LOT-02,GAL-LOT,GOLD8BAR,28,-28,0,1,FAIL,20,20,44,0,891,0,2026-03-24T15:05:57Z,2026-03-24
e2a77df87fbf97c1_892,e2a77df87fbf97c1,GAL-LOT-02,GAL-LOT,GOLD8BAR,27,-28,0,1,PASS,1,1,56,0,892,0,2026-03-24T15:05:57Z,2026-03-24
e2a77df87fbf97c1_893,e2a77df87fbf97c1,GAL-LOT-02,GAL-LOT,GOLD8BAR,26,-28,0,1,PASS,1,1,72,0,893,0,2026-03-24T15:05:57Z,2026-03-24
e2a77df87fbf97c1_894,e2a77df87fbf97c1,GAL-LOT-02,GAL-LOT,GOLD8BAR,25,-28,0,1,PASS,1,1,72,0,894,0,2026-03-24T15:05:57Z,2026-03-24
e2a77df87fbf97c1_895,e2a77df87fbf97c1,GAL-LOT-02,GAL-LOT,GOLD8BAR,24,-28,0,1,PASS,1,1,72,0,895,0,2026-03-24T15:05:57Z,2026-03-24
e2a77df87fbf97c1_896,e2a77df87fbf97c1,GAL-LOT-02,GAL-LOT,GOLD8BAR,23,-28,0,1,PASS,1,1,72,0,896,0,2026-03-24T15:05:57Z,2026-03-24
e2a77df87fbf97c1_897,e2a77df87fbf97c1,GAL-LOT-02,GAL-LOT,GOLD8BAR,22,-28,0,1,PASS,1,1,72,0,897,0,2026-03-24T15:05:57Z,2026-03-24
e2a77df87fbf97c1_898,e2a77df87fbf97c1,GAL-LOT-02,GAL-LOT,GOLD8BAR,21,-28,0,1,PASS,1,1,74,0,898,0,2026-03-24T15:05:57Z,2026-03-24
e2a77df87fbf97c1_899,e2a77df87fbf97c1,GAL-LOT-02,GAL-LOT,GOLD8BAR,20,-28,0,1,PASS,1,1,72,0,899,0,2026-03-24T15:05:57Z,2026-03-24
e2a77df87fbf97c1_900,e2a77df87fbf97c1,GAL-LOT-02,GAL-LOT,GOLD8BAR,19,-28,0,1,PASS,1,1,72,0,900,0,2026-03-24T15:05:57Z,2026-03-24
e2a77df87fbf97c1_901,e2a77df87fbf97c1,GAL-LOT-02,GAL-LOT,GOLD8BAR,18,-28,0,1,PASS,1,1,72,0,901,0,2026-03-24T15:05:57Z,2026-03-24
e2a77df87fbf97c1_902,e2a77df87fbf97c1,GAL-LOT-02,GAL-LOT,GOLD8BAR,17,-28,0,1,PASS,1,1,72,0,902,0,2026-03-24T15:05:57Z,2026-03-24
e2a77df87fbf97c1_903,e2a77df87fbf97c1,GAL-LOT-02,GAL-LOT,GOLD8BAR,16,-28,0,1,PASS,1,1,72,0,903,0,2026-03-24T15:05:57Z,2026-03-24
e2a77df87fbf97c1_904,e2a77df87fbf97c1,GAL-LOT-02,GAL-LOT,GOLD8BAR,15,-28,0,1,PASS,1,1,74,0,904,0,2026-03-24T15:05:57Z,2026-03-24
e2a77df87fbf97c1_905,e2a77df87fbf97c1,GAL-LOT-02,GAL-LOT,GOLD8BAR,14,-28,0,1,PASS,1,1,72,0,905,0,2026-03-24T15:05:57Z,2026-03-24
e2a77df87fbf97c1_906,e2a77df87fbf97c1,GAL-LOT-02,GAL-LOT,GOLD8BAR,13,-28,0,1,PASS,1,1,72,0,906,0,2026-03-24T15:05:57Z,2026-03-24
e2a77df87fbf97c1_907,e2a77df87fbf97c1,GAL-LOT-02,GAL-LOT,GOLD8BAR,12,-28,0,1,PASS,1,1,72,0,907,0,2026-03-24T15:05:57Z,2026-03-24
e2a77df87fbf97c1_908,e2a77df87fbf97c1,GAL-LOT-02,GAL-LOT,GOLD8BAR,11,-28,0,1,PASS,1,1,72,0,908,0,2026-03-24T15:05:57Z,2026-03-24
e2a77df87fbf97c1_909,e2a77df87fbf97c1,GAL-LOT-02,GAL-LOT,GOLD8BAR,10,-28,0,1,PASS,1,1,72,0,909,0,2026-03-24T15:05:57Z,2026-03-24
e2a77df87fbf97c1_910,e2a77df87fbf97c1,GAL-LOT-02,GAL-LOT,GOLD8BAR,9,-28,0,1,PASS,1,1,74,0,910,0,2026-03-24T15:05:57Z,2026-03-24
e2a77df87fbf97c1_911,e2a77df87fbf97c1,GAL-LOT-02,GAL-LOT,GOLD8BAR,8,-28,0,1,PASS,1,1,72,0,911,0,2026-03-24T15:05:57Z,2026-03-24
e2a77df87fbf97c1_912,e2a77df87fbf97c1,GAL-LOT-02,GAL-LOT,GOLD8BAR,7,-28,0,1,PASS,1,1,72,0,912,0,2026-03-24T15:05:57Z,2026-03-24
e2a77df87fbf97c1_913,e2a77df87fbf97c1,GAL-LOT-02,GAL-LOT,GOLD8BAR,6,-28,0,1,FAIL,8,8,32,0,913,0,2026-03-24T15:05:57Z,2026-03-24
e2a77df87fbf97c1_914,e2a77df87fbf97c1,GAL-LOT-02,GAL-LOT,GOLD8BAR,5,-28,0,1,PASS,1,1,74,0,914,0,2026-03-24T15:05:57Z,2026-03-24
e2a77df87fbf97c1_915,e2a77df87fbf97c1,GAL-LOT-02,GAL-LOT,GOLD8BAR,4,-28,0,1,PASS,1,1,72,0,915,0,2026-03-24T15:05:57Z,2026-03-24
e2a77df87fbf97c1_916,e2a77df87fbf97c1,GAL-LOT-02,GAL-LOT,GOLD8BAR,4,-29,0,1,PASS,1,1,72,0,916,0,2026-03-24T15:05:57Z,2026-03-24
e2a77df87fbf97c1_917,e2a77df87fbf97c1,GAL-LOT-02,GAL-LOT,GOLD8BAR,5,-29,0,1,PASS,1,1,72,0,917,0,2026-03-24T15:05:57Z,2026-03-24
e2a77df87fbf97c1_918,e2a77df87fbf97c1,GAL-LOT-02,GAL-LOT,GOLD8BAR,6,-29,0,1,PASS,1,1,72,0,918,0,2026-03-24T15:05:57Z,2026-03-24
e2a77df87fbf97c1_919,e2a77df87fbf97c1,GAL-LOT-02,GAL-LOT,GOLD8BAR,7,-29,0,1,PASS,1,1,72,0,919,0,2026-03-24T15:05:57Z,2026-03-24
e2a77df87fbf97c1_920,e2a77df87fbf97c1,GAL-LOT-02,GAL-LOT,GOLD8BAR,8,-29,0,1,PASS,1,1,74,0,920,0,2026-03-24T15:05:57Z,2026-03-24
e2a77df87fbf97c1_921,e2a77df87fbf97c1,GAL-LOT-02,GAL-LOT,GOLD8BAR,9,-29,0,1,PASS,1,1,72,0,921,0,2026-03-24T15:05:57Z,2026-03-24
e2a77df87fbf97c1_922,e2a77df87fbf97c1,GAL-LOT-02,GAL-LOT,GOLD8BAR,10,-29,0,1,PASS,1,1,72,0,922,0,2026-03-24T15:05:57Z,2026-03-24
e2a77df87fbf97c1_923,e2a77df87fbf97c1,GAL-LOT-02,GAL-LOT,GOLD8BAR,11,-29,0,1,PASS,1,1,72,0,923,0,2026-03-24T15:05:57Z,2026-03-24
e2a77df87fbf97c1_924,e2a77df87fbf97c1,GAL-LOT-02,GAL-LOT,GOLD8BAR,12,-29,0,1,PASS,1,1,72,0,924,0,2026-03-24T15:05:57Z,2026-03-24
e2a77df87fbf97c1_925,e2a77df87fbf97c1,GAL-LOT-02,GAL-LOT,GOLD8BAR,13,-29,0,1,PASS,1,1,72,0,925,0,2026-03-24T15:05:57Z,2026-03-24
e2a77df87fbf97c1_926,e2a77df87fbf97c1,GAL-LOT-02,GAL-LOT,GOLD8BAR,14,-29,0,1,PASS,1,1,74,0,926,0,2026-03-24T15:05:57Z,2026-03-24
e2a77df87fbf97c1_927,e2a77df87fbf97c1,GAL-LOT-02,GAL-LOT,GOLD8BAR,15,-29,0,1,PASS,1,1,72,0,927,0,2026-03-24T15:05:57Z,2026-03-24
e2a77df87fbf97c1_928,e2a77df87fbf97c1,GAL-LOT-02,GAL-LOT,GOLD8BAR,16,-29,0,1,PASS,1,1,72,0,928,0,2026-03-24T15:05:57Z,2026-03-24
e2a77df87fbf97c1_929,e2a77df87fbf97c1,GAL-LOT-02,GAL-LOT,GOLD8BAR,17,-29,0,1,PASS,1,1,72,0,929,0,2026-03-24T15:05:57Z,2026-03-24
e2a77df87fbf97c1_930,e2a77df87fbf97c1,GAL-LOT-02,GAL-LOT,GOLD8BAR,18,-29,0,1,PASS,1,1,72,0,930,0,2026-03-24T15:05:57Z,2026-03-24
e2a77df87fbf97c1_931,e2a77df87fbf97c1,GAL-LOT-02,GAL-LOT,GOLD8BAR,19,-29,0,1,PASS,1,1,72,0,931,0,2026-03-24T15:05:57Z,2026-03-24
e2a77df87fbf97c1_932,e2a77df87fbf97c1,GAL-LOT-02,GAL-LOT,GOLD8BAR,20,-29,0,1,PASS,1,1,74,0,932,0,2026-03-24T15:05:57Z,2026-03-24
e2a77df87fbf97c1_933,e2a77df87fbf97c1,GAL-LOT-02,GAL-LOT,GOLD8BAR,21,-29,0,1,PASS,1,1,72,0,933,0,2026-03-24T15:05:57Z,2026-03-24
e2a77df87fbf97c1_934,e2a77df87fbf97c1,GAL-LOT-02,GAL-LOT,GOLD8BAR,22,-29,0,1,PASS,1,1,72,0,934,0,2026-03-24T15:05:57Z,2026-03-24
e2a77df87fbf97c1_935,e2a77df87fbf97c1,GAL-LOT-02,GAL-LOT,GOLD8BAR,23,-29,0,1,PASS,1,1,72,0,935,0,2026-03-24T15:05:57Z,2026-03-24
e2a77df87fbf97c1_936,e2a77df87fbf97c1,GAL-LOT-02,GAL-LOT,GOLD8BAR,24,-29,0,1,PASS,1,1,54,0,936,0,2026-03-24T15:05:57Z,2026-03-24
e2a77df87fbf97c1_937,e2a77df87fbf97c1,GAL-LOT-02,GAL-LOT,GOLD8BAR,25,-29,0,1,PASS,1,1,72,0,937,0,2026-03-24T15:05:57Z,2026-03-24
e2a77df87fbf97c1_938,e2a77df87fbf97c1,GAL-LOT-02,GAL-LOT,GOLD8BAR,26,-29,0,1,PASS,1,1,74,0,938,0,2026-03-24T15:05:57Z,2026-03-24
e2a77df87fbf97c1_939,e2a77df87fbf97c1,GAL-LOT-02,GAL-LOT,GOLD8BAR,27,-29,0,1,PASS,1,1,72,0,939,0,2026-03-24T15:05:57Z,2026-03-24
e2a77df87fbf97c1_940,e2a77df87fbf97c1,GAL-LOT-02,GAL-LOT,GOLD8BAR,28,-29,0,1,PASS,1,1,72,0,940,0,2026-03-24T15:05:57Z,2026-03-24
e2a77df87fbf97c1_941,e2a77df87fbf97c1,GAL-LOT-02,GAL-LOT,GOLD8BAR,29,-29,0,1,FAIL,8,8,32,0,941,0,2026-03-24T15:05:57Z,2026-03-24
e2a77df87fbf97c1_942,e2a77df87fbf97c1,GAL-LOT-02,GAL-LOT,GOLD8BAR,30,-29,0,1,FAIL,8,8,29,0,942,0,2026-03-24T15:05:57Z,2026-03-24
e2a77df87fbf97c1_943,e2a77df87fbf97c1,GAL-LOT-02,GAL-LOT,GOLD8BAR,31,-29,0,1,PASS,1,1,74,0,943,0,2026-03-24T15:05:57Z,2026-03-24
e2a77df87fbf97c1_944,e2a77df87fbf97c1,GAL-LOT-02,GAL-LOT,GOLD8BAR,32,-29,0,1,PASS,1,1,72,0,944,0,2026-03-24T15:05:57Z,2026-03-24
e2a77df87fbf97c1_945,e2a77df87fbf97c1,GAL-LOT-02,GAL-LOT,GOLD8BAR,33,-29,0,1,PASS,1,1,72,0,945,0,2026-03-24T15:05:57Z,2026-03-24
e2a77df87fbf97c1_946,e2a77df87fbf97c1,GAL-LOT-02,GAL-LOT,GOLD8BAR,34,-29,0,1,PASS,1,1,72,0,946,0,2026-03-24T15:05:57Z,2026-03-24
e2a77df87fbf97c1_947,e2a77df87fbf97c1,GAL-LOT-02,GAL-LOT,GOLD8BAR,35,-29,0,1,PASS,1,1,72,0,947,0,2026-03-24T15:05:57Z,2026-03-24
e2a77df87fbf97c1_948,e2a77df87fbf97c1,GAL-LOT-02,GAL-LOT,GOLD8BAR,36,-29,0,1,PASS,1,1,72,0,948,0,2026-03-24T15:05:57Z,2026-03-24
e2a77df87fbf97c1_949,e2a77df87fbf97c1,GAL-LOT-02,GAL-LOT,GOLD8BAR,37,-29,0,1,PASS,1,1,74,0,949,0,2026-03-24T15:05:57Z,2026-03-24
e2a77df87fbf97c1_950,e2a77df87fbf97c1,GAL-LOT-02,GAL-LOT,GOLD8BAR,38,-29,0,1,PASS,1,1,72,0,950,0,2026-03-24T15:05:57Z,2026-03-24
e2a77df87fbf97c1_951,e2a77df87fbf97c1,GAL-LOT-02,GAL-LOT,GOLD8BAR,39,-29,0,1,PASS,1,1,72,0,951,0,2026-03-24T15:05:57Z,2026-03-24
e2a77df87fbf97c1_952,e2a77df87fbf97c1,GAL-LOT-02,GAL-LOT,GOLD8BAR,40,-29,0,1,PASS,1,1,54,0,952,0,2026-03-24T15:05:57Z,2026-03-24
e2a77df87fbf97c1_953,e2a77df87fbf97c1,GAL-LOT-02,GAL-LOT,GOLD8BAR,41,-29,0,1,PASS,1,1,72,0,953,0,2026-03-24T15:05:57Z,2026-03-24
e2a77df87fbf97c1_954,e2a77df87fbf97c1,GAL-LOT-02,GAL-LOT,GOLD8BAR,42,-29,0,1,PASS,1,1,54,0,954,0,2026-03-24T15:05:57Z,2026-03-24
e2a77df87fbf97c1_955,e2a77df87fbf97c1,GAL-LOT-02,GAL-LOT,GOLD8BAR,43,-29,0,1,PASS,1,1,74,0,955,0,2026-03-24T15:05:57Z,2026-03-24
e2a77df87fbf97c1_956,e2a77df87fbf97c1,GAL-LOT-02,GAL-LOT,GOLD8BAR,44,-29,0,1,PASS,1,1,54,0,956,0,2026-03-24T15:05:57Z,2026-03-24
e2a77df87fbf97c1_957,e2a77df87fbf97c1,GAL-LOT-02,GAL-LOT,GOLD8BAR,45,-29,0,1,PASS,1,1,72,0,957,0,2026-03-24T15:05:57Z,2026-03-24
e2a77df87fbf97c1_958,e2a77df87fbf97c1,GAL-LOT-02,GAL-LOT,GOLD8BAR,45,-30,0,1,PASS,1,1,72,0,958,0,2026-03-24T15:05:57Z,2026-03-24
e2a77df87fbf97c1_959,e2a77df87fbf97c1,GAL-LOT-02,GAL-LOT,GOLD8BAR,44,-30,0,1,PASS,1,1,54,0,959,0,2026-03-24T15:05:57Z,2026-03-24
e2a77df87fbf97c1_960,e2a77df87fbf97c1,GAL-LOT-02,GAL-LOT,GOLD8BAR,43,-30,0,1,PASS,1,1,54,0,960,0,2026-03-24T15:05:57Z,2026-03-24
e2a77df87fbf97c1_961,e2a77df87fbf97c1,GAL-LOT-02,GAL-LOT,GOLD8BAR,42,-30,0,1,PASS,1,1,74,0,961,0,2026-03-24T15:05:57Z,2026-03-24
e2a77df87fbf97c1_962,e2a77df87fbf97c1,GAL-LOT-02,GAL-LOT,GOLD8BAR,41,-30,0,1,PASS,1,1,72,0,962,0,2026-03-24T15:05:57Z,2026-03-24
e2a77df87fbf97c1_963,e2a77df87fbf97c1,GAL-LOT-02,GAL-LOT,GOLD8BAR,40,-30,0,1,PASS,1,1,72,0,963,0,2026-03-24T15:05:57Z,2026-03-24
e2a77df87fbf97c1_964,e2a77df87fbf97c1,GAL-LOT-02,GAL-LOT,GOLD8BAR,39,-30,0,1,PASS,1,1,54,0,964,0,2026-03-24T15:05:57Z,2026-03-24
e2a77df87fbf97c1_965,e2a77df87fbf97c1,GAL-LOT-02,GAL-LOT,GOLD8BAR,38,-30,0,1,PASS,1,1,72,0,965,0,2026-03-24T15:05:57Z,2026-03-24
e2a77df87fbf97c1_966,e2a77df87fbf97c1,GAL-LOT-02,GAL-LOT,GOLD8BAR,37,-30,0,1,PASS,1,1,72,0,966,0,2026-03-24T15:05:57Z,2026-03-24
e2a77df87fbf97c1_967,e2a77df87fbf97c1,GAL-LOT-02,GAL-LOT,GOLD8BAR,36,-30,0,1,PASS,1,1,74,0,967,0,2026-03-24T15:05:57Z,2026-03-24
e2a77df87fbf97c1_968,e2a77df87fbf97c1,GAL-LOT-02,GAL-LOT,GOLD8BAR,35,-30,0,1,PASS,1,1,72,0,968,0,2026-03-24T15:05:57Z,2026-03-24
e2a77df87fbf97c1_969,e2a77df87fbf97c1,GAL-LOT-02,GAL-LOT,GOLD8BAR,34,-30,0,1,PASS,1,1,72,0,969,0,2026-03-24T15:05:57Z,2026-03-24
e2a77df87fbf97c1_970,e2a77df87fbf97c1,GAL-LOT-02,GAL-LOT,GOLD8BAR,33,-30,0,1,PASS,1,1,72,0,970,0,2026-03-24T15:05:57Z,2026-03-24
e2a77df87fbf97c1_971,e2a77df87fbf97c1,GAL-LOT-02,GAL-LOT,GOLD8BAR,32,-30,0,1,PASS,1,1,72,0,971,0,2026-03-24T15:05:57Z,2026-03-24
e2a77df87fbf97c1_972,e2a77df87fbf97c1,GAL-LOT-02,GAL-LOT,GOLD8BAR,31,-30,0,1,PASS,1,1,72,0,972,0,2026-03-24T15:05:57Z,2026-03-24
e2a77df87fbf97c1_973,e2a77df87fbf97c1,GAL-LOT-02,GAL-LOT,GOLD8BAR,30,-30,0,1,PASS,1,1,74,0,973,0,2026-03-24T15:05:57Z,2026-03-24
e2a77df87fbf97c1_974,e2a77df87fbf97c1,GAL-LOT-02,GAL-LOT,GOLD8BAR,29,-30,0,1,PASS,1,1,54,0,974,0,2026-03-24T15:05:57Z,2026-03-24
e2a77df87fbf97c1_975,e2a77df87fbf97c1,GAL-LOT-02,GAL-LOT,GOLD8BAR,28,-30,0,1,PASS,1,1,72,0,975,0,2026-03-24T15:05:57Z,2026-03-24
e2a77df87fbf97c1_976,e2a77df87fbf97c1,GAL-LOT-02,GAL-LOT,GOLD8BAR,27,-30,0,1,PASS,1,1,72,0,976,0,2026-03-24T15:05:57Z,2026-03-24
e2a77df87fbf97c1_977,e2a77df87fbf97c1,GAL-LOT-02,GAL-LOT,GOLD8BAR,26,-30,0,1,PASS,1,1,72,0,977,0,2026-03-24T15:05:57Z,2026-03-24
e2a77df87fbf97c1_978,e2a77df87fbf97c1,GAL-LOT-02,GAL-LOT,GOLD8BAR,25,-30,0,1,PASS,1,1,72,0,978,0,2026-03-24T15:05:57Z,2026-03-24
e2a77df87fbf97c1_979,e2a77df87fbf97c1,GAL-LOT-02,GAL-LOT,GOLD8BAR,24,-30,0,1,PASS,1,1,74,0,979,0,2026-03-24T15:05:57Z,2026-03-24
e2a77df87fbf97c1_980,e2a77df87fbf97c1,GAL-LOT-02,GAL-LOT,GOLD8BAR,23,-30,0,1,PASS,1,1,72,0,980,0,2026-03-24T15:05:57Z,2026-03-24
e2a77df87fbf97c1_981,e2a77df87fbf97c1,GAL-LOT-02,GAL-LOT,GOLD8BAR,22,-30,0,1,PASS,1,1,72,0,981,0,2026-03-24T15:05:57Z,2026-03-24
e2a77df87fbf97c1_982,e2a77df87fbf97c1,GAL-LOT-02,GAL-LOT,GOLD8BAR,21,-30,0,1,PASS,1,1,72,0,982,0,2026-03-24T15:05:57Z,2026-03-24
e2a77df87fbf97c1_983,e2a77df87fbf97c1,GAL-LOT-02,GAL-LOT,GOLD8BAR,20,-30,0,1,PASS,1,1,72,0,983,0,2026-03-24T15:05:57Z,2026-03-24
e2a77df87fbf97c1_984,e2a77df87fbf97c1,GAL-LOT-02,GAL-LOT,GOLD8BAR,19,-30,0,1,PASS,1,1,72,0,984,0,2026-03-24T15:05:57Z,2026-03-24
e2a77df87fbf97c1_985,e2a77df87fbf97c1,GAL-LOT-02,GAL-LOT,GOLD8BAR,18,-30,0,1,PASS,1,1,74,0,985,0,2026-03-24T15:05:57Z,2026-03-24
e2a77df87fbf97c1_986,e2a77df87fbf97c1,GAL-LOT-02,GAL-LOT,GOLD8BAR,17,-30,0,1,PASS,1,1,72,0,986,0,2026-03-24T15:05:57Z,2026-03-24
e2a77df87fbf97c1_987,e2a77df87fbf97c1,GAL-LOT-02,GAL-LOT,GOLD8BAR,16,-30,0,1,PASS,1,1,72,0,987,0,2026-03-24T15:05:57Z,2026-03-24
e2a77df87fbf97c1_988,e2a77df87fbf97c1,GAL-LOT-02,GAL-LOT,GOLD8BAR,15,-30,0,1,PASS,1,1,72,0,988,0,2026-03-24T15:05:57Z,2026-03-24
e2a77df87fbf97c1_989,e2a77df87fbf97c1,GAL-LOT-02,GAL-LOT,GOLD8BAR,14,-30,0,1,FAIL,8,8,32,0,989,0,2026-03-24T15:05:57Z,2026-03-24
e2a77df87fbf97c1_990,e2a77df87fbf97c1,GAL-LOT-02,GAL-LOT,GOLD8BAR,13,-30,0,1,PASS,1,1,74,0,990,0,2026-03-24T15:05:57Z,2026-03-24
e2a77df87fbf97c1_991,e2a77df87fbf97c1,GAL-LOT-02,GAL-LOT,GOLD8BAR,12,-30,0,1,PASS,1,1,72,0,991,0,2026-03-24T15:05:57Z,2026-03-24
e2a77df87fbf97c1_992,e2a77df87fbf97c1,GAL-LOT-02,GAL-LOT,GOLD8BAR,11,-30,0,1,PASS,1,1,72,0,992,0,2026-03-24T15:05:57Z,2026-03-24
e2a77df87fbf97c1_993,e2a77df87fbf97c1,GAL-LOT-02,GAL-LOT,GOLD8BAR,10,-30,0,1,FAIL,20,20,62,0,993,0,2026-03-24T15:05:57Z,2026-03-24
e2a77df87fbf97c1_994,e2a77df87fbf97c1,GAL-LOT-02,GAL-LOT,GOLD8BAR,9,-30,0,1,PASS,1,1,74,0,994,0,2026-03-24T15:05:57Z,2026-03-24
e2a77df87fbf97c1_995,e2a77df87fbf97c1,GAL-LOT-02,GAL-LOT,GOLD8BAR,8,-30,0,1,FAIL,8,8,32,0,995,0,2026-03-24T15:05:57Z,2026-03-24
e2a77df87fbf97c1_996,e2a77df87fbf97c1,GAL-LOT-02,GAL-LOT,GOLD8BAR,7,-30,0,1,PASS,1,1,74,0,996,0,2026-03-24T15:05:57Z,2026-03-24
e2a77df87fbf97c1_997,e2a77df87fbf97c1,GAL-LOT-02,GAL-LOT,GOLD8BAR,6,-30,0,1,PASS,1,1,72,0,997,0,2026-03-24T15:05:57Z,2026-03-24
e2a77df87fbf97c1_998,e2a77df87fbf97c1,GAL-LOT-02,GAL-LOT,GOLD8BAR,5,-30,0,1,PASS,1,1,72,0,998,0,2026-03-24T15:05:57Z,2026-03-24
e2a77df87fbf97c1_999,e2a77df87fbf97c1,GAL-LOT-02,GAL-LOT,GOLD8BAR,4,-30,0,1,PASS,1,1,72,0,999,0,2026-03-24T15:05:57Z,2026-03-24
e2a77df87fbf97c1_1000,e2a77df87fbf97c1,GAL-LOT-02,GAL-LOT,GOLD8BAR,5,-31,0,1,PASS,1,1,72,0,1000,0,2026-03-24T15:05:57Z,2026-03-24
e2a77df87fbf97c1_1001,e2a77df87fbf97c1,GAL-LOT-02,GAL-LOT,GOLD8BAR,6,-31,0,1,PASS,1,1,72,0,1001,0,2026-03-24T15:05:57Z,2026-03-24
e2a77df87fbf97c1_1002,e2a77df87fbf97c1,GAL-LOT-02,GAL-LOT,GOLD8BAR,7,-31,0,1,PASS,1,1,74,0,1002,0,2026-03-24T15:05:57Z,2026-03-24
e2a77df87fbf97c1_1003,e2a77df87fbf97c1,GAL-LOT-02,GAL-LOT,GOLD8BAR,8,-31,0,1,FAIL,8,8,32,0,1003,0,2026-03-24T15:05:57Z,2026-03-24
e2a77df87fbf97c1_1004,e2a77df87fbf97c1,GAL-LOT-02,GAL-LOT,GOLD8BAR,9,-31,0,1,PASS,1,1,74,0,1004,0,2026-03-24T15:05:57Z,2026-03-24
e2a77df87fbf97c1_1005,e2a77df87fbf97c1,GAL-LOT-02,GAL-LOT,GOLD8BAR,10,-31,0,1,PASS,1,1,72,0,1005,0,2026-03-24T15:05:57Z,2026-03-24
e2a77df87fbf97c1_1006,e2a77df87fbf97c1,GAL-LOT-02,GAL-LOT,GOLD8BAR,11,-31,0,1,PASS,1,1,72,0,1006,0,2026-03-24T15:05:57Z,2026-03-24
e2a77df87fbf97c1_1007,e2a77df87fbf97c1,GAL-LOT-02,GAL-LOT,GOLD8BAR,12,-31,0,1,FAIL,8,8,32,0,1007,0,2026-03-24T15:05:57Z,2026-03-24
e2a77df87fbf97c1_1008,e2a77df87fbf97c1,GAL-LOT-02,GAL-LOT,GOLD8BAR,13,-31,0,1,PASS,1,1,74,0,1008,0,2026-03-24T15:05:57Z,2026-03-24
e2a77df87fbf97c1_1009,e2a77df87fbf97c1,GAL-LOT-02,GAL-LOT,GOLD8BAR,14,-31,0,1,PASS,1,1,72,0,1009,0,2026-03-24T15:05:57Z,2026-03-24
e2a77df87fbf97c1_1010,e2a77df87fbf97c1,GAL-LOT-02,GAL-LOT,GOLD8BAR,15,-31,0,1,PASS,1,1,72,0,1010,0,2026-03-24T15:05:57Z,2026-03-24
e2a77df87fbf97c1_1011,e2a77df87fbf97c1,GAL-LOT-02,GAL-LOT,GOLD8BAR,16,-31,0,1,FAIL,2,2,51,0,1011,0,2026-03-24T15:05:57Z,2026-03-24
e2a77df87fbf97c1_1012,e2a77df87fbf97c1,GAL-LOT-02,GAL-LOT,GOLD8BAR,17,-31,0,1,PASS,1,1,74,0,1012,0,2026-03-24T15:05:57Z,2026-03-24
e2a77df87fbf97c1_1013,e2a77df87fbf97c1,GAL-LOT-02,GAL-LOT,GOLD8BAR,18,-31,0,1,PASS,1,1,72,0,1013,0,2026-03-24T15:05:57Z,2026-03-24
e2a77df87fbf97c1_1014,e2a77df87fbf97c1,GAL-LOT-02,GAL-LOT,GOLD8BAR,19,-31,0,1,PASS,1,1,72,0,1014,0,2026-03-24T15:05:57Z,2026-03-24
e2a77df87fbf97c1_1015,e2a77df87fbf97c1,GAL-LOT-02,GAL-LOT,GOLD8BAR,20,-31,0,1,FAIL,2,2,51,0,1015,0,2026-03-24T15:05:57Z,2026-03-24
e2a77df87fbf97c1_1016,e2a77df87fbf97c1,GAL-LOT-02,GAL-LOT,GOLD8BAR,21,-31,0,1,PASS,1,1,74,0,1016,0,2026-03-24T15:05:57Z,2026-03-24
e2a77df87fbf97c1_1017,e2a77df87fbf97c1,GAL-LOT-02,GAL-LOT,GOLD8BAR,22,-31,0,1,PASS,1,1,72,0,1017,0,2026-03-24T15:05:57Z,2026-03-24
e2a77df87fbf97c1_1018,e2a77df87fbf97c1,GAL-LOT-02,GAL-LOT,GOLD8BAR,23,-31,0,1,PASS,1,1,54,0,1018,0,2026-03-24T15:05:57Z,2026-03-24
e2a77df87fbf97c1_1019,e2a77df87fbf97c1,GAL-LOT-02,GAL-LOT,GOLD8BAR,24,-31,0,1,PASS,1,1,72,0,1019,0,2026-03-24T15:05:57Z,2026-03-24
e2a77df87fbf97c1_1020,e2a77df87fbf97c1,GAL-LOT-02,GAL-LOT,GOLD8BAR,25,-31,0,1,PASS,1,1,54,0,1020,0,2026-03-24T15:05:57Z,2026-03-24
e2a77df87fbf97c1_1021,e2a77df87fbf97c1,GAL-LOT-02,GAL-LOT,GOLD8BAR,26,-31,0,1,FAIL,8,8,29,0,1021,0,2026-03-24T15:05:57Z,2026-03-24
e2a77df87fbf97c1_1022,e2a77df87fbf97c1,GAL-LOT-02,GAL-LOT,GOLD8BAR,27,-31,0,1,PASS,1,1,74,0,1022,0,2026-03-24T15:05:57Z,2026-03-24
e2a77df87fbf97c1_1023,e2a77df87fbf97c1,GAL-LOT-02,GAL-LOT,GOLD8BAR,28,-31,0,1,PASS,1,1,72,0,1023,0,2026-03-24T15:05:57Z,2026-03-24
e2a77df87fbf97c1_1024,e2a77df87fbf97c1,GAL-LOT-02,GAL-LOT,GOLD8BAR,29,-31,0,1,PASS,1,1,72,0,1024,0,2026-03-24T15:05:57Z,2026-03-24
e2a77df87fbf97c1_1025,e2a77df87fbf97c1,GAL-LOT-02,GAL-LOT,GOLD8BAR,30,-31,0,1,FAIL,8,8,32,0,1025,0,2026-03-24T15:05:57Z,2026-03-24
e2a77df87fbf97c1_1026,e2a77df87fbf97c1,GAL-LOT-02,GAL-LOT,GOLD8BAR,31,-31,0,1,PASS,1,1,74,0,1026,0,2026-03-24T15:05:57Z,2026-03-24
e2a77df87fbf97c1_1027,e2a77df87fbf97c1,GAL-LOT-02,GAL-LOT,GOLD8BAR,32,-31,0,1,PASS,1,1,72,0,1027,0,2026-03-24T15:05:57Z,2026-03-24
e2a77df87fbf97c1_1028,e2a77df87fbf97c1,GAL-LOT-02,GAL-LOT,GOLD8BAR,33,-31,0,1,PASS,1,1,72,0,1028,0,2026-03-24T15:05:57Z,2026-03-24
e2a77df87fbf97c1_1029,e2a77df87fbf97c1,GAL-LOT-02,GAL-LOT,GOLD8BAR,34,-31,0,1,PASS,1,1,72,0,1029,0,2026-03-24T15:05:57Z,2026-03-24
e2a77df87fbf97c1_1030,e2a77df87fbf97c1,GAL-LOT-02,GAL-LOT,GOLD8BAR,35,-31,0,1,PASS,1,1,72,0,1030,0,2026-03-24T15:05:57Z,2026-03-24
e2a77df87fbf97c1_1031,e2a77df87fbf97c1,GAL-LOT-02,GAL-LOT,GOLD8BAR,36,-31,0,1,PASS,1,1,72,0,1031,0,2026-03-24T15:05:57Z,2026-03-24
e2a77df87fbf97c1_1032,e2a77df87fbf97c1,GAL-LOT-02,GAL-LOT,GOLD8BAR,37,-31,0,1,PASS,1,1,74,0,1032,0,2026-03-24T15:05:57Z,2026-03-24
e2a77df87fbf97c1_1033,e2a77df87fbf97c1,GAL-LOT-02,GAL-LOT,GOLD8BAR,38,-31,0,1,PASS,1,1,54,0,1033,0,2026-03-24T15:05:57Z,2026-03-24
e2a77df87fbf97c1_1034,e2a77df87fbf97c1,GAL-LOT-02,GAL-LOT,GOLD8BAR,39,-31,0,1,PASS,1,1,72,0,1034,0,2026-03-24T15:05:57Z,2026-03-24
e2a77df87fbf97c1_1035,e2a77df87fbf97c1,GAL-LOT-02,GAL-LOT,GOLD8BAR,40,-31,0,1,PASS,1,1,72,0,1035,0,2026-03-24T15:05:57Z,2026-03-24
e2a77df87fbf97c1_1036,e2a77df87fbf97c1,GAL-LOT-02,GAL-LOT,GOLD8BAR,41,-31,0,1,PASS,1,1,72,0,1036,0,2026-03-24T15:05:57Z,2026-03-24
e2a77df87fbf97c1_1037,e2a77df87fbf97c1,GAL-LOT-02,GAL-LOT,GOLD8BAR,42,-31,0,1,PASS,1,1,54,0,1037,0,2026-03-24T15:05:57Z,2026-03-24
e2a77df87fbf97c1_1038,e2a77df87fbf97c1,GAL-LOT-02,GAL-LOT,GOLD8BAR,43,-31,0,1,PASS,1,1,56,0,1038,0,2026-03-24T15:05:57Z,2026-03-24
e2a77df87fbf97c1_1039,e2a77df87fbf97c1,GAL-LOT-02,GAL-LOT,GOLD8BAR,44,-31,0,1,PASS,1,1,72,0,1039,0,2026-03-24T15:05:57Z,2026-03-24
e2a77df87fbf97c1_1040,e2a77df87fbf97c1,GAL-LOT-02,GAL-LOT,GOLD8BAR,45,-31,0,1,PASS,1,1,72,0,1040,0,2026-03-24T15:05:57Z,2026-03-24
e2a77df87fbf97c1_1041,e2a77df87fbf97c1,GAL-LOT-02,GAL-LOT,GOLD8BAR,45,-32,0,1,FAIL,10,10,11,0,1041,0,2026-03-24T15:05:57Z,2026-03-24
e2a77df87fbf97c1_1042,e2a77df87fbf97c1,GAL-LOT-02,GAL-LOT,GOLD8BAR,44,-32,0,1,PASS,1,1,74,0,1042,0,2026-03-24T15:05:57Z,2026-03-24
e2a77df87fbf97c1_1043,e2a77df87fbf97c1,GAL-LOT-02,GAL-LOT,GOLD8BAR,43,-32,0,1,PASS,1,1,72,0,1043,0,2026-03-24T15:05:57Z,2026-03-24
e2a77df87fbf97c1_1044,e2a77df87fbf97c1,GAL-LOT-02,GAL-LOT,GOLD8BAR,42,-32,0,1,FAIL,2,2,55,0,1044,0,2026-03-24T15:05:57Z,2026-03-24
e2a77df87fbf97c1_1045,e2a77df87fbf97c1,GAL-LOT-02,GAL-LOT,GOLD8BAR,41,-32,0,1,PASS,1,1,74,0,1045,0,2026-03-24T15:05:57Z,2026-03-24
e2a77df87fbf97c1_1046,e2a77df87fbf97c1,GAL-LOT-02,GAL-LOT,GOLD8BAR,40,-32,0,1,PASS,1,1,54,0,1046,0,2026-03-24T15:05:57Z,2026-03-24
e2a77df87fbf97c1_1047,e2a77df87fbf97c1,GAL-LOT-02,GAL-LOT,GOLD8BAR,39,-32,0,1,PASS,1,1,72,0,1047,0,2026-03-24T15:05:57Z,2026-03-24
e2a77df87fbf97c1_1048,e2a77df87fbf97c1,GAL-LOT-02,GAL-LOT,GOLD8BAR,38,-32,0,1,PASS,1,1,54,0,1048,0,2026-03-24T15:05:57Z,2026-03-24
e2a77df87fbf97c1_1049,e2a77df87fbf97c1,GAL-LOT-02,GAL-LOT,GOLD8BAR,37,-32,0,1,PASS,1,1,54,0,1049,0,2026-03-24T15:05:57Z,2026-03-24
e2a77df87fbf97c1_1050,e2a77df87fbf97c1,GAL-LOT-02,GAL-LOT,GOLD8BAR,36,-32,0,1,PASS,1,1,54,0,1050,0,2026-03-24T15:05:57Z,2026-03-24
e2a77df87fbf97c1_1051,e2a77df87fbf97c1,GAL-LOT-02,GAL-LOT,GOLD8BAR,35,-32,0,1,FAIL,20,20,64,0,1051,0,2026-03-24T15:05:57Z,2026-03-24
e2a77df87fbf97c1_1052,e2a77df87fbf97c1,GAL-LOT-02,GAL-LOT,GOLD8BAR,34,-32,0,1,PASS,1,1,74,0,1052,0,2026-03-24T15:05:57Z,2026-03-24
e2a77df87fbf97c1_1053,e2a77df87fbf97c1,GAL-LOT-02,GAL-LOT,GOLD8BAR,33,-32,0,1,FAIL,8,8,32,0,1053,0,2026-03-24T15:05:57Z,2026-03-24
e2a77df87fbf97c1_1054,e2a77df87fbf97c1,GAL-LOT-02,GAL-LOT,GOLD8BAR,32,-32,0,1,FAIL,2,2,57,0,1054,0,2026-03-24T15:05:57Z,2026-03-24
e2a77df87fbf97c1_1055,e2a77df87fbf97c1,GAL-LOT-02,GAL-LOT,GOLD8BAR,31,-32,0,1,PASS,1,1,74,0,1055,0,2026-03-24T15:05:57Z,2026-03-24
e2a77df87fbf97c1_1056,e2a77df87fbf97c1,GAL-LOT-02,GAL-LOT,GOLD8BAR,30,-32,0,1,PASS,1,1,72,0,1056,0,2026-03-24T15:05:57Z,2026-03-24
e2a77df87fbf97c1_1057,e2a77df87fbf97c1,GAL-LOT-02,GAL-LOT,GOLD8BAR,29,-32,0,1,PASS,1,1,72,0,1057,0,2026-03-24T15:05:57Z,2026-03-24
e2a77df87fbf97c1_1058,e2a77df87fbf97c1,GAL-LOT-02,GAL-LOT,GOLD8BAR,28,-32,0,1,PASS,1,1,54,0,1058,0,2026-03-24T15:05:57Z,2026-03-24
e2a77df87fbf97c1_1059,e2a77df87fbf97c1,GAL-LOT-02,GAL-LOT,GOLD8BAR,27,-32,0,1,PASS,1,1,72,0,1059,0,2026-03-24T15:05:57Z,2026-03-24
e2a77df87fbf97c1_1060,e2a77df87fbf97c1,GAL-LOT-02,GAL-LOT,GOLD8BAR,26,-32,0,1,PASS,1,1,72,0,1060,0,2026-03-24T15:05:57Z,2026-03-24
e2a77df87fbf97c1_1061,e2a77df87fbf97c1,GAL-LOT-02,GAL-LOT,GOLD8BAR,25,-32,0,1,PASS,1,1,74,0,1061,0,2026-03-24T15:05:57Z,2026-03-24
e2a77df87fbf97c1_1062,e2a77df87fbf97c1,GAL-LOT-02,GAL-LOT,GOLD8BAR,24,-32,0,1,PASS,1,1,72,0,1062,0,2026-03-24T15:05:57Z,2026-03-24
e2a77df87fbf97c1_1063,e2a77df87fbf97c1,GAL-LOT-02,GAL-LOT,GOLD8BAR,23,-32,0,1,PASS,1,1,72,0,1063,0,2026-03-24T15:05:57Z,2026-03-24
e2a77df87fbf97c1_1064,e2a77df87fbf97c1,GAL-LOT-02,GAL-LOT,GOLD8BAR,22,-32,0,1,PASS,1,1,72,0,1064,0,2026-03-24T15:05:57Z,2026-03-24
e2a77df87fbf97c1_1065,e2a77df87fbf97c1,GAL-LOT-02,GAL-LOT,GOLD8BAR,21,-32,0,1,PASS,1,1,72,0,1065,0,2026-03-24T15:05:57Z,2026-03-24
e2a77df87fbf97c1_1066,e2a77df87fbf97c1,GAL-LOT-02,GAL-LOT,GOLD8BAR,20,-32,0,1,PASS,1,1,72,0,1066,0,2026-03-24T15:05:57Z,2026-03-24
e2a77df87fbf97c1_1067,e2a77df87fbf97c1,GAL-LOT-02,GAL-LOT,GOLD8BAR,19,-32,0,1,PASS,1,1,74,0,1067,0,2026-03-24T15:05:57Z,2026-03-24
e2a77df87fbf97c1_1068,e2a77df87fbf97c1,GAL-LOT-02,GAL-LOT,GOLD8BAR,18,-32,0,1,PASS,1,1,72,0,1068,0,2026-03-24T15:05:57Z,2026-03-24
e2a77df87fbf97c1_1069,e2a77df87fbf97c1,GAL-LOT-02,GAL-LOT,GOLD8BAR,17,-32,0,1,PASS,1,1,72,0,1069,0,2026-03-24T15:05:57Z,2026-03-24
e2a77df87fbf97c1_1070,e2a77df87fbf97c1,GAL-LOT-02,GAL-LOT,GOLD8BAR,16,-32,0,1,PASS,1,1,72,0,1070,0,2026-03-24T15:05:57Z,2026-03-24
e2a77df87fbf97c1_1071,e2a77df87fbf97c1,GAL-LOT-02,GAL-LOT,GOLD8BAR,15,-32,0,1,PASS,1,1,72,0,1071,0,2026-03-24T15:05:57Z,2026-03-24
e2a77df87fbf97c1_1072,e2a77df87fbf97c1,GAL-LOT-02,GAL-LOT,GOLD8BAR,14,-32,0,1,PASS,1,1,72,0,1072,0,2026-03-24T15:05:57Z,2026-03-24
e2a77df87fbf97c1_1073,e2a77df87fbf97c1,GAL-LOT-02,GAL-LOT,GOLD8BAR,13,-32,0,1,PASS,1,1,74,0,1073,0,2026-03-24T15:05:57Z,2026-03-24
e2a77df87fbf97c1_1074,e2a77df87fbf97c1,GAL-LOT-02,GAL-LOT,GOLD8BAR,12,-32,0,1,PASS,1,1,72,0,1074,0,2026-03-24T15:05:57Z,2026-03-24
e2a77df87fbf97c1_1075,e2a77df87fbf97c1,GAL-LOT-02,GAL-LOT,GOLD8BAR,11,-32,0,1,PASS,1,1,72,0,1075,0,2026-03-24T15:05:57Z,2026-03-24
e2a77df87fbf97c1_1076,e2a77df87fbf97c1,GAL-LOT-02,GAL-LOT,GOLD8BAR,10,-32,0,1,PASS,1,1,72,0,1076,0,2026-03-24T15:05:57Z,2026-03-24
e2a77df87fbf97c1_1077,e2a77df87fbf97c1,GAL-LOT-02,GAL-LOT,GOLD8BAR,9,-32,0,1,PASS,1,1,72,0,1077,0,2026-03-24T15:05:57Z,2026-03-24
e2a77df87fbf97c1_1078,e2a77df87fbf97c1,GAL-LOT-02,GAL-LOT,GOLD8BAR,8,-32,0,1,PASS,1,1,72,0,1078,0,2026-03-24T15:05:57Z,2026-03-24
e2a77df87fbf97c1_1079,e2a77df87fbf97c1,GAL-LOT-02,GAL-LOT,GOLD8BAR,7,-32,0,1,PASS,1,1,74,0,1079,0,2026-03-24T15:05:57Z,2026-03-24
e2a77df87fbf97c1_1080,e2a77df87fbf97c1,GAL-LOT-02,GAL-LOT,GOLD8BAR,6,-32,0,1,PASS,1,1,72,0,1080,0,2026-03-24T15:05:57Z,2026-03-24
e2a77df87fbf97c1_1081,e2a77df87fbf97c1,GAL-LOT-02,GAL-LOT,GOLD8BAR,5,-32,0,1,PASS,1,1,72,0,1081,0,2026-03-24T15:05:57Z,2026-03-24
e2a77df87fbf97c1_1082,e2a77df87fbf97c1,GAL-LOT-02,GAL-LOT,GOLD8BAR,5,-33,0,1,FAIL,5,5,1,0,1082,0,2026-03-24T15:05:57Z,2026-03-24
e2a77df87fbf97c1_1083,e2a77df87fbf97c1,GAL-LOT-02,GAL-LOT,GOLD8BAR,6,-33,0,1,PASS,1,1,74,0,1083,0,2026-03-24T15:05:57Z,2026-03-24
e2a77df87fbf97c1_1084,e2a77df87fbf97c1,GAL-LOT-02,GAL-LOT,GOLD8BAR,7,-33,0,1,PASS,1,1,72,0,1084,0,2026-03-24T15:05:57Z,2026-03-24
e2a77df87fbf97c1_1085,e2a77df87fbf97c1,GAL-LOT-02,GAL-LOT,GOLD8BAR,8,-33,0,1,PASS,1,1,72,0,1085,0,2026-03-24T15:05:57Z,2026-03-24
e2a77df87fbf97c1_1086,e2a77df87fbf97c1,GAL-LOT-02,GAL-LOT,GOLD8BAR,9,-33,0,1,PASS,1,1,72,0,1086,0,2026-03-24T15:05:57Z,2026-03-24
e2a77df87fbf97c1_1087,e2a77df87fbf97c1,GAL-LOT-02,GAL-LOT,GOLD8BAR,10,-33,0,1,PASS,1,1,72,0,1087,0,2026-03-24T15:05:57Z,2026-03-24
e2a77df87fbf97c1_1088,e2a77df87fbf97c1,GAL-LOT-02,GAL-LOT,GOLD8BAR,11,-33,0,1,PASS,1,1,72,0,1088,0,2026-03-24T15:05:57Z,2026-03-24
e2a77df87fbf97c1_1089,e2a77df87fbf97c1,GAL-LOT-02,GAL-LOT,GOLD8BAR,12,-33,0,1,PASS,1,1,74,0,1089,0,2026-03-24T15:05:57Z,2026-03-24
e2a77df87fbf97c1_1090,e2a77df87fbf97c1,GAL-LOT-02,GAL-LOT,GOLD8BAR,13,-33,0,1,PASS,1,1,72,0,1090,0,2026-03-24T15:05:57Z,2026-03-24
e2a77df87fbf97c1_1091,e2a77df87fbf97c1,GAL-LOT-02,GAL-LOT,GOLD8BAR,14,-33,0,1,PASS,1,1,72,0,1091,0,2026-03-24T15:05:57Z,2026-03-24
e2a77df87fbf97c1_1092,e2a77df87fbf97c1,GAL-LOT-02,GAL-LOT,GOLD8BAR,15,-33,0,1,PASS,1,1,72,0,1092,0,2026-03-24T15:05:57Z,2026-03-24
e2a77df87fbf97c1_1093,e2a77df87fbf97c1,GAL-LOT-02,GAL-LOT,GOLD8BAR,16,-33,0,1,PASS,1,1,72,0,1093,0,2026-03-24T15:05:57Z,2026-03-24
e2a77df87fbf97c1_1094,e2a77df87fbf97c1,GAL-LOT-02,GAL-LOT,GOLD8BAR,17,-33,0,1,PASS,1,1,72,0,1094,0,2026-03-24T15:05:57Z,2026-03-24
e2a77df87fbf97c1_1095,e2a77df87fbf97c1,GAL-LOT-02,GAL-LOT,GOLD8BAR,18,-33,0,1,PASS,1,1,74,0,1095,0,2026-03-24T15:05:57Z,2026-03-24
e2a77df87fbf97c1_1096,e2a77df87fbf97c1,GAL-LOT-02,GAL-LOT,GOLD8BAR,19,-33,0,1,PASS,1,1,72,0,1096,0,2026-03-24T15:05:57Z,2026-03-24
e2a77df87fbf97c1_1097,e2a77df87fbf97c1,GAL-LOT-02,GAL-LOT,GOLD8BAR,20,-33,0,1,PASS,1,1,72,0,1097,0,2026-03-24T15:05:57Z,2026-03-24
e2a77df87fbf97c1_1098,e2a77df87fbf97c1,GAL-LOT-02,GAL-LOT,GOLD8BAR,21,-33,0,1,PASS,1,1,72,0,1098,0,2026-03-24T15:05:57Z,2026-03-24
e2a77df87fbf97c1_1099,e2a77df87fbf97c1,GAL-LOT-02,GAL-LOT,GOLD8BAR,22,-33,0,1,PASS,1,1,72,0,1099,0,2026-03-24T15:05:57Z,2026-03-24
e2a77df87fbf97c1_1100,e2a77df87fbf97c1,GAL-LOT-02,GAL-LOT,GOLD8BAR,23,-33,0,1,PASS,1,1,72,0,1100,0,2026-03-24T15:05:57Z,2026-03-24
e2a77df87fbf97c1_1101,e2a77df87fbf97c1,GAL-LOT-02,GAL-LOT,GOLD8BAR,24,-33,0,1,PASS,1,1,74,0,1101,0,2026-03-24T15:05:57Z,2026-03-24
e2a77df87fbf97c1_1102,e2a77df87fbf97c1,GAL-LOT-02,GAL-LOT,GOLD8BAR,25,-33,0,1,PASS,1,1,54,0,1102,0,2026-03-24T15:05:57Z,2026-03-24
e2a77df87fbf97c1_1103,e2a77df87fbf97c1,GAL-LOT-02,GAL-LOT,GOLD8BAR,26,-33,0,1,PASS,1,1,72,0,1103,0,2026-03-24T15:05:57Z,2026-03-24
e2a77df87fbf97c1_1104,e2a77df87fbf97c1,GAL-LOT-02,GAL-LOT,GOLD8BAR,27,-33,0,1,PASS,1,1,72,0,1104,0,2026-03-24T15:05:57Z,2026-03-24
e2a77df87fbf97c1_1105,e2a77df87fbf97c1,GAL-LOT-02,GAL-LOT,GOLD8BAR,28,-33,0,1,PASS,1,1,72,0,1105,0,2026-03-24T15:05:57Z,2026-03-24
e2a77df87fbf97c1_1106,e2a77df87fbf97c1,GAL-LOT-02,GAL-LOT,GOLD8BAR,29,-33,0,1,PASS,1,1,72,0,1106,0,2026-03-24T15:05:57Z,2026-03-24
e2a77df87fbf97c1_1107,e2a77df87fbf97c1,GAL-LOT-02,GAL-LOT,GOLD8BAR,30,-33,0,1,PASS,1,1,74,0,1107,0,2026-03-24T15:05:57Z,2026-03-24
e2a77df87fbf97c1_1108,e2a77df87fbf97c1,GAL-LOT-02,GAL-LOT,GOLD8BAR,31,-33,0,1,PASS,1,1,72,0,1108,0,2026-03-24T15:05:57Z,2026-03-24
e2a77df87fbf97c1_1109,e2a77df87fbf97c1,GAL-LOT-02,GAL-LOT,GOLD8BAR,32,-33,0,1,PASS,1,1,72,0,1109,0,2026-03-24T15:05:57Z,2026-03-24
e2a77df87fbf97c1_1110,e2a77df87fbf97c1,GAL-LOT-02,GAL-LOT,GOLD8BAR,33,-33,0,1,PASS,1,1,72,0,1110,0,2026-03-24T15:05:57Z,2026-03-24
e2a77df87fbf97c1_1111,e2a77df87fbf97c1,GAL-LOT-02,GAL-LOT,GOLD8BAR,34,-33,0,1,PASS,1,1,72,0,1111,0,2026-03-24T15:05:57Z,2026-03-24
e2a77df87fbf97c1_1112,e2a77df87fbf97c1,GAL-LOT-02,GAL-LOT,GOLD8BAR,35,-33,0,1,PASS,1,1,72,0,1112,0,2026-03-24T15:05:57Z,2026-03-24
e2a77df87fbf97c1_1113,e2a77df87fbf97c1,GAL-LOT-02,GAL-LOT,GOLD8BAR,36,-33,0,1,FAIL,20,20,46,0,1113,0,2026-03-24T15:05:57Z,2026-03-24
e2a77df87fbf97c1_1114,e2a77df87fbf97c1,GAL-LOT-02,GAL-LOT,GOLD8BAR,37,-33,0,1,PASS,1,1,74,0,1114,0,2026-03-24T15:05:57Z,2026-03-24
e2a77df87fbf97c1_1115,e2a77df87fbf97c1,GAL-LOT-02,GAL-LOT,GOLD8BAR,38,-33,0,1,PASS,1,1,54,0,1115,0,2026-03-24T15:05:57Z,2026-03-24
e2a77df87fbf97c1_1116,e2a77df87fbf97c1,GAL-LOT-02,GAL-LOT,GOLD8BAR,39,-33,0,1,PASS,1,1,72,0,1116,0,2026-03-24T15:05:57Z,2026-03-24
e2a77df87fbf97c1_1117,e2a77df87fbf97c1,GAL-LOT-02,GAL-LOT,GOLD8BAR,40,-33,0,1,PASS,1,1,72,0,1117,0,2026-03-24T15:05:57Z,2026-03-24
e2a77df87fbf97c1_1118,e2a77df87fbf97c1,GAL-LOT-02,GAL-LOT,GOLD8BAR,41,-33,0,1,PASS,1,1,54,0,1118,0,2026-03-24T15:05:57Z,2026-03-24
e2a77df87fbf97c1_1119,e2a77df87fbf97c1,GAL-LOT-02,GAL-LOT,GOLD8BAR,42,-33,0,1,PASS,1,1,54,0,1119,0,2026-03-24T15:05:57Z,2026-03-24
e2a77df87fbf97c1_1120,e2a77df87fbf97c1,GAL-LOT-02,GAL-LOT,GOLD8BAR,43,-33,0,1,FAIL,20,20,46,0,1120,0,2026-03-24T15:05:57Z,2026-03-24
e2a77df87fbf97c1_1121,e2a77df87fbf97c1,GAL-LOT-02,GAL-LOT,GOLD8BAR,44,-33,0,1,PASS,1,1,56,0,1121,0,2026-03-24T15:05:57Z,2026-03-24
e2a77df87fbf97c1_1122,e2a77df87fbf97c1,GAL-LOT-02,GAL-LOT,GOLD8BAR,44,-34,0,1,PASS,1,1,54,0,1122,0,2026-03-24T15:05:57Z,2026-03-24
e2a77df87fbf97c1_1123,e2a77df87fbf97c1,GAL-LOT-02,GAL-LOT,GOLD8BAR,43,-34,0,1,PASS,1,1,54,0,1123,0,2026-03-24T15:05:57Z,2026-03-24
e2a77df87fbf97c1_1124,e2a77df87fbf97c1,GAL-LOT-02,GAL-LOT,GOLD8BAR,42,-34,0,1,PASS,1,1,54,0,1124,0,2026-03-24T15:05:57Z,2026-03-24
e2a77df87fbf97c1_1125,e2a77df87fbf97c1,GAL-LOT-02,GAL-LOT,GOLD8BAR,41,-34,0,1,PASS,1,1,54,0,1125,0,2026-03-24T15:05:57Z,2026-03-24
e2a77df87fbf97c1_1126,e2a77df87fbf97c1,GAL-LOT-02,GAL-LOT,GOLD8BAR,40,-34,0,1,PASS,1,1,72,0,1126,0,2026-03-24T15:05:57Z,2026-03-24
e2a77df87fbf97c1_1127,e2a77df87fbf97c1,GAL-LOT-02,GAL-LOT,GOLD8BAR,39,-34,0,1,PASS,1,1,56,0,1127,0,2026-03-24T15:05:57Z,2026-03-24
e2a77df87fbf97c1_1128,e2a77df87fbf97c1,GAL-LOT-02,GAL-LOT,GOLD8BAR,38,-34,0,1,PASS,1,1,72,0,1128,0,2026-03-24T15:05:57Z,2026-03-24
e2a77df87fbf97c1_1129,e2a77df87fbf97c1,GAL-LOT-02,GAL-LOT,GOLD8BAR,37,-34,0,1,PASS,1,1,54,0,1129,0,2026-03-24T15:05:57Z,2026-03-24
e2a77df87fbf97c1_1130,e2a77df87fbf97c1,GAL-LOT-02,GAL-LOT,GOLD8BAR,36,-34,0,1,PASS,1,1,72,0,1130,0,2026-03-24T15:05:57Z,2026-03-24
e2a77df87fbf97c1_1131,e2a77df87fbf97c1,GAL-LOT-02,GAL-LOT,GOLD8BAR,35,-34,0,1,FAIL,8,8,32,0,1131,0,2026-03-24T15:05:57Z,2026-03-24
e2a77df87fbf97c1_1132,e2a77df87fbf97c1,GAL-LOT-02,GAL-LOT,GOLD8BAR,34,-34,0,1,PASS,1,1,74,0,1132,0,2026-03-24T15:05:57Z,2026-03-24
e2a77df87fbf97c1_1133,e2a77df87fbf97c1,GAL-LOT-02,GAL-LOT,GOLD8BAR,33,-34,0,1,PASS,1,1,72,0,1133,0,2026-03-24T15:05:57Z,2026-03-24
e2a77df87fbf97c1_1134,e2a77df87fbf97c1,GAL-LOT-02,GAL-LOT,GOLD8BAR,32,-34,0,1,PASS,1,1,72,0,1134,0,2026-03-24T15:05:57Z,2026-03-24
e2a77df87fbf97c1_1135,e2a77df87fbf97c1,GAL-LOT-02,GAL-LOT,GOLD8BAR,31,-34,0,1,PASS,1,1,72,0,1135,0,2026-03-24T15:05:57Z,2026-03-24
e2a77df87fbf97c1_1136,e2a77df87fbf97c1,GAL-LOT-02,GAL-LOT,GOLD8BAR,30,-34,0,1,PASS,1,1,72,0,1136,0,2026-03-24T15:05:57Z,2026-03-24
e2a77df87fbf97c1_1137,e2a77df87fbf97c1,GAL-LOT-02,GAL-LOT,GOLD8BAR,29,-34,0,1,PASS,1,1,72,0,1137,0,2026-03-24T15:05:57Z,2026-03-24
e2a77df87fbf97c1_1138,e2a77df87fbf97c1,GAL-LOT-02,GAL-LOT,GOLD8BAR,28,-34,0,1,PASS,1,1,74,0,1138,0,2026-03-24T15:05:57Z,2026-03-24
e2a77df87fbf97c1_1139,e2a77df87fbf97c1,GAL-LOT-02,GAL-LOT,GOLD8BAR,27,-34,0,1,PASS,1,1,72,0,1139,0,2026-03-24T15:05:57Z,2026-03-24
e2a77df87fbf97c1_1140,e2a77df87fbf97c1,GAL-LOT-02,GAL-LOT,GOLD8BAR,26,-34,0,1,PASS,1,1,72,0,1140,0,2026-03-24T15:05:57Z,2026-03-24
e2a77df87fbf97c1_1141,e2a77df87fbf97c1,GAL-LOT-02,GAL-LOT,GOLD8BAR,25,-34,0,1,PASS,1,1,72,0,1141,0,2026-03-24T15:05:57Z,2026-03-24
e2a77df87fbf97c1_1142,e2a77df87fbf97c1,GAL-LOT-02,GAL-LOT,GOLD8BAR,24,-34,0,1,PASS,1,1,72,0,1142,0,2026-03-24T15:05:57Z,2026-03-24
e2a77df87fbf97c1_1143,e2a77df87fbf97c1,GAL-LOT-02,GAL-LOT,GOLD8BAR,23,-34,0,1,PASS,1,1,72,0,1143,0,2026-03-24T15:05:57Z,2026-03-24
e2a77df87fbf97c1_1144,e2a77df87fbf97c1,GAL-LOT-02,GAL-LOT,GOLD8BAR,22,-34,0,1,PASS,1,1,74,0,1144,0,2026-03-24T15:05:57Z,2026-03-24
e2a77df87fbf97c1_1145,e2a77df87fbf97c1,GAL-LOT-02,GAL-LOT,GOLD8BAR,21,-34,0,1,PASS,1,1,72,0,1145,0,2026-03-24T15:05:57Z,2026-03-24
e2a77df87fbf97c1_1146,e2a77df87fbf97c1,GAL-LOT-02,GAL-LOT,GOLD8BAR,20,-34,0,1,PASS,1,1,72,0,1146,0,2026-03-24T15:05:57Z,2026-03-24
e2a77df87fbf97c1_1147,e2a77df87fbf97c1,GAL-LOT-02,GAL-LOT,GOLD8BAR,19,-34,0,1,PASS,1,1,72,0,1147,0,2026-03-24T15:05:57Z,2026-03-24
e2a77df87fbf97c1_1148,e2a77df87fbf97c1,GAL-LOT-02,GAL-LOT,GOLD8BAR,18,-34,0,1,PASS,1,1,72,0,1148,0,2026-03-24T15:05:57Z,2026-03-24
e2a77df87fbf97c1_1149,e2a77df87fbf97c1,GAL-LOT-02,GAL-LOT,GOLD8BAR,17,-34,0,1,FAIL,7,7,41,0,1149,0,2026-03-24T15:05:57Z,2026-03-24
e2a77df87fbf97c1_1150,e2a77df87fbf97c1,GAL-LOT-02,GAL-LOT,GOLD8BAR,16,-34,0,1,PASS,1,1,74,0,1150,0,2026-03-24T15:05:57Z,2026-03-24
e2a77df87fbf97c1_1151,e2a77df87fbf97c1,GAL-LOT-02,GAL-LOT,GOLD8BAR,15,-34,0,1,PASS,1,1,72,0,1151,0,2026-03-24T15:05:57Z,2026-03-24
e2a77df87fbf97c1_1152,e2a77df87fbf97c1,GAL-LOT-02,GAL-LOT,GOLD8BAR,14,-34,0,1,PASS,1,1,72,0,1152,0,2026-03-24T15:05:57Z,2026-03-24
e2a77df87fbf97c1_1153,e2a77df87fbf97c1,GAL-LOT-02,GAL-LOT,GOLD8BAR,13,-34,0,1,PASS,1,1,72,0,1153,0,2026-03-24T15:05:57Z,2026-03-24
e2a77df87fbf97c1_1154,e2a77df87fbf97c1,GAL-LOT-02,GAL-LOT,GOLD8BAR,12,-34,0,1,PASS,1,1,72,0,1154,0,2026-03-24T15:05:57Z,2026-03-24
e2a77df87fbf97c1_1155,e2a77df87fbf97c1,GAL-LOT-02,GAL-LOT,GOLD8BAR,11,-34,0,1,PASS,1,1,72,0,1155,0,2026-03-24T15:05:57Z,2026-03-24
e2a77df87fbf97c1_1156,e2a77df87fbf97c1,GAL-LOT-02,GAL-LOT,GOLD8BAR,10,-34,0,1,PASS,1,1,74,0,1156,0,2026-03-24T15:05:57Z,2026-03-24
e2a77df87fbf97c1_1157,e2a77df87fbf97c1,GAL-LOT-02,GAL-LOT,GOLD8BAR,9,-34,0,1,PASS,1,1,72,0,1157,0,2026-03-24T15:05:57Z,2026-03-24
e2a77df87fbf97c1_1158,e2a77df87fbf97c1,GAL-LOT-02,GAL-LOT,GOLD8BAR,8,-34,0,1,PASS,1,1,72,0,1158,0,2026-03-24T15:05:57Z,2026-03-24
e2a77df87fbf97c1_1159,e2a77df87fbf97c1,GAL-LOT-02,GAL-LOT,GOLD8BAR,7,-34,0,1,PASS,1,1,72,0,1159,0,2026-03-24T15:05:57Z,2026-03-24
e2a77df87fbf97c1_1160,e2a77df87fbf97c1,GAL-LOT-02,GAL-LOT,GOLD8BAR,6,-34,0,1,PASS,1,1,72,0,1160,0,2026-03-24T15:05:57Z,2026-03-24
e2a77df87fbf97c1_1161,e2a77df87fbf97c1,GAL-LOT-02,GAL-LOT,GOLD8BAR,7,-35,0,1,PASS,1,1,72,0,1161,0,2026-03-24T15:05:57Z,2026-03-24
e2a77df87fbf97c1_1162,e2a77df87fbf97c1,GAL-LOT-02,GAL-LOT,GOLD8BAR,8,-35,0,1,PASS,1,1,74,0,1162,0,2026-03-24T15:05:57Z,2026-03-24
e2a77df87fbf97c1_1163,e2a77df87fbf97c1,GAL-LOT-02,GAL-LOT,GOLD8BAR,9,-35,0,1,PASS,1,1,72,0,1163,0,2026-03-24T15:05:57Z,2026-03-24
e2a77df87fbf97c1_1164,e2a77df87fbf97c1,GAL-LOT-02,GAL-LOT,GOLD8BAR,10,-35,0,1,FAIL,2,2,51,0,1164,0,2026-03-24T15:05:57Z,2026-03-24
e2a77df87fbf97c1_1165,e2a77df87fbf97c1,GAL-LOT-02,GAL-LOT,GOLD8BAR,11,-35,0,1,PASS,1,1,74,0,1165,0,2026-03-24T15:05:57Z,2026-03-24
e2a77df87fbf97c1_1166,e2a77df87fbf97c1,GAL-LOT-02,GAL-LOT,GOLD8BAR,12,-35,0,1,PASS,1,1,72,0,1166,0,2026-03-24T15:05:57Z,2026-03-24
e2a77df87fbf97c1_1167,e2a77df87fbf97c1,GAL-LOT-02,GAL-LOT,GOLD8BAR,13,-35,0,1,PASS,1,1,72,0,1167,0,2026-03-24T15:05:57Z,2026-03-24
e2a77df87fbf97c1_1168,e2a77df87fbf97c1,GAL-LOT-02,GAL-LOT,GOLD8BAR,14,-35,0,1,PASS,1,1,72,0,1168,0,2026-03-24T15:05:57Z,2026-03-24
e2a77df87fbf97c1_1169,e2a77df87fbf97c1,GAL-LOT-02,GAL-LOT,GOLD8BAR,15,-35,0,1,PASS,1,1,72,0,1169,0,2026-03-24T15:05:57Z,2026-03-24
e2a77df87fbf97c1_1170,e2a77df87fbf97c1,GAL-LOT-02,GAL-LOT,GOLD8BAR,16,-35,0,1,PASS,1,1,72,0,1170,0,2026-03-24T15:05:57Z,2026-03-24
e2a77df87fbf97c1_1171,e2a77df87fbf97c1,GAL-LOT-02,GAL-LOT,GOLD8BAR,17,-35,0,1,PASS,1,1,74,0,1171,0,2026-03-24T15:05:57Z,2026-03-24
e2a77df87fbf97c1_1172,e2a77df87fbf97c1,GAL-LOT-02,GAL-LOT,GOLD8BAR,18,-35,0,1,PASS,1,1,72,0,1172,0,2026-03-24T15:05:57Z,2026-03-24
e2a77df87fbf97c1_1173,e2a77df87fbf97c1,GAL-LOT-02,GAL-LOT,GOLD8BAR,19,-35,0,1,FAIL,8,8,32,0,1173,0,2026-03-24T15:05:57Z,2026-03-24
e2a77df87fbf97c1_1174,e2a77df87fbf97c1,GAL-LOT-02,GAL-LOT,GOLD8BAR,20,-35,0,1,PASS,1,1,74,0,1174,0,2026-03-24T15:05:57Z,2026-03-24
e2a77df87fbf97c1_1175,e2a77df87fbf97c1,GAL-LOT-02,GAL-LOT,GOLD8BAR,21,-35,0,1,PASS,1,1,54,0,1175,0,2026-03-24T15:05:57Z,2026-03-24
e2a77df87fbf97c1_1176,e2a77df87fbf97c1,GAL-LOT-02,GAL-LOT,GOLD8BAR,22,-35,0,1,PASS,1,1,72,0,1176,0,2026-03-24T15:05:57Z,2026-03-24
e2a77df87fbf97c1_1177,e2a77df87fbf97c1,GAL-LOT-02,GAL-LOT,GOLD8BAR,23,-35,0,1,PASS,1,1,54,0,1177,0,2026-03-24T15:05:57Z,2026-03-24
e2a77df87fbf97c1_1178,e2a77df87fbf97c1,GAL-LOT-02,GAL-LOT,GOLD8BAR,24,-35,0,1,PASS,1,1,72,0,1178,0,2026-03-24T15:05:57Z,2026-03-24
e2a77df87fbf97c1_1179,e2a77df87fbf97c1,GAL-LOT-02,GAL-LOT,GOLD8BAR,25,-35,0,1,PASS,1,1,54,0,1179,0,2026-03-24T15:05:57Z,2026-03-24
e2a77df87fbf97c1_1180,e2a77df87fbf97c1,GAL-LOT-02,GAL-LOT,GOLD8BAR,26,-35,0,1,PASS,1,1,74,0,1180,0,2026-03-24T15:05:57Z,2026-03-24
e2a77df87fbf97c1_1181,e2a77df87fbf97c1,GAL-LOT-02,GAL-LOT,GOLD8BAR,27,-35,0,1,PASS,1,1,72,0,1181,0,2026-03-24T15:05:57Z,2026-03-24
e2a77df87fbf97c1_1182,e2a77df87fbf97c1,GAL-LOT-02,GAL-LOT,GOLD8BAR,28,-35,0,1,PASS,1,1,72,0,1182,0,2026-03-24T15:05:57Z,2026-03-24
e2a77df87fbf97c1_1183,e2a77df87fbf97c1,GAL-LOT-02,GAL-LOT,GOLD8BAR,29,-35,0,1,PASS,1,1,72,0,1183,0,2026-03-24T15:05:57Z,2026-03-24
e2a77df87fbf97c1_1184,e2a77df87fbf97c1,GAL-LOT-02,GAL-LOT,GOLD8BAR,30,-35,0,1,PASS,1,1,54,0,1184,0,2026-03-24T15:05:57Z,2026-03-24
e2a77df87fbf97c1_1185,e2a77df87fbf97c1,GAL-LOT-02,GAL-LOT,GOLD8BAR,31,-35,0,1,PASS,1,1,72,0,1185,0,2026-03-24T15:05:57Z,2026-03-24
e2a77df87fbf97c1_1186,e2a77df87fbf97c1,GAL-LOT-02,GAL-LOT,GOLD8BAR,32,-35,0,1,PASS,1,1,74,0,1186,0,2026-03-24T15:05:57Z,2026-03-24
e2a77df87fbf97c1_1187,e2a77df87fbf97c1,GAL-LOT-02,GAL-LOT,GOLD8BAR,33,-35,0,1,PASS,1,1,72,0,1187,0,2026-03-24T15:05:57Z,2026-03-24
e2a77df87fbf97c1_1188,e2a77df87fbf97c1,GAL-LOT-02,GAL-LOT,GOLD8BAR,34,-35,0,1,PASS,1,1,72,0,1188,0,2026-03-24T15:05:57Z,2026-03-24
e2a77df87fbf97c1_1189,e2a77df87fbf97c1,GAL-LOT-02,GAL-LOT,GOLD8BAR,35,-35,0,1,PASS,1,1,72,0,1189,0,2026-03-24T15:05:57Z,2026-03-24
e2a77df87fbf97c1_1190,e2a77df87fbf97c1,GAL-LOT-02,GAL-LOT,GOLD8BAR,36,-35,0,1,PASS,1,1,72,0,1190,0,2026-03-24T15:05:57Z,2026-03-24
e2a77df87fbf97c1_1191,e2a77df87fbf97c1,GAL-LOT-02,GAL-LOT,GOLD8BAR,37,-35,0,1,PASS,1,1,72,0,1191,0,2026-03-24T15:05:57Z,2026-03-24
e2a77df87fbf97c1_1192,e2a77df87fbf97c1,GAL-LOT-02,GAL-LOT,GOLD8BAR,38,-35,0,1,PASS,1,1,74,0,1192,0,2026-03-24T15:05:57Z,2026-03-24
e2a77df87fbf97c1_1193,e2a77df87fbf97c1,GAL-LOT-02,GAL-LOT,GOLD8BAR,39,-35,0,1,PASS,1,1,72,0,1193,0,2026-03-24T15:05:57Z,2026-03-24
e2a77df87fbf97c1_1194,e2a77df87fbf97c1,GAL-LOT-02,GAL-LOT,GOLD8BAR,40,-35,0,1,PASS,1,1,72,0,1194,0,2026-03-24T15:05:57Z,2026-03-24
e2a77df87fbf97c1_1195,e2a77df87fbf97c1,GAL-LOT-02,GAL-LOT,GOLD8BAR,41,-35,0,1,FAIL,10,10,11,0,1195,0,2026-03-24T15:05:57Z,2026-03-24
e2a77df87fbf97c1_1196,e2a77df87fbf97c1,GAL-LOT-02,GAL-LOT,GOLD8BAR,42,-35,0,1,PASS,1,1,56,0,1196,0,2026-03-24T15:05:57Z,2026-03-24
e2a77df87fbf97c1_1197,e2a77df87fbf97c1,GAL-LOT-02,GAL-LOT,GOLD8BAR,43,-35,0,1,PASS,1,1,72,0,1197,0,2026-03-24T15:05:57Z,2026-03-24
e2a77df87fbf97c1_1198,e2a77df87fbf97c1,GAL-LOT-02,GAL-LOT,GOLD8BAR,44,-35,0,1,FAIL,5,5,1,0,1198,0,2026-03-24T15:05:57Z,2026-03-24
e2a77df87fbf97c1_1199,e2a77df87fbf97c1,GAL-LOT-02,GAL-LOT,GOLD8BAR,43,-36,0,1,PASS,1,1,56,0,1199,0,2026-03-24T15:05:57Z,2026-03-24
e2a77df87fbf97c1_1200,e2a77df87fbf97c1,GAL-LOT-02,GAL-LOT,GOLD8BAR,42,-36,0,1,PASS,1,1,54,0,1200,0,2026-03-24T15:05:57Z,2026-03-24
e2a77df87fbf97c1_1201,e2a77df87fbf97c1,GAL-LOT-02,GAL-LOT,GOLD8BAR,41,-36,0,1,PASS,1,1,72,0,1201,0,2026-03-24T15:05:57Z,2026-03-24
e2a77df87fbf97c1_1202,e2a77df87fbf97c1,GAL-LOT-02,GAL-LOT,GOLD8BAR,40,-36,0,1,PASS,1,1,72,0,1202,0,2026-03-24T15:05:57Z,2026-03-24
e2a77df87fbf97c1_1203,e2a77df87fbf97c1,GAL-LOT-02,GAL-LOT,GOLD8BAR,37,-36,0,1,PASS,1,1,72,0,1203,0,2026-03-24T15:05:57Z,2026-03-24
e2a77df87fbf97c1_1204,e2a77df87fbf97c1,GAL-LOT-02,GAL-LOT,GOLD8BAR,36,-36,0,1,FAIL,8,8,32,0,1204,0,2026-03-24T15:05:57Z,2026-03-24
e2a77df87fbf97c1_1205,e2a77df87fbf97c1,GAL-LOT-02,GAL-LOT,GOLD8BAR,35,-36,0,1,PASS,1,1,74,0,1205,0,2026-03-24T15:05:57Z,2026-03-24
e2a77df87fbf97c1_1206,e2a77df87fbf97c1,GAL-LOT-02,GAL-LOT,GOLD8BAR,34,-36,0,1,PASS,1,1,54,0,1206,0,2026-03-24T15:05:57Z,2026-03-24
e2a77df87fbf97c1_1207,e2a77df87fbf97c1,GAL-LOT-02,GAL-LOT,GOLD8BAR,33,-36,0,1,FAIL,8,8,32,0,1207,0,2026-03-24T15:05:57Z,2026-03-24
e2a77df87fbf97c1_1208,e2a77df87fbf97c1,GAL-LOT-02,GAL-LOT,GOLD8BAR,32,-36,0,1,PASS,1,1,74,0,1208,0,2026-03-24T15:05:57Z,2026-03-24
e2a77df87fbf97c1_1209,e2a77df87fbf97c1,GAL-LOT-02,GAL-LOT,GOLD8BAR,31,-36,0,1,FAIL,20,20,62,0,1209,0,2026-03-24T15:05:57Z,2026-03-24
e2a77df87fbf97c1_1210,e2a77df87fbf97c1,GAL-LOT-02,GAL-LOT,GOLD8BAR,30,-36,0,1,FAIL,8,8,32,0,1210,0,2026-03-24T15:05:57Z,2026-03-24
e2a77df87fbf97c1_1211,e2a77df87fbf97c1,GAL-LOT-02,GAL-LOT,GOLD8BAR,29,-36,0,1,PASS,1,1,74,0,1211,0,2026-03-24T15:05:57Z,2026-03-24
e2a77df87fbf97c1_1212,e2a77df87fbf97c1,GAL-LOT-02,GAL-LOT,GOLD8BAR,28,-36,0,1,PASS,1,1,72,0,1212,0,2026-03-24T15:05:57Z,2026-03-24
e2a77df87fbf97c1_1213,e2a77df87fbf97c1,GAL-LOT-02,GAL-LOT,GOLD8BAR,27,-36,0,1,PASS,1,1,72,0,1213,0,2026-03-24T15:05:57Z,2026-03-24
e2a77df87fbf97c1_1214,e2a77df87fbf97c1,GAL-LOT-02,GAL-LOT,GOLD8BAR,26,-36,0,1,PASS,1,1,72,0,1214,0,2026-03-24T15:05:57Z,2026-03-24
e2a77df87fbf97c1_1215,e2a77df87fbf97c1,GAL-LOT-02,GAL-LOT,GOLD8BAR,25,-36,0,1,PASS,1,1,72,0,1215,0,2026-03-24T15:05:57Z,2026-03-24
e2a77df87fbf97c1_1216,e2a77df87fbf97c1,GAL-LOT-02,GAL-LOT,GOLD8BAR,24,-36,0,1,PASS,1,1,72,0,1216,0,2026-03-24T15:05:57Z,2026-03-24
e2a77df87fbf97c1_1217,e2a77df87fbf97c1,GAL-LOT-02,GAL-LOT,GOLD8BAR,23,-36,0,1,PASS,1,1,56,0,1217,0,2026-03-24T15:05:57Z,2026-03-24
e2a77df87fbf97c1_1218,e2a77df87fbf97c1,GAL-LOT-02,GAL-LOT,GOLD8BAR,22,-36,0,1,PASS,1,1,72,0,1218,0,2026-03-24T15:05:57Z,2026-03-24
e2a77df87fbf97c1_1219,e2a77df87fbf97c1,GAL-LOT-02,GAL-LOT,GOLD8BAR,21,-36,0,1,PASS,1,1,72,0,1219,0,2026-03-24T15:05:57Z,2026-03-24
e2a77df87fbf97c1_1220,e2a77df87fbf97c1,GAL-LOT-02,GAL-LOT,GOLD8BAR,20,-36,0,1,FAIL,5,5,8,0,1220,0,2026-03-24T15:05:57Z,2026-03-24
e2a77df87fbf97c1_1221,e2a77df87fbf97c1,GAL-LOT-02,GAL-LOT,GOLD8BAR,19,-36,0,1,PASS,1,1,56,0,1221,0,2026-03-24T15:05:57Z,2026-03-24
e2a77df87fbf97c1_1222,e2a77df87fbf97c1,GAL-LOT-02,GAL-LOT,GOLD8BAR,18,-36,0,1,PASS,1,1,54,0,1222,0,2026-03-24T15:05:57Z,2026-03-24
e2a77df87fbf97c1_1223,e2a77df87fbf97c1,GAL-LOT-02,GAL-LOT,GOLD8BAR,17,-36,0,1,PASS,1,1,72,0,1223,0,2026-03-24T15:05:57Z,2026-03-24
e2a77df87fbf97c1_1224,e2a77df87fbf97c1,GAL-LOT-02,GAL-LOT,GOLD8BAR,16,-36,0,1,FAIL,2,2,55,0,1224,0,2026-03-24T15:05:57Z,2026-03-24
e2a77df87fbf97c1_1225,e2a77df87fbf97c1,GAL-LOT-02,GAL-LOT,GOLD8BAR,15,-36,0,1,PASS,1,1,74,0,1225,0,2026-03-24T15:05:57Z,2026-03-24
e2a77df87fbf97c1_1226,e2a77df87fbf97c1,GAL-LOT-02,GAL-LOT,GOLD8BAR,14,-36,0,1,PASS,1,1,72,0,1226,0,2026-03-24T15:05:57Z,2026-03-24
e2a77df87fbf97c1_1227,e2a77df87fbf97c1,GAL-LOT-02,GAL-LOT,GOLD8BAR,13,-36,0,1,PASS,1,1,72,0,1227,0,2026-03-24T15:05:57Z,2026-03-24
e2a77df87fbf97c1_1228,e2a77df87fbf97c1,GAL-LOT-02,GAL-LOT,GOLD8BAR,10,-36,0,1,PASS,1,1,72,0,1228,0,2026-03-24T15:05:57Z,2026-03-24
e2a77df87fbf97c1_1229,e2a77df87fbf97c1,GAL-LOT-02,GAL-LOT,GOLD8BAR,9,-36,0,1,PASS,1,1,72,0,1229,0,2026-03-24T15:05:57Z,2026-03-24
e2a77df87fbf97c1_1230,e2a77df87fbf97c1,GAL-LOT-02,GAL-LOT,GOLD8BAR,8,-36,0,1,PASS,1,1,72,0,1230,0,2026-03-24T15:05:57Z,2026-03-24
e2a77df87fbf97c1_1231,e2a77df87fbf97c1,GAL-LOT-02,GAL-LOT,GOLD8BAR,8,-37,0,1,PASS,1,1,74,0,1231,0,2026-03-24T15:05:57Z,2026-03-24
e2a77df87fbf97c1_1232,e2a77df87fbf97c1,GAL-LOT-02,GAL-LOT,GOLD8BAR,9,-37,0,1,PASS,1,1,72,0,1232,0,2026-03-24T15:05:57Z,2026-03-24
e2a77df87fbf97c1_1233,e2a77df87fbf97c1,GAL-LOT-02,GAL-LOT,GOLD8BAR,10,-37,0,1,PASS,1,1,72,0,1233,0,2026-03-24T15:05:57Z,2026-03-24
e2a77df87fbf97c1_1234,e2a77df87fbf97c1,GAL-LOT-02,GAL-LOT,GOLD8BAR,13,-37,0,1,PASS,1,1,72,0,1234,0,2026-03-24T15:05:57Z,2026-03-24
e2a77df87fbf97c1_1235,e2a77df87fbf97c1,GAL-LOT-02,GAL-LOT,GOLD8BAR,14,-37,0,1,PASS,1,1,72,0,1235,0,2026-03-24T15:05:57Z,2026-03-24
e2a77df87fbf97c1_1236,e2a77df87fbf97c1,GAL-LOT-02,GAL-LOT,GOLD8BAR,15,-37,0,1,PASS,1,1,72,0,1236,0,2026-03-24T15:05:57Z,2026-03-24
e2a77df87fbf97c1_1237,e2a77df87fbf97c1,GAL-LOT-02,GAL-LOT,GOLD8BAR,16,-37,0,1,PASS,1,1,74,0,1237,0,2026-03-24T15:05:57Z,2026-03-24
e2a77df87fbf97c1_1238,e2a77df87fbf97c1,GAL-LOT-02,GAL-LOT,GOLD8BAR,17,-37,0,1,PASS,1,1,72,0,1238,0,2026-03-24T15:05:57Z,2026-03-24
e2a77df87fbf97c1_1239,e2a77df87fbf97c1,GAL-LOT-02,GAL-LOT,GOLD8BAR,18,-37,0,1,PASS,1,1,72,0,1239,0,2026-03-24T15:05:57Z,2026-03-24
e2a77df87fbf97c1_1240,e2a77df87fbf97c1,GAL-LOT-02,GAL-LOT,GOLD8BAR,19,-37,0,1,PASS,1,1,72,0,1240,0,2026-03-24T15:05:57Z,2026-03-24
e2a77df87fbf97c1_1241,e2a77df87fbf97c1,GAL-LOT-02,GAL-LOT,GOLD8BAR,20,-37,0,1,PASS,1,1,72,0,1241,0,2026-03-24T15:05:57Z,2026-03-24
e2a77df87fbf97c1_1242,e2a77df87fbf97c1,GAL-LOT-02,GAL-LOT,GOLD8BAR,21,-37,0,1,PASS,1,1,72,0,1242,0,2026-03-24T15:05:57Z,2026-03-24
e2a77df87fbf97c1_1243,e2a77df87fbf97c1,GAL-LOT-02,GAL-LOT,GOLD8BAR,22,-37,0,1,PASS,1,1,74,0,1243,0,2026-03-24T15:05:57Z,2026-03-24
e2a77df87fbf97c1_1244,e2a77df87fbf97c1,GAL-LOT-02,GAL-LOT,GOLD8BAR,23,-37,0,1,PASS,1,1,72,0,1244,0,2026-03-24T15:05:57Z,2026-03-24
e2a77df87fbf97c1_1245,e2a77df87fbf97c1,GAL-LOT-02,GAL-LOT,GOLD8BAR,24,-37,0,1,PASS,1,1,72,0,1245,0,2026-03-24T15:05:57Z,2026-03-24
e2a77df87fbf97c1_1246,e2a77df87fbf97c1,GAL-LOT-02,GAL-LOT,GOLD8BAR,25,-37,0,1,PASS,1,1,72,0,1246,0,2026-03-24T15:05:57Z,2026-03-24
e2a77df87fbf97c1_1247,e2a77df87fbf97c1,GAL-LOT-02,GAL-LOT,GOLD8BAR,26,-37,0,1,PASS,1,1,72,0,1247,0,2026-03-24T15:05:57Z,2026-03-24
e2a77df87fbf97c1_1248,e2a77df87fbf97c1,GAL-LOT-02,GAL-LOT,GOLD8BAR,27,-37,0,1,PASS,1,1,72,0,1248,0,2026-03-24T15:05:57Z,2026-03-24
e2a77df87fbf97c1_1249,e2a77df87fbf97c1,GAL-LOT-02,GAL-LOT,GOLD8BAR,28,-37,0,1,FAIL,8,8,32,0,1249,0,2026-03-24T15:05:57Z,2026-03-24
e2a77df87fbf97c1_1250,e2a77df87fbf97c1,GAL-LOT-02,GAL-LOT,GOLD8BAR,29,-37,0,1,PASS,1,1,74,0,1250,0,2026-03-24T15:05:57Z,2026-03-24
e2a77df87fbf97c1_1251,e2a77df87fbf97c1,GAL-LOT-02,GAL-LOT,GOLD8BAR,30,-37,0,1,PASS,1,1,72,0,1251,0,2026-03-24T15:05:57Z,2026-03-24
e2a77df87fbf97c1_1252,e2a77df87fbf97c1,GAL-LOT-02,GAL-LOT,GOLD8BAR,31,-37,0,1,FAIL,20,20,62,0,1252,0,2026-03-24T15:05:57Z,2026-03-24
e2a77df87fbf97c1_1253,e2a77df87fbf97c1,GAL-LOT-02,GAL-LOT,GOLD8BAR,32,-37,0,1,PASS,1,1,74,0,1253,0,2026-03-24T15:05:57Z,2026-03-24
e2a77df87fbf97c1_1254,e2a77df87fbf97c1,GAL-LOT-02,GAL-LOT,GOLD8BAR,33,-37,0,1,PASS,1,1,72,0,1254,0,2026-03-24T15:05:57Z,2026-03-24
e2a77df87fbf97c1_1255,e2a77df87fbf97c1,GAL-LOT-02,GAL-LOT,GOLD8BAR,34,-37,0,1,PASS,1,1,72,0,1255,0,2026-03-24T15:05:57Z,2026-03-24
e2a77df87fbf97c1_1256,e2a77df87fbf97c1,GAL-LOT-02,GAL-LOT,GOLD8BAR,35,-37,0,1,PASS,1,1,72,0,1256,0,2026-03-24T15:05:57Z,2026-03-24
e2a77df87fbf97c1_1257,e2a77df87fbf97c1,GAL-LOT-02,GAL-LOT,GOLD8BAR,36,-37,0,1,PASS,1,1,72,0,1257,0,2026-03-24T15:05:57Z,2026-03-24
e2a77df87fbf97c1_1258,e2a77df87fbf97c1,GAL-LOT-02,GAL-LOT,GOLD8BAR,37,-37,0,1,PASS,1,1,72,0,1258,0,2026-03-24T15:05:57Z,2026-03-24
e2a77df87fbf97c1_1259,e2a77df87fbf97c1,GAL-LOT-02,GAL-LOT,GOLD8BAR,40,-37,0,1,PASS,1,1,74,0,1259,0,2026-03-24T15:05:57Z,2026-03-24
e2a77df87fbf97c1_1260,e2a77df87fbf97c1,GAL-LOT-02,GAL-LOT,GOLD8BAR,41,-37,0,1,PASS,1,1,54,0,1260,0,2026-03-24T15:05:57Z,2026-03-24
e2a77df87fbf97c1_1261,e2a77df87fbf97c1,GAL-LOT-02,GAL-LOT,GOLD8BAR,42,-37,0,1,PASS,1,1,72,0,1261,0,2026-03-24T15:05:57Z,2026-03-24
e2a77df87fbf97c1_1262,e2a77df87fbf97c1,GAL-LOT-02,GAL-LOT,GOLD8BAR,41,-38,0,1,PASS,1,1,72,0,1262,0,2026-03-24T15:05:57Z,2026-03-24
e2a77df87fbf97c1_1263,e2a77df87fbf97c1,GAL-LOT-02,GAL-LOT,GOLD8BAR,40,-38,0,1,PASS,1,1,72,0,1263,0,2026-03-24T15:05:57Z,2026-03-24
e2a77df87fbf97c1_1264,e2a77df87fbf97c1,GAL-LOT-02,GAL-LOT,GOLD8BAR,39,-38,0,1,PASS,1,1,72,0,1264,0,2026-03-24T15:05:57Z,2026-03-24
e2a77df87fbf97c1_1265,e2a77df87fbf97c1,GAL-LOT-02,GAL-LOT,GOLD8BAR,38,-38,0,1,PASS,1,1,56,0,1265,0,2026-03-24T15:05:57Z,2026-03-24
e2a77df87fbf97c1_1266,e2a77df87fbf97c1,GAL-LOT-02,GAL-LOT,GOLD8BAR,37,-38,0,1,PASS,1,1,72,0,1266,0,2026-03-24T15:05:57Z,2026-03-24
e2a77df87fbf97c1_1267,e2a77df87fbf97c1,GAL-LOT-02,GAL-LOT,GOLD8BAR,36,-38,0,1,PASS,1,1,54,0,1267,0,2026-03-24T15:05:57Z,2026-03-24
e2a77df87fbf97c1_1268,e2a77df87fbf97c1,GAL-LOT-02,GAL-LOT,GOLD8BAR,35,-38,0,1,PASS,1,1,72,0,1268,0,2026-03-24T15:05:57Z,2026-03-24
e2a77df87fbf97c1_1269,e2a77df87fbf97c1,GAL-LOT-02,GAL-LOT,GOLD8BAR,34,-38,0,1,PASS,1,1,54,0,1269,0,2026-03-24T15:05:57Z,2026-03-24
e2a77df87fbf97c1_1270,e2a77df87fbf97c1,GAL-LOT-02,GAL-LOT,GOLD8BAR,33,-38,0,1,FAIL,2,2,55,0,1270,0,2026-03-24T15:05:57Z,2026-03-24
e2a77df87fbf97c1_1271,e2a77df87fbf97c1,GAL-LOT-02,GAL-LOT,GOLD8BAR,32,-38,0,1,PASS,1,1,56,0,1271,0,2026-03-24T15:05:57Z,2026-03-24
e2a77df87fbf97c1_1272,e2a77df87fbf97c1,GAL-LOT-02,GAL-LOT,GOLD8BAR,31,-38,0,1,PASS,1,1,72,0,1272,0,2026-03-24T15:05:57Z,2026-03-24
e2a77df87fbf97c1_1273,e2a77df87fbf97c1,GAL-LOT-02,GAL-LOT,GOLD8BAR,30,-38,0,1,PASS,1,1,72,0,1273,0,2026-03-24T15:05:57Z,2026-03-24
e2a77df87fbf97c1_1274,e2a77df87fbf97c1,GAL-LOT-02,GAL-LOT,GOLD8BAR,29,-38,0,1,FAIL,8,8,32,0,1274,0,2026-03-24T15:05:57Z,2026-03-24
e2a77df87fbf97c1_1275,e2a77df87fbf97c1,GAL-LOT-02,GAL-LOT,GOLD8BAR,28,-38,0,1,PASS,1,1,74,0,1275,0,2026-03-24T15:05:57Z,2026-03-24
e2a77df87fbf97c1_1276,e2a77df87fbf97c1,GAL-LOT-02,GAL-LOT,GOLD8BAR,27,-38,0,1,PASS,1,1,72,0,1276,0,2026-03-24T15:05:57Z,2026-03-24
e2a77df87fbf97c1_1277,e2a77df87fbf97c1,GAL-LOT-02,GAL-LOT,GOLD8BAR,26,-38,0,1,PASS,1,1,54,0,1277,0,2026-03-24T15:05:57Z,2026-03-24
e2a77df87fbf97c1_1278,e2a77df87fbf97c1,GAL-LOT-02,GAL-LOT,GOLD8BAR,25,-38,0,1,PASS,1,1,72,0,1278,0,2026-03-24T15:05:57Z,2026-03-24
e2a77df87fbf97c1_1279,e2a77df87fbf97c1,GAL-LOT-02,GAL-LOT,GOLD8BAR,24,-38,0,1,PASS,1,1,72,0,1279,0,2026-03-24T15:05:57Z,2026-03-24
e2a77df87fbf97c1_1280,e2a77df87fbf97c1,GAL-LOT-02,GAL-LOT,GOLD8BAR,23,-38,0,1,PASS,1,1,72,0,1280,0,2026-03-24T15:05:57Z,2026-03-24
e2a77df87fbf97c1_1281,e2a77df87fbf97c1,GAL-LOT-02,GAL-LOT,GOLD8BAR,22,-38,0,1,PASS,1,1,56,0,1281,0,2026-03-24T15:05:57Z,2026-03-24
e2a77df87fbf97c1_1282,e2a77df87fbf97c1,GAL-LOT-02,GAL-LOT,GOLD8BAR,21,-38,0,1,PASS,1,1,72,0,1282,0,2026-03-24T15:05:57Z,2026-03-24
e2a77df87fbf97c1_1283,e2a77df87fbf97c1,GAL-LOT-02,GAL-LOT,GOLD8BAR,20,-38,0,1,PASS,1,1,72,0,1283,0,2026-03-24T15:05:57Z,2026-03-24
e2a77df87fbf97c1_1284,e2a77df87fbf97c1,GAL-LOT-02,GAL-LOT,GOLD8BAR,19,-38,0,1,PASS,1,1,72,0,1284,0,2026-03-24T15:05:57Z,2026-03-24
e2a77df87fbf97c1_1285,e2a77df87fbf97c1,GAL-LOT-02,GAL-LOT,GOLD8BAR,18,-38,0,1,PASS,1,1,72,0,1285,0,2026-03-24T15:05:57Z,2026-03-24
e2a77df87fbf97c1_1286,e2a77df87fbf97c1,GAL-LOT-02,GAL-LOT,GOLD8BAR,17,-38,0,1,PASS,1,1,72,0,1286,0,2026-03-24T15:05:57Z,2026-03-24
e2a77df87fbf97c1_1287,e2a77df87fbf97c1,GAL-LOT-02,GAL-LOT,GOLD8BAR,16,-38,0,1,PASS,1,1,74,0,1287,0,2026-03-24T15:05:57Z,2026-03-24
e2a77df87fbf97c1_1288,e2a77df87fbf97c1,GAL-LOT-02,GAL-LOT,GOLD8BAR,15,-38,0,1,PASS,1,1,72,0,1288,0,2026-03-24T15:05:57Z,2026-03-24
e2a77df87fbf97c1_1289,e2a77df87fbf97c1,GAL-LOT-02,GAL-LOT,GOLD8BAR,14,-38,0,1,PASS,1,1,72,0,1289,0,2026-03-24T15:05:57Z,2026-03-24
e2a77df87fbf97c1_1290,e2a77df87fbf97c1,GAL-LOT-02,GAL-LOT,GOLD8BAR,13,-38,0,1,PASS,1,1,72,0,1290,0,2026-03-24T15:05:57Z,2026-03-24
e2a77df87fbf97c1_1291,e2a77df87fbf97c1,GAL-LOT-02,GAL-LOT,GOLD8BAR,12,-38,0,1,PASS,1,1,72,0,1291,0,2026-03-24T15:05:57Z,2026-03-24
e2a77df87fbf97c1_1292,e2a77df87fbf97c1,GAL-LOT-02,GAL-LOT,GOLD8BAR,11,-38,0,1,PASS,1,1,72,0,1292,0,2026-03-24T15:05:57Z,2026-03-24
e2a77df87fbf97c1_1293,e2a77df87fbf97c1,GAL-LOT-02,GAL-LOT,GOLD8BAR,10,-38,0,1,PASS,1,1,74,0,1293,0,2026-03-24T15:05:57Z,2026-03-24
e2a77df87fbf97c1_1294,e2a77df87fbf97c1,GAL-LOT-02,GAL-LOT,GOLD8BAR,9,-38,0,1,PASS,1,1,72,0,1294,0,2026-03-24T15:05:57Z,2026-03-24
e2a77df87fbf97c1_1295,e2a77df87fbf97c1,GAL-LOT-02,GAL-LOT,GOLD8BAR,10,-39,0,1,PASS,1,1,72,0,1295,0,2026-03-24T15:05:57Z,2026-03-24
e2a77df87fbf97c1_1296,e2a77df87fbf97c1,GAL-LOT-02,GAL-LOT,GOLD8BAR,11,-39,0,1,PASS,1,1,72,0,1296,0,2026-03-24T15:05:57Z,2026-03-24
e2a77df87fbf97c1_1297,e2a77df87fbf97c1,GAL-LOT-02,GAL-LOT,GOLD8BAR,12,-39,0,1,PASS,1,1,72,0,1297,0,2026-03-24T15:05:57Z,2026-03-24
e2a77df87fbf97c1_1298,e2a77df87fbf97c1,GAL-LOT-02,GAL-LOT,GOLD8BAR,13,-39,0,1,PASS,1,1,72,0,1298,0,2026-03-24T15:05:57Z,2026-03-24
e2a77df87fbf97c1_1299,e2a77df87fbf97c1,GAL-LOT-02,GAL-LOT,GOLD8BAR,14,-39,0,1,PASS,1,1,74,0,1299,0,2026-03-24T15:05:57Z,2026-03-24
e2a77df87fbf97c1_1300,e2a77df87fbf97c1,GAL-LOT-02,GAL-LOT,GOLD8BAR,15,-39,0,1,PASS,1,1,72,0,1300,0,2026-03-24T15:05:57Z,2026-03-24
e2a77df87fbf97c1_1301,e2a77df87fbf97c1,GAL-LOT-02,GAL-LOT,GOLD8BAR,16,-39,0,1,PASS,1,1,72,0,1301,0,2026-03-24T15:05:57Z,2026-03-24
e2a77df87fbf97c1_1302,e2a77df87fbf97c1,GAL-LOT-02,GAL-LOT,GOLD8BAR,17,-39,0,1,PASS,1,1,72,0,1302,0,2026-03-24T15:05:57Z,2026-03-24
e2a77df87fbf97c1_1303,e2a77df87fbf97c1,GAL-LOT-02,GAL-LOT,GOLD8BAR,18,-39,0,1,PASS,1,1,72,0,1303,0,2026-03-24T15:05:57Z,2026-03-24
e2a77df87fbf97c1_1304,e2a77df87fbf97c1,GAL-LOT-02,GAL-LOT,GOLD8BAR,19,-39,0,1,PASS,1,1,72,0,1304,0,2026-03-24T15:05:57Z,2026-03-24
e2a77df87fbf97c1_1305,e2a77df87fbf97c1,GAL-LOT-02,GAL-LOT,GOLD8BAR,20,-39,0,1,PASS,1,1,74,0,1305,0,2026-03-24T15:05:57Z,2026-03-24
e2a77df87fbf97c1_1306,e2a77df87fbf97c1,GAL-LOT-02,GAL-LOT,GOLD8BAR,21,-39,0,1,PASS,1,1,72,0,1306,0,2026-03-24T15:05:57Z,2026-03-24
e2a77df87fbf97c1_1307,e2a77df87fbf97c1,GAL-LOT-02,GAL-LOT,GOLD8BAR,22,-39,0,1,PASS,1,1,72,0,1307,0,2026-03-24T15:05:57Z,2026-03-24
e2a77df87fbf97c1_1308,e2a77df87fbf97c1,GAL-LOT-02,GAL-LOT,GOLD8BAR,23,-39,0,1,PASS,1,1,54,0,1308,0,2026-03-24T15:05:57Z,2026-03-24
e2a77df87fbf97c1_1309,e2a77df87fbf97c1,GAL-LOT-02,GAL-LOT,GOLD8BAR,24,-39,0,1,PASS,1,1,72,0,1309,0,2026-03-24T15:05:57Z,2026-03-24
e2a77df87fbf97c1_1310,e2a77df87fbf97c1,GAL-LOT-02,GAL-LOT,GOLD8BAR,25,-39,0,1,PASS,1,1,72,0,1310,0,2026-03-24T15:05:57Z,2026-03-24
e2a77df87fbf97c1_1311,e2a77df87fbf97c1,GAL-LOT-02,GAL-LOT,GOLD8BAR,26,-39,0,1,PASS,1,1,74,0,1311,0,2026-03-24T15:05:57Z,2026-03-24
e2a77df87fbf97c1_1312,e2a77df87fbf97c1,GAL-LOT-02,GAL-LOT,GOLD8BAR,27,-39,0,1,PASS,1,1,72,0,1312,0,2026-03-24T15:05:57Z,2026-03-24
e2a77df87fbf97c1_1313,e2a77df87fbf97c1,GAL-LOT-02,GAL-LOT,GOLD8BAR,28,-39,0,1,PASS,1,1,54,0,1313,0,2026-03-24T15:05:57Z,2026-03-24
e2a77df87fbf97c1_1314,e2a77df87fbf97c1,GAL-LOT-02,GAL-LOT,GOLD8BAR,29,-39,0,1,PASS,1,1,72,0,1314,0,2026-03-24T15:05:57Z,2026-03-24
e2a77df87fbf97c1_1315,e2a77df87fbf97c1,GAL-LOT-02,GAL-LOT,GOLD8BAR,30,-39,0,1,PASS,1,1,54,0,1315,0,2026-03-24T15:05:57Z,2026-03-24
e2a77df87fbf97c1_1316,e2a77df87fbf97c1,GAL-LOT-02,GAL-LOT,GOLD8BAR,31,-39,0,1,PASS,1,1,72,0,1316,0,2026-03-24T15:05:57Z,2026-03-24
e2a77df87fbf97c1_1317,e2a77df87fbf97c1,GAL-LOT-02,GAL-LOT,GOLD8BAR,32,-39,0,1,PASS,1,1,74,0,1317,0,2026-03-24T15:05:57Z,2026-03-24
e2a77df87fbf97c1_1318,e2a77df87fbf97c1,GAL-LOT-02,GAL-LOT,GOLD8BAR,33,-39,0,1,PASS,1,1,72,0,1318,0,2026-03-24T15:05:57Z,2026-03-24
e2a77df87fbf97c1_1319,e2a77df87fbf97c1,GAL-LOT-02,GAL-LOT,GOLD8BAR,34,-39,0,1,PASS,1,1,54,0,1319,0,2026-03-24T15:05:57Z,2026-03-24
e2a77df87fbf97c1_1320,e2a77df87fbf97c1,GAL-LOT-02,GAL-LOT,GOLD8BAR,35,-39,0,1,PASS,1,1,72,0,1320,0,2026-03-24T15:05:57Z,2026-03-24
e2a77df87fbf97c1_1321,e2a77df87fbf97c1,GAL-LOT-02,GAL-LOT,GOLD8BAR,36,-39,0,1,PASS,1,1,72,0,1321,0,2026-03-24T15:05:57Z,2026-03-24
e2a77df87fbf97c1_1322,e2a77df87fbf97c1,GAL-LOT-02,GAL-LOT,GOLD8BAR,37,-39,0,1,PASS,1,1,72,0,1322,0,2026-03-24T15:05:57Z,2026-03-24
e2a77df87fbf97c1_1323,e2a77df87fbf97c1,GAL-LOT-02,GAL-LOT,GOLD8BAR,38,-39,0,1,PASS,1,1,74,0,1323,0,2026-03-24T15:05:57Z,2026-03-24
e2a77df87fbf97c1_1324,e2a77df87fbf97c1,GAL-LOT-02,GAL-LOT,GOLD8BAR,39,-39,0,1,PASS,1,1,54,0,1324,0,2026-03-24T15:05:57Z,2026-03-24
e2a77df87fbf97c1_1325,e2a77df87fbf97c1,GAL-LOT-02,GAL-LOT,GOLD8BAR,40,-39,0,1,FAIL,8,8,32,0,1325,0,2026-03-24T15:05:57Z,2026-03-24
e2a77df87fbf97c1_1326,e2a77df87fbf97c1,GAL-LOT-02,GAL-LOT,GOLD8BAR,39,-40,0,1,PASS,1,1,56,0,1326,0,2026-03-24T15:05:57Z,2026-03-24
e2a77df87fbf97c1_1327,e2a77df87fbf97c1,GAL-LOT-02,GAL-LOT,GOLD8BAR,38,-40,0,1,PASS,1,1,72,0,1327,0,2026-03-24T15:05:57Z,2026-03-24
e2a77df87fbf97c1_1328,e2a77df87fbf97c1,GAL-LOT-02,GAL-LOT,GOLD8BAR,37,-40,0,1,PASS,1,1,72,0,1328,0,2026-03-24T15:05:57Z,2026-03-24
e2a77df87fbf97c1_1329,e2a77df87fbf97c1,GAL-LOT-02,GAL-LOT,GOLD8BAR,36,-40,0,1,PASS,1,1,54,0,1329,0,2026-03-24T15:05:57Z,2026-03-24
e2a77df87fbf97c1_1330,e2a77df87fbf97c1,GAL-LOT-02,GAL-LOT,GOLD8BAR,35,-40,0,1,PASS,1,1,72,0,1330,0,2026-03-24T15:05:57Z,2026-03-24
e2a77df87fbf97c1_1331,e2a77df87fbf97c1,GAL-LOT-02,GAL-LOT,GOLD8BAR,34,-40,0,1,FAIL,2,2,37,0,1331,0,2026-03-24T15:05:57Z,2026-03-24
e2a77df87fbf97c1_1332,e2a77df87fbf97c1,GAL-LOT-02,GAL-LOT,GOLD8BAR,33,-40,0,1,PASS,1,1,74,0,1332,0,2026-03-24T15:05:57Z,2026-03-24
e2a77df87fbf97c1_1333,e2a77df87fbf97c1,GAL-LOT-02,GAL-LOT,GOLD8BAR,32,-40,0,1,PASS,1,1,72,0,1333,0,2026-03-24T15:05:57Z,2026-03-24
e2a77df87fbf97c1_1334,e2a77df87fbf97c1,GAL-LOT-02,GAL-LOT,GOLD8BAR,31,-40,0,1,PASS,1,1,54,0,1334,0,2026-03-24T15:05:57Z,2026-03-24
e2a77df87fbf97c1_1335,e2a77df87fbf97c1,GAL-LOT-02,GAL-LOT,GOLD8BAR,30,-40,0,1,PASS,1,1,54,0,1335,0,2026-03-24T15:05:57Z,2026-03-24
e2a77df87fbf97c1_1336,e2a77df87fbf97c1,GAL-LOT-02,GAL-LOT,GOLD8BAR,29,-40,0,1,PASS,1,1,54,0,1336,0,2026-03-24T15:05:57Z,2026-03-24
e2a77df87fbf97c1_1337,e2a77df87fbf97c1,GAL-LOT-02,GAL-LOT,GOLD8BAR,28,-40,0,1,PASS,1,1,72,0,1337,0,2026-03-24T15:05:57Z,2026-03-24
e2a77df87fbf97c1_1338,e2a77df87fbf97c1,GAL-LOT-02,GAL-LOT,GOLD8BAR,27,-40,0,1,PASS,1,1,56,0,1338,0,2026-03-24T15:05:57Z,2026-03-24
e2a77df87fbf97c1_1339,e2a77df87fbf97c1,GAL-LOT-02,GAL-LOT,GOLD8BAR,26,-40,0,1,PASS,1,1,72,0,1339,0,2026-03-24T15:05:57Z,2026-03-24
e2a77df87fbf97c1_1340,e2a77df87fbf97c1,GAL-LOT-02,GAL-LOT,GOLD8BAR,25,-40,0,1,PASS,1,1,72,0,1340,0,2026-03-24T15:05:57Z,2026-03-24
e2a77df87fbf97c1_1341,e2a77df87fbf97c1,GAL-LOT-02,GAL-LOT,GOLD8BAR,24,-40,0,1,PASS,1,1,54,0,1341,0,2026-03-24T15:05:57Z,2026-03-24
e2a77df87fbf97c1_1342,e2a77df87fbf97c1,GAL-LOT-02,GAL-LOT,GOLD8BAR,23,-40,0,1,PASS,1,1,54,0,1342,0,2026-03-24T15:05:57Z,2026-03-24
e2a77df87fbf97c1_1343,e2a77df87fbf97c1,GAL-LOT-02,GAL-LOT,GOLD8BAR,22,-40,0,1,PASS,1,1,72,0,1343,0,2026-03-24T15:05:57Z,2026-03-24
e2a77df87fbf97c1_1344,e2a77df87fbf97c1,GAL-LOT-02,GAL-LOT,GOLD8BAR,21,-40,0,1,PASS,1,1,74,0,1344,0,2026-03-24T15:05:57Z,2026-03-24
e2a77df87fbf97c1_1345,e2a77df87fbf97c1,GAL-LOT-02,GAL-LOT,GOLD8BAR,20,-40,0,1,PASS,1,1,72,0,1345,0,2026-03-24T15:05:57Z,2026-03-24
e2a77df87fbf97c1_1346,e2a77df87fbf97c1,GAL-LOT-02,GAL-LOT,GOLD8BAR,19,-40,0,1,PASS,1,1,72,0,1346,0,2026-03-24T15:05:57Z,2026-03-24
e2a77df87fbf97c1_1347,e2a77df87fbf97c1,GAL-LOT-02,GAL-LOT,GOLD8BAR,18,-40,0,1,PASS,1,1,72,0,1347,0,2026-03-24T15:05:57Z,2026-03-24
e2a77df87fbf97c1_1348,e2a77df87fbf97c1,GAL-LOT-02,GAL-LOT,GOLD8BAR,17,-40,0,1,PASS,1,1,54,0,1348,0,2026-03-24T15:05:57Z,2026-03-24
e2a77df87fbf97c1_1349,e2a77df87fbf97c1,GAL-LOT-02,GAL-LOT,GOLD8BAR,16,-40,0,1,PASS,1,1,72,0,1349,0,2026-03-24T15:05:57Z,2026-03-24
e2a77df87fbf97c1_1350,e2a77df87fbf97c1,GAL-LOT-02,GAL-LOT,GOLD8BAR,15,-40,0,1,PASS,1,1,74,0,1350,0,2026-03-24T15:05:57Z,2026-03-24
e2a77df87fbf97c1_1351,e2a77df87fbf97c1,GAL-LOT-02,GAL-LOT,GOLD8BAR,14,-40,0,1,FAIL,2,2,37,0,1351,0,2026-03-24T15:05:57Z,2026-03-24
e2a77df87fbf97c1_1352,e2a77df87fbf97c1,GAL-LOT-02,GAL-LOT,GOLD8BAR,13,-40,0,1,PASS,1,1,74,0,1352,0,2026-03-24T15:05:57Z,2026-03-24
e2a77df87fbf97c1_1353,e2a77df87fbf97c1,GAL-LOT-02,GAL-LOT,GOLD8BAR,12,-40,0,1,PASS,1,1,72,0,1353,0,2026-03-24T15:05:57Z,2026-03-24
e2a77df87fbf97c1_1354,e2a77df87fbf97c1,GAL-LOT-02,GAL-LOT,GOLD8BAR,11,-40,0,1,PASS,1,1,72,0,1354,0,2026-03-24T15:05:57Z,2026-03-24
e2a77df87fbf97c1_1355,e2a77df87fbf97c1,GAL-LOT-02,GAL-LOT,GOLD8BAR,12,-41,0,1,PASS,1,1,72,0,1355,0,2026-03-24T15:05:57Z,2026-03-24
e2a77df87fbf97c1_1356,e2a77df87fbf97c1,GAL-LOT-02,GAL-LOT,GOLD8BAR,13,-41,0,1,PASS,1,1,72,0,1356,0,2026-03-24T15:05:57Z,2026-03-24
e2a77df87fbf97c1_1357,e2a77df87fbf97c1,GAL-LOT-02,GAL-LOT,GOLD8BAR,14,-41,0,1,PASS,1,1,72,0,1357,0,2026-03-24T15:05:57Z,2026-03-24
e2a77df87fbf97c1_1358,e2a77df87fbf97c1,GAL-LOT-02,GAL-LOT,GOLD8BAR,15,-41,0,1,PASS,1,1,74,0,1358,0,2026-03-24T15:05:57Z,2026-03-24
e2a77df87fbf97c1_1359,e2a77df87fbf97c1,GAL-LOT-02,GAL-LOT,GOLD8BAR,16,-41,0,1,PASS,1,1,72,0,1359,0,2026-03-24T15:05:57Z,2026-03-24
e2a77df87fbf97c1_1360,e2a77df87fbf97c1,GAL-LOT-02,GAL-LOT,GOLD8BAR,17,-41,0,1,PASS,1,1,72,0,1360,0,2026-03-24T15:05:57Z,2026-03-24
e2a77df87fbf97c1_1361,e2a77df87fbf97c1,GAL-LOT-02,GAL-LOT,GOLD8BAR,18,-41,0,1,PASS,1,1,72,0,1361,0,2026-03-24T15:05:57Z,2026-03-24
e2a77df87fbf97c1_1362,e2a77df87fbf97c1,GAL-LOT-02,GAL-LOT,GOLD8BAR,19,-41,0,1,PASS,1,1,72,0,1362,0,2026-03-24T15:05:57Z,2026-03-24
e2a77df87fbf97c1_1363,e2a77df87fbf97c1,GAL-LOT-02,GAL-LOT,GOLD8BAR,20,-41,0,1,PASS,1,1,72,0,1363,0,2026-03-24T15:05:57Z,2026-03-24
e2a77df87fbf97c1_1364,e2a77df87fbf97c1,GAL-LOT-02,GAL-LOT,GOLD8BAR,21,-41,0,1,PASS,1,1,74,0,1364,0,2026-03-24T15:05:57Z,2026-03-24
e2a77df87fbf97c1_1365,e2a77df87fbf97c1,GAL-LOT-02,GAL-LOT,GOLD8BAR,22,-41,0,1,PASS,1,1,72,0,1365,0,2026-03-24T15:05:57Z,2026-03-24
e2a77df87fbf97c1_1366,e2a77df87fbf97c1,GAL-LOT-02,GAL-LOT,GOLD8BAR,23,-41,0,1,PASS,1,1,72,0,1366,0,2026-03-24T15:05:57Z,2026-03-24
e2a77df87fbf97c1_1367,e2a77df87fbf97c1,GAL-LOT-02,GAL-LOT,GOLD8BAR,24,-41,0,1,PASS,1,1,54,0,1367,0,2026-03-24T15:05:57Z,2026-03-24
e2a77df87fbf97c1_1368,e2a77df87fbf97c1,GAL-LOT-02,GAL-LOT,GOLD8BAR,25,-41,0,1,PASS,1,1,54,0,1368,0,2026-03-24T15:05:57Z,2026-03-24
e2a77df87fbf97c1_1369,e2a77df87fbf97c1,GAL-LOT-02,GAL-LOT,GOLD8BAR,26,-41,0,1,PASS,1,1,72,0,1369,0,2026-03-24T15:05:57Z,2026-03-24
e2a77df87fbf97c1_1370,e2a77df87fbf97c1,GAL-LOT-02,GAL-LOT,GOLD8BAR,27,-41,0,1,PASS,1,1,56,0,1370,0,2026-03-24T15:05:57Z,2026-03-24
e2a77df87fbf97c1_1371,e2a77df87fbf97c1,GAL-LOT-02,GAL-LOT,GOLD8BAR,28,-41,0,1,PASS,1,1,54,0,1371,0,2026-03-24T15:05:57Z,2026-03-24
e2a77df87fbf97c1_1372,e2a77df87fbf97c1,GAL-LOT-02,GAL-LOT,GOLD8BAR,29,-41,0,1,PASS,1,1,54,0,1372,0,2026-03-24T15:05:57Z,2026-03-24
e2a77df87fbf97c1_1373,e2a77df87fbf97c1,GAL-LOT-02,GAL-LOT,GOLD8BAR,30,-41,0,1,PASS,1,1,54,0,1373,0,2026-03-24T15:05:57Z,2026-03-24
e2a77df87fbf97c1_1374,e2a77df87fbf97c1,GAL-LOT-02,GAL-LOT,GOLD8BAR,31,-41,0,1,PASS,1,1,72,0,1374,0,2026-03-24T15:05:57Z,2026-03-24
e2a77df87fbf97c1_1375,e2a77df87fbf97c1,GAL-LOT-02,GAL-LOT,GOLD8BAR,32,-41,0,1,PASS,1,1,54,0,1375,0,2026-03-24T15:05:57Z,2026-03-24
e2a77df87fbf97c1_1376,e2a77df87fbf97c1,GAL-LOT-02,GAL-LOT,GOLD8BAR,33,-41,0,1,FAIL,20,20,64,0,1376,0,2026-03-24T15:05:57Z,2026-03-24
e2a77df87fbf97c1_1377,e2a77df87fbf97c1,GAL-LOT-02,GAL-LOT,GOLD8BAR,34,-41,0,1,PASS,1,1,74,0,1377,0,2026-03-24T15:05:57Z,2026-03-24
e2a77df87fbf97c1_1378,e2a77df87fbf97c1,GAL-LOT-02,GAL-LOT,GOLD8BAR,35,-41,0,1,PASS,1,1,72,0,1378,0,2026-03-24T15:05:57Z,2026-03-24
e2a77df87fbf97c1_1379,e2a77df87fbf97c1,GAL-LOT-02,GAL-LOT,GOLD8BAR,36,-41,0,1,PASS,1,1,72,0,1379,0,2026-03-24T15:05:57Z,2026-03-24
e2a77df87fbf97c1_1380,e2a77df87fbf97c1,GAL-LOT-02,GAL-LOT,GOLD8BAR,37,-41,0,1,PASS,1,1,54,0,1380,0,2026-03-24T15:05:57Z,2026-03-24
e2a77df87fbf97c1_1381,e2a77df87fbf97c1,GAL-LOT-02,GAL-LOT,GOLD8BAR,38,-41,0,1,PASS,1,1,72,0,1381,0,2026-03-24T15:05:57Z,2026-03-24
e2a77df87fbf97c1_1382,e2a77df87fbf97c1,GAL-LOT-02,GAL-LOT,GOLD8BAR,37,-42,0,1,PASS,1,1,72,0,1382,0,2026-03-24T15:05:57Z,2026-03-24
e2a77df87fbf97c1_1383,e2a77df87fbf97c1,GAL-LOT-02,GAL-LOT,GOLD8BAR,36,-42,0,1,PASS,1,1,74,0,1383,0,2026-03-24T15:05:57Z,2026-03-24
e2a77df87fbf97c1_1384,e2a77df87fbf97c1,GAL-LOT-02,GAL-LOT,GOLD8BAR,35,-42,0,1,PASS,1,1,54,0,1384,0,2026-03-24T15:05:57Z,2026-03-24
e2a77df87fbf97c1_1385,e2a77df87fbf97c1,GAL-LOT-02,GAL-LOT,GOLD8BAR,34,-42,0,1,PASS,1,1,72,0,1385,0,2026-03-24T15:05:57Z,2026-03-24
e2a77df87fbf97c1_1386,e2a77df87fbf97c1,GAL-LOT-02,GAL-LOT,GOLD8BAR,33,-42,0,1,PASS,1,1,72,0,1386,0,2026-03-24T15:05:57Z,2026-03-24
e2a77df87fbf97c1_1387,e2a77df87fbf97c1,GAL-LOT-02,GAL-LOT,GOLD8BAR,32,-42,0,1,PASS,1,1,72,0,1387,0,2026-03-24T15:05:57Z,2026-03-24
e2a77df87fbf97c1_1388,e2a77df87fbf97c1,GAL-LOT-02,GAL-LOT,GOLD8BAR,31,-42,0,1,PASS,1,1,54,0,1388,0,2026-03-24T15:05:57Z,2026-03-24
e2a77df87fbf97c1_1389,e2a77df87fbf97c1,GAL-LOT-02,GAL-LOT,GOLD8BAR,30,-42,0,1,PASS,1,1,56,0,1389,0,2026-03-24T15:05:57Z,2026-03-24
e2a77df87fbf97c1_1390,e2a77df87fbf97c1,GAL-LOT-02,GAL-LOT,GOLD8BAR,29,-42,0,1,PASS,1,1,54,0,1390,0,2026-03-24T15:05:57Z,2026-03-24
e2a77df87fbf97c1_1391,e2a77df87fbf97c1,GAL-LOT-02,GAL-LOT,GOLD8BAR,28,-42,0,1,PASS,1,1,72,0,1391,0,2026-03-24T15:05:57Z,2026-03-24
e2a77df87fbf97c1_1392,e2a77df87fbf97c1,GAL-LOT-02,GAL-LOT,GOLD8BAR,27,-42,0,1,PASS,1,1,54,0,1392,0,2026-03-24T15:05:57Z,2026-03-24
e2a77df87fbf97c1_1393,e2a77df87fbf97c1,GAL-LOT-02,GAL-LOT,GOLD8BAR,26,-42,0,1,PASS,1,1,54,0,1393,0,2026-03-24T15:05:57Z,2026-03-24
e2a77df87fbf97c1_1394,e2a77df87fbf97c1,GAL-LOT-02,GAL-LOT,GOLD8BAR,25,-42,0,1,PASS,1,1,54,0,1394,0,2026-03-24T15:05:57Z,2026-03-24
e2a77df87fbf97c1_1395,e2a77df87fbf97c1,GAL-LOT-02,GAL-LOT,GOLD8BAR,24,-42,0,1,PASS,1,1,74,0,1395,0,2026-03-24T15:05:57Z,2026-03-24
e2a77df87fbf97c1_1396,e2a77df87fbf97c1,GAL-LOT-02,GAL-LOT,GOLD8BAR,23,-42,0,1,PASS,1,1,54,0,1396,0,2026-03-24T15:05:57Z,2026-03-24
e2a77df87fbf97c1_1397,e2a77df87fbf97c1,GAL-LOT-02,GAL-LOT,GOLD8BAR,22,-42,0,1,PASS,1,1,72,0,1397,0,2026-03-24T15:05:57Z,2026-03-24
e2a77df87fbf97c1_1398,e2a77df87fbf97c1,GAL-LOT-02,GAL-LOT,GOLD8BAR,21,-42,0,1,PASS,1,1,72,0,1398,0,2026-03-24T15:05:57Z,2026-03-24
e2a77df87fbf97c1_1399,e2a77df87fbf97c1,GAL-LOT-02,GAL-LOT,GOLD8BAR,20,-42,0,1,PASS,1,1,72,0,1399,0,2026-03-24T15:05:57Z,2026-03-24
e2a77df87fbf97c1_1400,e2a77df87fbf97c1,GAL-LOT-02,GAL-LOT,GOLD8BAR,19,-42,0,1,PASS,1,1,72,0,1400,0,2026-03-24T15:05:57Z,2026-03-24
e2a77df87fbf97c1_1401,e2a77df87fbf97c1,GAL-LOT-02,GAL-LOT,GOLD8BAR,18,-42,0,1,PASS,1,1,74,0,1401,0,2026-03-24T15:05:57Z,2026-03-24
e2a77df87fbf97c1_1402,e2a77df87fbf97c1,GAL-LOT-02,GAL-LOT,GOLD8BAR,17,-42,0,1,PASS,1,1,72,0,1402,0,2026-03-24T15:05:57Z,2026-03-24
e2a77df87fbf97c1_1403,e2a77df87fbf97c1,GAL-LOT-02,GAL-LOT,GOLD8BAR,16,-42,0,1,PASS,1,1,72,0,1403,0,2026-03-24T15:05:57Z,2026-03-24
e2a77df87fbf97c1_1404,e2a77df87fbf97c1,GAL-LOT-02,GAL-LOT,GOLD8BAR,15,-42,0,1,PASS,1,1,72,0,1404,0,2026-03-24T15:05:57Z,2026-03-24
e2a77df87fbf97c1_1405,e2a77df87fbf97c1,GAL-LOT-02,GAL-LOT,GOLD8BAR,14,-42,0,1,PASS,1,1,72,0,1405,0,2026-03-24T15:05:57Z,2026-03-24
e2a77df87fbf97c1_1406,e2a77df87fbf97c1,GAL-LOT-02,GAL-LOT,GOLD8BAR,13,-42,0,1,FAIL,4,4,36,0,1406,0,2026-03-24T15:05:57Z,2026-03-24
e2a77df87fbf97c1_1407,e2a77df87fbf97c1,GAL-LOT-02,GAL-LOT,GOLD8BAR,15,-43,0,1,PASS,1,1,74,0,1407,0,2026-03-24T15:05:57Z,2026-03-24
e2a77df87fbf97c1_1408,e2a77df87fbf97c1,GAL-LOT-02,GAL-LOT,GOLD8BAR,16,-43,0,1,PASS,1,1,72,0,1408,0,2026-03-24T15:05:57Z,2026-03-24
e2a77df87fbf97c1_1409,e2a77df87fbf97c1,GAL-LOT-02,GAL-LOT,GOLD8BAR,17,-43,0,1,PASS,1,1,72,0,1409,0,2026-03-24T15:05:57Z,2026-03-24
e2a77df87fbf97c1_1410,e2a77df87fbf97c1,GAL-LOT-02,GAL-LOT,GOLD8BAR,18,-43,0,1,PASS,1,1,72,0,1410,0,2026-03-24T15:05:57Z,2026-03-24
e2a77df87fbf97c1_1411,e2a77df87fbf97c1,GAL-LOT-02,GAL-LOT,GOLD8BAR,19,-43,0,1,PASS,1,1,72,0,1411,0,2026-03-24T15:05:57Z,2026-03-24
e2a77df87fbf97c1_1412,e2a77df87fbf97c1,GAL-LOT-02,GAL-LOT,GOLD8BAR,20,-43,0,1,PASS,1,1,72,0,1412,0,2026-03-24T15:05:57Z,2026-03-24
e2a77df87fbf97c1_1413,e2a77df87fbf97c1,GAL-LOT-02,GAL-LOT,GOLD8BAR,21,-43,0,1,PASS,1,1,56,0,1413,0,2026-03-24T15:05:57Z,2026-03-24
e2a77df87fbf97c1_1414,e2a77df87fbf97c1,GAL-LOT-02,GAL-LOT,GOLD8BAR,22,-43,0,1,PASS,1,1,72,0,1414,0,2026-03-24T15:05:57Z,2026-03-24
e2a77df87fbf97c1_1415,e2a77df87fbf97c1,GAL-LOT-02,GAL-LOT,GOLD8BAR,23,-43,0,1,PASS,1,1,54,0,1415,0,2026-03-24T15:05:57Z,2026-03-24
e2a77df87fbf97c1_1416,e2a77df87fbf97c1,GAL-LOT-02,GAL-LOT,GOLD8BAR,24,-43,0,1,PASS,1,1,72,0,1416,0,2026-03-24T15:05:57Z,2026-03-24
e2a77df87fbf97c1_1417,e2a77df87fbf97c1,GAL-LOT-02,GAL-LOT,GOLD8BAR,25,-43,0,1,PASS,1,1,54,0,1417,0,2026-03-24T15:05:57Z,2026-03-24
e2a77df87fbf97c1_1418,e2a77df87fbf97c1,GAL-LOT-02,GAL-LOT,GOLD8BAR,26,-43,0,1,PASS,1,1,54,0,1418,0,2026-03-24T15:05:57Z,2026-03-24
e2a77df87fbf97c1_1419,e2a77df87fbf97c1,GAL-LOT-02,GAL-LOT,GOLD8BAR,27,-43,0,1,PASS,1,1,56,0,1419,0,2026-03-24T15:05:57Z,2026-03-24
e2a77df87fbf97c1_1420,e2a77df87fbf97c1,GAL-LOT-02,GAL-LOT,GOLD8BAR,28,-43,0,1,PASS,1,1,72,0,1420,0,2026-03-24T15:05:57Z,2026-03-24
e2a77df87fbf97c1_1421,e2a77df87fbf97c1,GAL-LOT-02,GAL-LOT,GOLD8BAR,29,-43,0,1,PASS,1,1,54,0,1421,0,2026-03-24T15:05:57Z,2026-03-24
e2a77df87fbf97c1_1422,e2a77df87fbf97c1,GAL-LOT-02,GAL-LOT,GOLD8BAR,30,-43,0,1,PASS,1,1,54,0,1422,0,2026-03-24T15:05:57Z,2026-03-24
e2a77df87fbf97c1_1423,e2a77df87fbf97c1,GAL-LOT-02,GAL-LOT,GOLD8BAR,31,-43,0,1,PASS,1,1,72,0,1423,0,2026-03-24T15:05:57Z,2026-03-24
e2a77df87fbf97c1_1424,e2a77df87fbf97c1,GAL-LOT-02,GAL-LOT,GOLD8BAR,32,-43,0,1,PASS,1,1,54,0,1424,0,2026-03-24T15:05:57Z,2026-03-24
e2a77df87fbf97c1_1425,e2a77df87fbf97c1,GAL-LOT-02,GAL-LOT,GOLD8BAR,33,-43,0,1,PASS,1,1,56,0,1425,0,2026-03-24T15:05:57Z,2026-03-24
e2a77df87fbf97c1_1426,e2a77df87fbf97c1,GAL-LOT-02,GAL-LOT,GOLD8BAR,34,-43,0,1,PASS,1,1,72,0,1426,0,2026-03-24T15:05:57Z,2026-03-24
e2a77df87fbf97c1_1427,e2a77df87fbf97c1,GAL-LOT-02,GAL-LOT,GOLD8BAR,35,-43,0,1,PASS,1,1,72,0,1427,0,2026-03-24T15:05:57Z,2026-03-24
e2a77df87fbf97c1_1428,e2a77df87fbf97c1,GAL-LOT-02,GAL-LOT,GOLD8BAR,33,-44,0,1,PASS,1,1,72,0,1428,0,2026-03-24T15:05:57Z,2026-03-24
e2a77df87fbf97c1_1429,e2a77df87fbf97c1,GAL-LOT-02,GAL-LOT,GOLD8BAR,32,-44,0,1,PASS,1,1,72,0,1429,0,2026-03-24T15:05:57Z,2026-03-24
e2a77df87fbf97c1_1430,e2a77df87fbf97c1,GAL-LOT-02,GAL-LOT,GOLD8BAR,31,-44,0,1,PASS,1,1,54,0,1430,0,2026-03-24T15:05:57Z,2026-03-24
e2a77df87fbf97c1_1431,e2a77df87fbf97c1,GAL-LOT-02,GAL-LOT,GOLD8BAR,30,-44,0,1,PASS,1,1,74,0,1431,0,2026-03-24T15:05:57Z,2026-03-24
e2a77df87fbf97c1_1432,e2a77df87fbf97c1,GAL-LOT-02,GAL-LOT,GOLD8BAR,29,-44,0,1,PASS,1,1,54,0,1432,0,2026-03-24T15:05:57Z,2026-03-24
e2a77df87fbf97c1_1433,e2a77df87fbf97c1,GAL-LOT-02,GAL-LOT,GOLD8BAR,28,-44,0,1,PASS,1,1,54,0,1433,0,2026-03-24T15:05:57Z,2026-03-24
e2a77df87fbf97c1_1434,e2a77df87fbf97c1,GAL-LOT-02,GAL-LOT,GOLD8BAR,27,-44,0,1,PASS,1,1,54,0,1434,0,2026-03-24T15:05:57Z,2026-03-24
e2a77df87fbf97c1_1435,e2a77df87fbf97c1,GAL-LOT-02,GAL-LOT,GOLD8BAR,26,-44,0,1,PASS,1,1,54,0,1435,0,2026-03-24T15:05:57Z,2026-03-24
e2a77df87fbf97c1_1436,e2a77df87fbf97c1,GAL-LOT-02,GAL-LOT,GOLD8BAR,25,-44,0,1,FAIL,20,20,44,0,1436,0,2026-03-24T15:05:57Z,2026-03-24
e2a77df87fbf97c1_1437,e2a77df87fbf97c1,GAL-LOT-02,GAL-LOT,GOLD8BAR,24,-44,0,1,PASS,1,1,56,0,1437,0,2026-03-24T15:05:57Z,2026-03-24
e2a77df87fbf97c1_1438,e2a77df87fbf97c1,GAL-LOT-02,GAL-LOT,GOLD8BAR,23,-44,0,1,PASS,1,1,54,0,1438,0,2026-03-24T15:05:57Z,2026-03-24
e2a77df87fbf97c1_1439,e2a77df87fbf97c1,GAL-LOT-02,GAL-LOT,GOLD8BAR,22,-44,0,1,PASS,1,1,72,0,1439,0,2026-03-24T15:05:57Z,2026-03-24
e2a77df87fbf97c1_1440,e2a77df87fbf97c1,GAL-LOT-02,GAL-LOT,GOLD8BAR,21,-44,0,1,PASS,1,1,72,0,1440,0,2026-03-24T15:05:57Z,2026-03-24
e2a77df87fbf97c1_1441,e2a77df87fbf97c1,GAL-LOT-02,GAL-LOT,GOLD8BAR,20,-44,0,1,PASS,1,1,72,0,1441,0,2026-03-24T15:05:57Z,2026-03-24
e2a77df87fbf97c1_1442,e2a77df87fbf97c1,GAL-LOT-02,GAL-LOT,GOLD8BAR,19,-44,0,1,PASS,1,1,72,0,1442,0,2026-03-24T15:05:57Z,2026-03-24
e2a77df87fbf97c1_1443,e2a77df87fbf97c1,GAL-LOT-02,GAL-LOT,GOLD8BAR,18,-44,0,1,PASS,1,1,74,0,1443,0,2026-03-24T15:05:57Z,2026-03-24
e2a77df87fbf97c1_1444,e2a77df87fbf97c1,GAL-LOT-02,GAL-LOT,GOLD8BAR,17,-44,0,1,PASS,1,1,72,0,1444,0,2026-03-24T15:05:57Z,2026-03-24
e2a77df87fbf97c1_1445,e2a77df87fbf97c1,GAL-LOT-02,GAL-LOT,GOLD8BAR,20,-45,0,1,PASS,1,1,72,0,1445,0,2026-03-24T15:05:57Z,2026-03-24
e2a77df87fbf97c1_1446,e2a77df87fbf97c1,GAL-LOT-02,GAL-LOT,GOLD8BAR,21,-45,0,1,PASS,1,1,72,0,1446,0,2026-03-24T15:05:57Z,2026-03-24
e2a77df87fbf97c1_1447,e2a77df87fbf97c1,GAL-LOT-02,GAL-LOT,GOLD8BAR,22,-45,0,1,PASS,1,1,72,0,1447,0,2026-03-24T15:05:57Z,2026-03-24
e2a77df87fbf97c1_1448,e2a77df87fbf97c1,GAL-LOT-02,GAL-LOT,GOLD8BAR,23,-45,0,1,PASS,1,1,72,0,1448,0,2026-03-24T15:05:57Z,2026-03-24
e2a77df87fbf97c1_1449,e2a77df87fbf97c1,GAL-LOT-02,GAL-LOT,GOLD8BAR,24,-45,0,1,PASS,1,1,74,0,1449,0,2026-03-24T15:05:57Z,2026-03-24
e2a77df87fbf97c1_1450,e2a77df87fbf97c1,GAL-LOT-02,GAL-LOT,GOLD8BAR,25,-45,0,1,PASS,1,1,54,0,1450,0,2026-03-24T15:05:57Z,2026-03-24
e2a77df87fbf97c1_1451,e2a77df87fbf97c1,GAL-LOT-02,GAL-LOT,GOLD8BAR,26,-45,0,1,PASS,1,1,72,0,1451,0,2026-03-24T15:05:57Z,2026-03-24
e2a77df87fbf97c1_1452,e2a77df87fbf97c1,GAL-LOT-02,GAL-LOT,GOLD8BAR,27,-45,0,1,PASS,1,1,54,0,1452,0,2026-03-24T15:05:57Z,2026-03-24
e2a77df87fbf97c1_1453,e2a77df87fbf97c1,GAL-LOT-02,GAL-LOT,GOLD8BAR,28,-45,0,1,FAIL,5,5,1,0,1453,0,2026-03-24T15:05:57Z,2026-03-24
e2a77df87fbf97c1_1454,e2a77df87fbf97c1,GAL-LOT-02,GAL-LOT,GOLD8BAR,29,-45,0,1,FAIL,2,2,53,0,1454,0,2026-03-24T15:05:57Z,2026-03-24
e2a77df87fbf97c1_1455,e2a77df87fbf97c1,GAL-LOT-02,GAL-LOT,GOLD8BAR,30,-45,0,1,PASS,1,1,56,0,1455,0,2026-03-24T15:05:57Z,2026-03-24
e2a77df87fbf97c1_1456,e2a77df87fbf97c1,GAL-LOT-02,GAL-LOT,GOLD8BAR,31,-45,0,1,FAIL,5,5,1,0,1456,0,2026-03-24T15:05:57Z,2026-03-24
e2a77df87fbf97c1_1457,e2a77df87fbf97c1,GAL-LOT-02,GAL-LOT,GOLD8BAR,19,-3,0,1,FAIL,5,5,1,0,1457,0,2026-03-24T15:05:57Z,2026-03-24
e2a77df87fbf97c1_1458,e2a77df87fbf97c1,GAL-LOT-02,GAL-LOT,GOLD8BAR,25,-3,0,1,FAIL,8,8,32,0,1458,0,2026-03-24T15:05:57Z,2026-03-24
e2a77df87fbf97c1_1459,e2a77df87fbf97c1,GAL-LOT-02,GAL-LOT,GOLD8BAR,27,-3,0,1,FAIL,2,2,39,0,1459,0,2026-03-24T15:05:57Z,2026-03-24
e2a77df87fbf97c1_1460,e2a77df87fbf97c1,GAL-LOT-02,GAL-LOT,GOLD8BAR,19,-4,0,1,FAIL,2,2,39,0,1460,0,2026-03-24T15:05:57Z,2026-03-24
e2a77df87fbf97c1_1461,e2a77df87fbf97c1,GAL-LOT-02,GAL-LOT,GOLD8BAR,17,-4,0,1,PASS,1,1,74,0,1461,0,2026-03-24T15:05:57Z,2026-03-24
e2a77df87fbf97c1_1462,e2a77df87fbf97c1,GAL-LOT-02,GAL-LOT,GOLD8BAR,23,-5,0,1,PASS,1,1,72,0,1462,0,2026-03-24T15:05:57Z,2026-03-24
e2a77df87fbf97c1_1463,e2a77df87fbf97c1,GAL-LOT-02,GAL-LOT,GOLD8BAR,34,-5,0,1,FAIL,10,10,11,0,1463,0,2026-03-24T15:05:57Z,2026-03-24
e2a77df87fbf97c1_1464,e2a77df87fbf97c1,GAL-LOT-02,GAL-LOT,GOLD8BAR,31,-6,0,1,PASS,1,1,74,0,1464,0,2026-03-24T15:05:57Z,2026-03-24
e2a77df87fbf97c1_1465,e2a77df87fbf97c1,GAL-LOT-02,GAL-LOT,GOLD8BAR,21,-7,0,1,FAIL,8,8,13,0,1465,0,2026-03-24T15:05:57Z,2026-03-24
e2a77df87fbf97c1_1466,e2a77df87fbf97c1,GAL-LOT-02,GAL-LOT,GOLD8BAR,32,-7,0,1,FAIL,8,8,29,0,1466,0,2026-03-24T15:05:57Z,2026-03-24
e2a77df87fbf97c1_1467,e2a77df87fbf97c1,GAL-LOT-02,GAL-LOT,GOLD8BAR,35,-7,0,1,PASS,1,1,74,0,1467,0,2026-03-24T15:05:57Z,2026-03-24
e2a77df87fbf97c1_1468,e2a77df87fbf97c1,GAL-LOT-02,GAL-LOT,GOLD8BAR,17,-8,0,1,PASS,1,1,72,0,1468,0,2026-03-24T15:05:57Z,2026-03-24
e2a77df87fbf97c1_1469,e2a77df87fbf97c1,GAL-LOT-02,GAL-LOT,GOLD8BAR,35,-9,0,1,PASS,1,1,72,0,1469,0,2026-03-24T15:05:57Z,2026-03-24
e2a77df87fbf97c1_1470,e2a77df87fbf97c1,GAL-LOT-02,GAL-LOT,GOLD8BAR,41,-10,0,1,FAIL,8,8,32,0,1470,0,2026-03-24T15:05:57Z,2026-03-24
e2a77df87fbf97c1_1471,e2a77df87fbf97c1,GAL-LOT-02,GAL-LOT,GOLD8BAR,35,-10,0,1,FAIL,7,7,27,0,1471,0,2026-03-24T15:05:57Z,2026-03-24
e2a77df87fbf97c1_1472,e2a77df87fbf97c1,GAL-LOT-02,GAL-LOT,GOLD8BAR,31,-10,0,1,PASS,1,1,74,0,1472,0,2026-03-24T15:05:57Z,2026-03-24
e2a77df87fbf97c1_1473,e2a77df87fbf97c1,GAL-LOT-02,GAL-LOT,GOLD8BAR,32,-11,0,1,PASS,1,1,72,0,1473,0,2026-03-24T15:05:57Z,2026-03-24
e2a77df87fbf97c1_1474,e2a77df87fbf97c1,GAL-LOT-02,GAL-LOT,GOLD8BAR,6,-13,0,1,FAIL,5,5,1,0,1474,0,2026-03-24T15:05:57Z,2026-03-24
e2a77df87fbf97c1_1475,e2a77df87fbf97c1,GAL-LOT-02,GAL-LOT,GOLD8BAR,7,-13,0,1,PASS,1,1,74,0,1475,0,2026-03-24T15:05:57Z,2026-03-24
e2a77df87fbf97c1_1476,e2a77df87fbf97c1,GAL-LOT-02,GAL-LOT,GOLD8BAR,26,-13,0,1,FAIL,8,8,32,0,1476,0,2026-03-24T15:05:57Z,2026-03-24
e2a77df87fbf97c1_1477,e2a77df87fbf97c1,GAL-LOT-02,GAL-LOT,GOLD8BAR,44,-13,0,1,FAIL,5,5,1,0,1477,0,2026-03-24T15:05:57Z,2026-03-24
e2a77df87fbf97c1_1478,e2a77df87fbf97c1,GAL-LOT-02,GAL-LOT,GOLD8BAR,44,-14,0,1,PASS,1,1,74,0,1478,0,2026-03-24T15:05:57Z,2026-03-24
e2a77df87fbf97c1_1479,e2a77df87fbf97c1,GAL-LOT-02,GAL-LOT,GOLD8BAR,9,-14,0,1,FAIL,8,8,29,0,1479,0,2026-03-24T15:05:57Z,2026-03-24
e2a77df87fbf97c1_1480,e2a77df87fbf97c1,GAL-LOT-02,GAL-LOT,GOLD8BAR,5,-15,0,1,FAIL,5,5,1,0,1480,0,2026-03-24T15:05:57Z,2026-03-24
e2a77df87fbf97c1_1481,e2a77df87fbf97c1,GAL-LOT-02,GAL-LOT,GOLD8BAR,21,-15,0,1,FAIL,8,8,29,0,1481,0,2026-03-24T15:05:57Z,2026-03-24
e2a77df87fbf97c1_1482,e2a77df87fbf97c1,GAL-LOT-02,GAL-LOT,GOLD8BAR,45,-15,0,1,FAIL,5,5,1,0,1482,0,2026-03-24T15:05:57Z,2026-03-24
e2a77df87fbf97c1_1483,e2a77df87fbf97c1,GAL-LOT-02,GAL-LOT,GOLD8BAR,45,-16,0,1,FAIL,10,10,12,0,1483,0,2026-03-24T15:05:57Z,2026-03-24
e2a77df87fbf97c1_1484,e2a77df87fbf97c1,GAL-LOT-02,GAL-LOT,GOLD8BAR,10,-16,0,1,PASS,1,1,56,0,1484,0,2026-03-24T15:05:57Z,2026-03-24
e2a77df87fbf97c1_1485,e2a77df87fbf97c1,GAL-LOT-02,GAL-LOT,GOLD8BAR,6,-16,0,1,FAIL,8,8,29,0,1485,0,2026-03-24T15:05:57Z,2026-03-24
e2a77df87fbf97c1_1486,e2a77df87fbf97c1,GAL-LOT-02,GAL-LOT,GOLD8BAR,24,-17,0,1,PASS,1,1,74,0,1486,0,2026-03-24T15:05:57Z,2026-03-24
e2a77df87fbf97c1_1487,e2a77df87fbf97c1,GAL-LOT-02,GAL-LOT,GOLD8BAR,27,-17,0,1,FAIL,10,10,11,0,1487,0,2026-03-24T15:05:57Z,2026-03-24
e2a77df87fbf97c1_1488,e2a77df87fbf97c1,GAL-LOT-02,GAL-LOT,GOLD8BAR,28,-17,0,1,PASS,1,1,74,0,1488,0,2026-03-24T15:05:57Z,2026-03-24
e2a77df87fbf97c1_1489,e2a77df87fbf97c1,GAL-LOT-02,GAL-LOT,GOLD8BAR,43,-18,0,1,FAIL,8,8,29,0,1489,0,2026-03-24T15:05:57Z,2026-03-24
e2a77df87fbf97c1_1490,e2a77df87fbf97c1,GAL-LOT-02,GAL-LOT,GOLD8BAR,39,-18,0,1,FAIL,15,15,40,0,1490,0,2026-03-24T15:05:57Z,2026-03-24
e2a77df87fbf97c1_1491,e2a77df87fbf97c1,GAL-LOT-02,GAL-LOT,GOLD8BAR,34,-18,0,1,FAIL,2,2,39,0,1491,0,2026-03-24T15:05:57Z,2026-03-24
e2a77df87fbf97c1_1492,e2a77df87fbf97c1,GAL-LOT-02,GAL-LOT,GOLD8BAR,26,-18,0,1,PASS,1,1,74,0,1492,0,2026-03-24T15:05:57Z,2026-03-24
e2a77df87fbf97c1_1493,e2a77df87fbf97c1,GAL-LOT-02,GAL-LOT,GOLD8BAR,9,-19,0,1,PASS,1,1,72,0,1493,0,2026-03-24T15:05:57Z,2026-03-24
e2a77df87fbf97c1_1494,e2a77df87fbf97c1,GAL-LOT-02,GAL-LOT,GOLD8BAR,12,-19,0,1,FAIL,4,4,18,0,1494,0,2026-03-24T15:05:57Z,2026-03-24
e2a77df87fbf97c1_1495,e2a77df87fbf97c1,GAL-LOT-02,GAL-LOT,GOLD8BAR,34,-19,0,1,FAIL,2,2,35,0,1495,0,2026-03-24T15:05:57Z,2026-03-24
e2a77df87fbf97c1_1496,e2a77df87fbf97c1,GAL-LOT-02,GAL-LOT,GOLD8BAR,45,-19,0,1,PASS,1,1,74,0,1496,0,2026-03-24T15:05:57Z,2026-03-24
e2a77df87fbf97c1_1497,e2a77df87fbf97c1,GAL-LOT-02,GAL-LOT,GOLD8BAR,39,-20,0,1,FAIL,2,2,33,0,1497,0,2026-03-24T15:05:57Z,2026-03-24
e2a77df87fbf97c1_1498,e2a77df87fbf97c1,GAL-LOT-02,GAL-LOT,GOLD8BAR,37,-20,0,1,PASS,1,1,74,0,1498,0,2026-03-24T15:05:57Z,2026-03-24
e2a77df87fbf97c1_1499,e2a77df87fbf97c1,GAL-LOT-02,GAL-LOT,GOLD8BAR,28,-20,0,1,PASS,1,1,72,0,1499,0,2026-03-24T15:05:57Z,2026-03-24
e2a77df87fbf97c1_1500,e2a77df87fbf97c1,GAL-LOT-02,GAL-LOT,GOLD8BAR,23,-20,0,1,FAIL,2,2,33,0,1500,0,2026-03-24T15:05:57Z,2026-03-24
e2a77df87fbf97c1_1501,e2a77df87fbf97c1,GAL-LOT-02,GAL-LOT,GOLD8BAR,7,-20,0,1,FAIL,8,8,32,0,1501,0,2026-03-24T15:05:57Z,2026-03-24
e2a77df87fbf97c1_1502,e2a77df87fbf97c1,GAL-LOT-02,GAL-LOT,GOLD8BAR,15,-21,0,1,PASS,1,1,74,0,1502,0,2026-03-24T15:05:57Z,2026-03-24
e2a77df87fbf97c1_1503,e2a77df87fbf97c1,GAL-LOT-02,GAL-LOT,GOLD8BAR,16,-21,0,1,PASS,1,1,72,0,1503,0,2026-03-24T15:05:57Z,2026-03-24
e2a77df87fbf97c1_1504,e2a77df87fbf97c1,GAL-LOT-02,GAL-LOT,GOLD8BAR,41,-21,0,1,FAIL,2,2,51,0,1504,0,2026-03-24T15:05:57Z,2026-03-24
e2a77df87fbf97c1_1505,e2a77df87fbf97c1,GAL-LOT-02,GAL-LOT,GOLD8BAR,43,-22,0,1,PASS,1,1,74,0,1505,0,2026-03-24T15:05:57Z,2026-03-24
e2a77df87fbf97c1_1506,e2a77df87fbf97c1,GAL-LOT-02,GAL-LOT,GOLD8BAR,20,-22,0,1,FAIL,2,2,33,0,1506,0,2026-03-24T15:05:57Z,2026-03-24
e2a77df87fbf97c1_1507,e2a77df87fbf97c1,GAL-LOT-02,GAL-LOT,GOLD8BAR,5,-22,0,1,FAIL,8,8,29,0,1507,0,2026-03-24T15:05:57Z,2026-03-24
e2a77df87fbf97c1_1508,e2a77df87fbf97c1,GAL-LOT-02,GAL-LOT,GOLD8BAR,6,-23,0,1,PASS,1,1,74,0,1508,0,2026-03-24T15:05:57Z,2026-03-24
e2a77df87fbf97c1_1509,e2a77df87fbf97c1,GAL-LOT-02,GAL-LOT,GOLD8BAR,11,-23,0,1,FAIL,8,8,29,0,1509,0,2026-03-24T15:05:57Z,2026-03-24
e2a77df87fbf97c1_1510,e2a77df87fbf97c1,GAL-LOT-02,GAL-LOT,GOLD8BAR,13,-23,0,1,FAIL,4,4,19,0,1510,0,2026-03-24T15:05:57Z,2026-03-24
e2a77df87fbf97c1_1511,e2a77df87fbf97c1,GAL-LOT-02,GAL-LOT,GOLD8BAR,31,-23,0,1,FAIL,8,8,29,0,1511,0,2026-03-24T15:05:57Z,2026-03-24
e2a77df87fbf97c1_1512,e2a77df87fbf97c1,GAL-LOT-02,GAL-LOT,GOLD8BAR,33,-23,0,1,FAIL,8,8,29,0,1512,0,2026-03-24T15:05:57Z,2026-03-24
e2a77df87fbf97c1_1513,e2a77df87fbf97c1,GAL-LOT-02,GAL-LOT,GOLD8BAR,40,-23,0,1,PASS,1,1,56,0,1513,0,2026-03-24T15:05:57Z,2026-03-24
e2a77df87fbf97c1_1514,e2a77df87fbf97c1,GAL-LOT-02,GAL-LOT,GOLD8BAR,16,-24,0,1,FAIL,8,8,17,0,1514,0,2026-03-24T15:05:57Z,2026-03-24
e2a77df87fbf97c1_1515,e2a77df87fbf97c1,GAL-LOT-02,GAL-LOT,GOLD8BAR,16,-25,0,1,FAIL,8,8,17,0,1515,0,2026-03-24T15:05:57Z,2026-03-24
e2a77df87fbf97c1_1516,e2a77df87fbf97c1,GAL-LOT-02,GAL-LOT,GOLD8BAR,21,-25,0,1,FAIL,8,8,32,0,1516,0,2026-03-24T15:05:57Z,2026-03-24
e2a77df87fbf97c1_1517,e2a77df87fbf97c1,GAL-LOT-02,GAL-LOT,GOLD8BAR,25,-25,0,1,PASS,1,1,74,0,1517,0,2026-03-24T15:05:57Z,2026-03-24
e2a77df87fbf97c1_1518,e2a77df87fbf97c1,GAL-LOT-02,GAL-LOT,GOLD8BAR,28,-25,0,1,PASS,1,1,72,0,1518,0,2026-03-24T15:05:57Z,2026-03-24
e2a77df87fbf97c1_1519,e2a77df87fbf97c1,GAL-LOT-02,GAL-LOT,GOLD8BAR,33,-25,0,1,PASS,1,1,72,0,1519,0,2026-03-24T15:05:57Z,2026-03-24
e2a77df87fbf97c1_1520,e2a77df87fbf97c1,GAL-LOT-02,GAL-LOT,GOLD8BAR,34,-26,0,1,FAIL,2,2,33,0,1520,0,2026-03-24T15:05:57Z,2026-03-24
e2a77df87fbf97c1_1521,e2a77df87fbf97c1,GAL-LOT-02,GAL-LOT,GOLD8BAR,15,-26,0,1,FAIL,2,2,35,0,1521,0,2026-03-24T15:05:57Z,2026-03-24
e2a77df87fbf97c1_1522,e2a77df87fbf97c1,GAL-LOT-02,GAL-LOT,GOLD8BAR,8,-27,0,1,PASS,1,1,74,0,1522,0,2026-03-24T15:05:57Z,2026-03-24
e2a77df87fbf97c1_1523,e2a77df87fbf97c1,GAL-LOT-02,GAL-LOT,GOLD8BAR,45,-27,0,1,FAIL,7,7,23,0,1523,0,2026-03-24T15:05:57Z,2026-03-24
e2a77df87fbf97c1_1524,e2a77df87fbf97c1,GAL-LOT-02,GAL-LOT,GOLD8BAR,28,-28,0,1,PASS,1,1,56,0,1524,0,2026-03-24T15:05:57Z,2026-03-24
e2a77df87fbf97c1_1525,e2a77df87fbf97c1,GAL-LOT-02,GAL-LOT,GOLD8BAR,6,-28,0,1,FAIL,8,8,29,0,1525,0,2026-03-24T15:05:57Z,2026-03-24
e2a77df87fbf97c1_1526,e2a77df87fbf97c1,GAL-LOT-02,GAL-LOT,GOLD8BAR,29,-29,0,1,PASS,1,1,74,0,1526,0,2026-03-24T15:05:57Z,2026-03-24
e2a77df87fbf97c1_1527,e2a77df87fbf97c1,GAL-LOT-02,GAL-LOT,GOLD8BAR,30,-29,0,1,FAIL,8,8,32,0,1527,0,2026-03-24T15:05:57Z,2026-03-24
e2a77df87fbf97c1_1528,e2a77df87fbf97c1,GAL-LOT-02,GAL-LOT,GOLD8BAR,14,-30,0,1,PASS,1,1,74,0,1528,0,2026-03-24T15:05:57Z,2026-03-24
e2a77df87fbf97c1_1529,e2a77df87fbf97c1,GAL-LOT-02,GAL-LOT,GOLD8BAR,10,-30,0,1,PASS,1,1,72,0,1529,0,2026-03-24T15:05:57Z,2026-03-24
e2a77df87fbf97c1_1530,e2a77df87fbf97c1,GAL-LOT-02,GAL-LOT,GOLD8BAR,8,-30,0,1,PASS,1,1,72,0,1530,0,2026-03-24T15:05:57Z,2026-03-24
e2a77df87fbf97c1_1531,e2a77df87fbf97c1,GAL-LOT-02,GAL-LOT,GOLD8BAR,8,-31,0,1,FAIL,8,8,32,0,1531,0,2026-03-24T15:05:57Z,2026-03-24
e2a77df87fbf97c1_1532,e2a77df87fbf97c1,GAL-LOT-02,GAL-LOT,GOLD8BAR,12,-31,0,1,PASS,1,1,74,0,1532,0,2026-03-24T15:05:57Z,2026-03-24
e2a77df87fbf97c1_1533,e2a77df87fbf97c1,GAL-LOT-02,GAL-LOT,GOLD8BAR,16,-31,0,1,FAIL,2,2,33,0,1533,0,2026-03-24T15:05:57Z,2026-03-24
e2a77df87fbf97c1_1534,e2a77df87fbf97c1,GAL-LOT-02,GAL-LOT,GOLD8BAR,20,-31,0,1,FAIL,2,2,35,0,1534,0,2026-03-24T15:05:57Z,2026-03-24
e2a77df87fbf97c1_1535,e2a77df87fbf97c1,GAL-LOT-02,GAL-LOT,GOLD8BAR,26,-31,0,1,PASS,1,1,74,0,1535,0,2026-03-24T15:05:57Z,2026-03-24
e2a77df87fbf97c1_1536,e2a77df87fbf97c1,GAL-LOT-02,GAL-LOT,GOLD8BAR,30,-31,0,1,PASS,1,1,72,0,1536,0,2026-03-24T15:05:57Z,2026-03-24
e2a77df87fbf97c1_1537,e2a77df87fbf97c1,GAL-LOT-02,GAL-LOT,GOLD8BAR,45,-32,0,1,FAIL,10,10,11,0,1537,0,2026-03-24T15:05:57Z,2026-03-24
e2a77df87fbf97c1_1538,e2a77df87fbf97c1,GAL-LOT-02,GAL-LOT,GOLD8BAR,42,-32,0,1,FAIL,2,2,39,0,1538,0,2026-03-24T15:05:57Z,2026-03-24
e2a77df87fbf97c1_1539,e2a77df87fbf97c1,GAL-LOT-02,GAL-LOT,GOLD8BAR,35,-32,0,1,PASS,1,1,74,0,1539,0,2026-03-24T15:05:57Z,2026-03-24
e2a77df87fbf97c1_1540,e2a77df87fbf97c1,GAL-LOT-02,GAL-LOT,GOLD8BAR,33,-32,0,1,FAIL,8,8,29,0,1540,0,2026-03-24T15:05:57Z,2026-03-24
e2a77df87fbf97c1_1541,e2a77df87fbf97c1,GAL-LOT-02,GAL-LOT,GOLD8BAR,32,-32,0,1,FAIL,2,2,39,0,1541,0,2026-03-24T15:05:57Z,2026-03-24
e2a77df87fbf97c1_1542,e2a77df87fbf97c1,GAL-LOT-02,GAL-LOT,GOLD8BAR,5,-33,0,1,FAIL,5,5,1,0,1542,0,2026-03-24T15:05:57Z,2026-03-24
e2a77df87fbf97c1_1543,e2a77df87fbf97c1,GAL-LOT-02,GAL-LOT,GOLD8BAR,36,-33,0,1,PASS,1,1,74,0,1543,0,2026-03-24T15:05:57Z,2026-03-24
e2a77df87fbf97c1_1544,e2a77df87fbf97c1,GAL-LOT-02,GAL-LOT,GOLD8BAR,43,-33,0,1,PASS,1,1,54,0,1544,0,2026-03-24T15:05:57Z,2026-03-24
e2a77df87fbf97c1_1545,e2a77df87fbf97c1,GAL-LOT-02,GAL-LOT,GOLD8BAR,35,-34,0,1,PASS,1,1,72,0,1545,0,2026-03-24T15:05:57Z,2026-03-24
e2a77df87fbf97c1_1546,e2a77df87fbf97c1,GAL-LOT-02,GAL-LOT,GOLD8BAR,17,-34,0,1,FAIL,7,7,23,0,1546,0,2026-03-24T15:05:57Z,2026-03-24
e2a77df87fbf97c1_1547,e2a77df87fbf97c1,GAL-LOT-02,GAL-LOT,GOLD8BAR,10,-35,0,1,FAIL,2,2,35,0,1547,0,2026-03-24T15:05:57Z,2026-03-24
e2a77df87fbf97c1_1548,e2a77df87fbf97c1,GAL-LOT-02,GAL-LOT,GOLD8BAR,19,-35,0,1,FAIL,17,17,63,0,1548,0,2026-03-24T15:05:57Z,2026-03-24
e2a77df87fbf97c1_1549,e2a77df87fbf97c1,GAL-LOT-02,GAL-LOT,GOLD8BAR,41,-35,0,1,FAIL,10,10,11,0,1549,0,2026-03-24T15:05:57Z,2026-03-24
e2a77df87fbf97c1_1550,e2a77df87fbf97c1,GAL-LOT-02,GAL-LOT,GOLD8BAR,44,-35,0,1,FAIL,5,5,1,0,1550,0,2026-03-24T15:05:57Z,2026-03-24
e2a77df87fbf97c1_1551,e2a77df87fbf97c1,GAL-LOT-02,GAL-LOT,GOLD8BAR,36,-36,0,1,FAIL,8,8,29,0,1551,0,2026-03-24T15:05:57Z,2026-03-24
e2a77df87fbf97c1_1552,e2a77df87fbf97c1,GAL-LOT-02,GAL-LOT,GOLD8BAR,33,-36,0,1,FAIL,8,8,32,0,1552,0,2026-03-24T15:05:57Z,2026-03-24
e2a77df87fbf97c1_1553,e2a77df87fbf97c1,GAL-LOT-02,GAL-LOT,GOLD8BAR,31,-36,0,1,PASS,1,1,74,0,1553,0,2026-03-24T15:05:57Z,2026-03-24
e2a77df87fbf97c1_1554,e2a77df87fbf97c1,GAL-LOT-02,GAL-LOT,GOLD8BAR,30,-36,0,1,FAIL,8,8,32,0,1554,0,2026-03-24T15:05:57Z,2026-03-24
e2a77df87fbf97c1_1555,e2a77df87fbf97c1,GAL-LOT-02,GAL-LOT,GOLD8BAR,20,-36,0,1,FAIL,5,5,8,0,1555,0,2026-03-24T15:05:57Z,2026-03-24
e2a77df87fbf97c1_1556,e2a77df87fbf97c1,GAL-LOT-02,GAL-LOT,GOLD8BAR,16,-36,0,1,FAIL,2,2,39,0,1556,0,2026-03-24T15:05:57Z,2026-03-24
e2a77df87fbf97c1_1557,e2a77df87fbf97c1,GAL-LOT-02,GAL-LOT,GOLD8BAR,28,-37,0,1,PASS,1,1,74,0,1557,0,2026-03-24T15:05:57Z,2026-03-24
e2a77df87fbf97c1_1558,e2a77df87fbf97c1,GAL-LOT-02,GAL-LOT,GOLD8BAR,31,-37,0,1,PASS,1,1,72,0,1558,0,2026-03-24T15:05:57Z,2026-03-24
e2a77df87fbf97c1_1559,e2a77df87fbf97c1,GAL-LOT-02,GAL-LOT,GOLD8BAR,33,-38,0,1,FAIL,2,2,37,0,1559,0,2026-03-24T15:05:57Z,2026-03-24
e2a77df87fbf97c1_1560,e2a77df87fbf97c1,GAL-LOT-02,GAL-LOT,GOLD8BAR,29,-38,0,1,PASS,1,1,74,0,1560,0,2026-03-24T15:05:57Z,2026-03-24
e2a77df87fbf97c1_1561,e2a77df87fbf97c1,GAL-LOT-02,GAL-LOT,GOLD8BAR,40,-39,0,1,PASS,1,1,72,0,1561,0,2026-03-24T15:05:57Z,2026-03-24
e2a77df87fbf97c1_1562,e2a77df87fbf97c1,GAL-LOT-02,GAL-LOT,GOLD8BAR,34,-40,0,1,FAIL,2,2,37,0,1562,0,2026-03-24T15:05:57Z,2026-03-24
e2a77df87fbf97c1_1563,e2a77df87fbf97c1,GAL-LOT-02,GAL-LOT,GOLD8BAR,14,-40,0,1,FAIL,2,2,57,0,1563,0,2026-03-24T15:05:57Z,2026-03-24
e2a77df87fbf97c1_1564,e2a77df87fbf97c1,GAL-LOT-02,GAL-LOT,GOLD8BAR,33,-41,0,1,PASS,1,1,56,0,1564,0,2026-03-24T15:05:57Z,2026-03-24
e2a77df87fbf97c1_1565,e2a77df87fbf97c1,GAL-LOT-02,GAL-LOT,GOLD8BAR,13,-42,0,1,FAIL,4,4,18,0,1565,0,2026-03-24T15:05:57Z,2026-03-24
e2a77df87fbf97c1_1566,e2a77df87fbf97c1,GAL-LOT-02,GAL-LOT,GOLD8BAR,25,-44,0,1,PASS,1,1,56,0,1566,0,2026-03-24T15:05:57Z,2026-03-24
e2a77df87fbf97c1_1567,e2a77df87fbf97c1,GAL-LOT-02,GAL-LOT,GOLD8BAR,28,-45,0,1,FAIL,5,5,1,0,1567,0,2026-03-24T15:05:57Z,2026-03-24
e2a77df87fbf97c1_1568,e2a77df87fbf97c1,GAL-LOT-02,GAL-LOT,GOLD8BAR,29,-45,0,1,FAIL,2,2,35,0,1568,0,2026-03-24T15:05:57Z,2026-03-24
e2a77df87fbf97c1_1569,e2a77df87fbf97c1,GAL-LOT-02,GAL-LOT,GOLD8BAR,31,-45,0,1,FAIL,5,5,1,0,1569,0,2026-03-24T15:05:57Z,2026-03-24
