device_id,file_id,wafer_id,lot_id,part_type,x_coord,y_coord,site_num,head_num,pass_fail,hard_bin,soft_bin,num_tests_run,test_time_ms,part_id,attempt_index,ingestion_ts,ingestion_date
ac19e71da590af0a_1,ac19e71da590af0a,R114792-03,W118892,AB24ROOM,19,-3,0,1,FAIL,5,5,1,0,1,0,2026-03-24T15:11:43Z,2026-03-24
ac19e71da590af0a_2,ac19e71da590af0a,R114792-03,W118892,AB24ROOM,20,-3,0,1,PASS,1,1,74,0,2,0,2026-03-24T15:11:43Z,2026-03-24
ac19e71da590af0a_3,ac19e71da590af0a,R114792-03,W118892,AB24ROOM,21,-3,0,1,PASS,1,1,72,0,3,0,2026-03-24T15:11:43Z,2026-03-24
ac19e71da590af0a_4,ac19e71da590af0a,R114792-03,W118892,AB24ROOM,22,-3,0,1,PASS,1,1,72,0,4,0,2026-03-24T15:11:43Z,2026-03-24
ac19e71da590af0a_5,ac19e71da590af0a,R114792-03,W118892,AB24ROOM,23,-3,0,1,PASS,1,1,72,0,5,0,2026-03-24T15:11:43Z,2026-03-24
ac19e71da590af0a_6,ac19e71da590af0a,R114792-03,W118892,AB24ROOM,24,-3,0,1,PASS,1,1,72,0,6,0,2026-03-24T15:11:43Z,2026-03-24
ac19e71da590af0a_7,ac19e71da590af0a,R114792-03,W118892,AB24ROOM,25,-3,0,1,PASS,1,1,72,0,7,0,2026-03-24T15:11:43Z,2026-03-24
ac19e71da590af0a_8,ac19e71da590af0a,R114792-03,W118892,AB24ROOM,26,-3,0,1,PASS,1,1,74,0,8,0,2026-03-24T15:11:43Z,2026-03-24
ac19e71da590af0a_9,ac19e71da590af0a,R114792-03,W118892,AB24ROOM,27,-3,0,1,FAIL,8,8,29,0,9,0,2026-03-24T15:11:43Z,2026-03-24
ac19e71da590af0a_10,ac19e71da590af0a,R114792-03,W118892,AB24ROOM,28,-3,0,1,PASS,1,1,74,0,10,0,2026-03-24T15:11:43Z,2026-03-24
ac19e71da590af0a_11,ac19e71da590af0a,R114792-03,W118892,AB24ROOM,29,-3,0,1,PASS,1,1,54,0,11,0,2026-03-24T15:11:43Z,2026-03-24
ac19e71da590af0a_12,ac19e71da590af0a,R114792-03,W118892,AB24ROOM,30,-3,0,1,FAIL,2,2,51,0,12,0,2026-03-24T15:11:43Z,2026-03-24
ac19e71da590af0a_13,ac19e71da590af0a,R114792-03,W118892,AB24ROOM,33,-4,0,1,FAIL,2,2,56,0,13,0,2026-03-24T15:11:43Z,2026-03-24
ac19e71da590af0a_14,ac19e71da590af0a,R114792-03,W118892,AB24ROOM,32,-4,0,1,FAIL,20,20,64,0,14,0,2026-03-24T15:11:43Z,2026-03-24
ac19e71da590af0a_15,ac19e71da590af0a,R114792-03,W118892,AB24ROOM,31,-4,0,1,PASS,1,1,74,0,15,0,2026-03-24T15:11:43Z,2026-03-24
ac19e71da590af0a_16,ac19e71da590af0a,R114792-03,W118892,AB24ROOM,30,-4,0,1,PASS,1,1,72,0,16,0,2026-03-24T15:11:43Z,2026-03-24
ac19e71da590af0a_17,ac19e71da590af0a,R114792-03,W118892,AB24ROOM,29,-4,0,1,PASS,1,1,54,0,17,0,2026-03-24T15:11:43Z,2026-03-24
ac19e71da590af0a_18,ac19e71da590af0a,R114792-03,W118892,AB24ROOM,28,-4,0,1,PASS,1,1,72,0,18,0,2026-03-24T15:11:43Z,2026-03-24
ac19e71da590af0a_19,ac19e71da590af0a,R114792-03,W118892,AB24ROOM,27,-4,0,1,FAIL,8,8,29,0,19,0,2026-03-24T15:11:43Z,2026-03-24
ac19e71da590af0a_20,ac19e71da590af0a,R114792-03,W118892,AB24ROOM,26,-4,0,1,PASS,1,1,74,0,20,0,2026-03-24T15:11:43Z,2026-03-24
ac19e71da590af0a_21,ac19e71da590af0a,R114792-03,W118892,AB24ROOM,25,-4,0,1,FAIL,8,8,29,0,21,0,2026-03-24T15:11:43Z,2026-03-24
ac19e71da590af0a_22,ac19e71da590af0a,R114792-03,W118892,AB24ROOM,24,-4,0,1,PASS,1,1,74,0,22,0,2026-03-24T15:11:43Z,2026-03-24
ac19e71da590af0a_23,ac19e71da590af0a,R114792-03,W118892,AB24ROOM,23,-4,0,1,PASS,1,1,72,0,23,0,2026-03-24T15:11:43Z,2026-03-24
ac19e71da590af0a_24,ac19e71da590af0a,R114792-03,W118892,AB24ROOM,22,-4,0,1,PASS,1,1,72,0,24,0,2026-03-24T15:11:43Z,2026-03-24
ac19e71da590af0a_25,ac19e71da590af0a,R114792-03,W118892,AB24ROOM,21,-4,0,1,PASS,1,1,72,0,25,0,2026-03-24T15:11:43Z,2026-03-24
ac19e71da590af0a_26,ac19e71da590af0a,R114792-03,W118892,AB24ROOM,20,-4,0,1,PASS,1,1,72,0,26,0,2026-03-24T15:11:43Z,2026-03-24
ac19e71da590af0a_27,ac19e71da590af0a,R114792-03,W118892,AB24ROOM,19,-4,0,1,PASS,1,1,72,0,27,0,2026-03-24T15:11:43Z,2026-03-24
ac19e71da590af0a_28,ac19e71da590af0a,R114792-03,W118892,AB24ROOM,18,-4,0,1,PASS,1,1,74,0,28,0,2026-03-24T15:11:43Z,2026-03-24
ac19e71da590af0a_29,ac19e71da590af0a,R114792-03,W118892,AB24ROOM,17,-4,0,1,PASS,1,1,72,0,29,0,2026-03-24T15:11:43Z,2026-03-24
ac19e71da590af0a_30,ac19e71da590af0a,R114792-03,W118892,AB24ROOM,15,-5,0,1,PASS,1,1,72,0,30,0,2026-03-24T15:11:43Z,2026-03-24
ac19e71da590af0a_31,ac19e71da590af0a,R114792-03,W118892,AB24ROOM,16,-5,0,1,PASS,1,1,72,0,31,0,2026-03-24T15:11:43Z,2026-03-24
ac19e71da590af0a_32,ac19e71da590af0a,R114792-03,W118892,AB24ROOM,17,-5,0,1,PASS,1,1,72,0,32,0,2026-03-24T15:11:43Z,2026-03-24
ac19e71da590af0a_33,ac19e71da590af0a,R114792-03,W118892,AB24ROOM,18,-5,0,1,PASS,1,1,72,0,33,0,2026-03-24T15:11:43Z,2026-03-24
ac19e71da590af0a_34,ac19e71da590af0a,R114792-03,W118892,AB24ROOM,19,-5,0,1,PASS,1,1,74,0,34,0,2026-03-24T15:11:43Z,2026-03-24
ac19e71da590af0a_35,ac19e71da590af0a,R114792-03,W118892,AB24ROOM,20,-5,0,1,PASS,1,1,72,0,35,0,2026-03-24T15:11:43Z,2026-03-24
ac19e71da590af0a_36,ac19e71da590af0a,R114792-03,W118892,AB24ROOM,21,-5,0,1,PASS,1,1,72,0,36,0,2026-03-24T15:11:43Z,2026-03-24
ac19e71da590af0a_37,ac19e71da590af0a,R114792-03,W118892,AB24ROOM,22,-5,0,1,FAIL,2,2,51,0,37,0,2026-03-24T15:11:43Z,2026-03-24
ac19e71da590af0a_38,ac19e71da590af0a,R114792-03,W118892,AB24ROOM,23,-5,0,1,FAIL,10,10,11,0,38,0,2026-03-24T15:11:43Z,2026-03-24
ac19e71da590af0a_39,ac19e71da590af0a,R114792-03,W118892,AB24ROOM,24,-5,0,1,PASS,1,1,74,0,39,0,2026-03-24T15:11:43Z,2026-03-24
ac19e71da590af0a_40,ac19e71da590af0a,R114792-03,W118892,AB24ROOM,25,-5,0,1,PASS,1,1,72,0,40,0,2026-03-24T15:11:43Z,2026-03-24
ac19e71da590af0a_41,ac19e71da590af0a,R114792-03,W118892,AB24ROOM,26,-5,0,1,PASS,1,1,72,0,41,0,2026-03-24T15:11:43Z,2026-03-24
ac19e71da590af0a_42,ac19e71da590af0a,R114792-03,W118892,AB24ROOM,27,-5,0,1,PASS,1,1,72,0,42,0,2026-03-24T15:11:43Z,2026-03-24
ac19e71da590af0a_43,ac19e71da590af0a,R114792-03,W118892,AB24ROOM,28,-5,0,1,PASS,1,1,72,0,43,0,2026-03-24T15:11:43Z,2026-03-24
ac19e71da590af0a_44,ac19e71da590af0a,R114792-03,W118892,AB24ROOM,29,-5,0,1,PASS,1,1,72,0,44,0,2026-03-24T15:11:43Z,2026-03-24
ac19e71da590af0a_45,ac19e71da590af0a,R114792-03,W118892,AB24ROOM,30,-5,0,1,PASS,1,1,74,0,45,0,2026-03-24T15:11:43Z,2026-03-24
ac19e71da590af0a_46,ac19e71da590af0a,R114792-03,W118892,AB24ROOM,31,-5,0,1,PASS,1,1,72,0,46,0,2026-03-24T15:11:43Z,2026-03-24
ac19e71da590af0a_47,ac19e71da590af0a,R114792-03,W118892,AB24ROOM,32,-5,0,1,PASS,1,1,72,0,47,0,2026-03-24T15:11:43Z,2026-03-24
ac19e71da590af0a_48,ac19e71da590af0a,R114792-03,W118892,AB24ROOM,33,-5,0,1,PASS,1,1,72,0,48,0,2026-03-24T15:11:43Z,2026-03-24
ac19e71da590af0a_49,ac19e71da590af0a,R114792-03,W118892,AB24ROOM,34,-5,0,1,FAIL,8,8,32,0,49,0,2026-03-24T15:11:43Z,2026-03-24
ac19e71da590af0a_50,ac19e71da590af0a,R114792-03,W118892,AB24ROOM,35,-5,0,1,PASS,1,1,74,0,50,0,2026-03-24T15:11:43Z,2026-03-24
ac19e71da590af0a_51,ac19e71da590af0a,R114792-03,W118892,AB24ROOM,36,-6,0,1,PASS,1,1,72,0,51,0,2026-03-24T15:11:43Z,2026-03-24
ac19e71da590af0a_52,ac19e71da590af0a,R114792-03,W118892,AB24ROOM,35,-6,0,1,PASS,1,1,72,0,52,0,2026-03-24T15:11:43Z,2026-03-24
ac19e71da590af0a_53,ac19e71da590af0a,R114792-03,W118892,AB24ROOM,34,-6,0,1,PASS,1,1,72,0,53,0,2026-03-24T15:11:43Z,2026-03-24
ac19e71da590af0a_54,ac19e71da590af0a,R114792-03,W118892,AB24ROOM,33,-6,0,1,PASS,1,1,72,0,54,0,2026-03-24T15:11:43Z,2026-03-24
ac19e71da590af0a_55,ac19e71da590af0a,R114792-03,W118892,AB24ROOM,32,-6,0,1,PASS,1,1,72,0,55,0,2026-03-24T15:11:43Z,2026-03-24
ac19e71da590af0a_56,ac19e71da590af0a,R114792-03,W118892,AB24ROOM,31,-6,0,1,PASS,1,1,74,0,56,0,2026-03-24T15:11:43Z,2026-03-24
ac19e71da590af0a_57,ac19e71da590af0a,R114792-03,W118892,AB24ROOM,30,-6,0,1,PASS,1,1,72,0,57,0,2026-03-24T15:11:43Z,2026-03-24
ac19e71da590af0a_58,ac19e71da590af0a,R114792-03,W118892,AB24ROOM,29,-6,0,1,PASS,1,1,72,0,58,0,2026-03-24T15:11:43Z,2026-03-24
ac19e71da590af0a_59,ac19e71da590af0a,R114792-03,W118892,AB24ROOM,28,-6,0,1,FAIL,10,10,11,0,59,0,2026-03-24T15:11:43Z,2026-03-24
ac19e71da590af0a_60,ac19e71da590af0a,R114792-03,W118892,AB24ROOM,27,-6,0,1,PASS,1,1,74,0,60,0,2026-03-24T15:11:43Z,2026-03-24
ac19e71da590af0a_61,ac19e71da590af0a,R114792-03,W118892,AB24ROOM,26,-6,0,1,PASS,1,1,72,0,61,0,2026-03-24T15:11:43Z,2026-03-24
ac19e71da590af0a_62,ac19e71da590af0a,R114792-03,W118892,AB24ROOM,25,-6,0,1,PASS,1,1,72,0,62,0,2026-03-24T15:11:43Z,2026-03-24
ac19e71da590af0a_63,ac19e71da590af0a,R114792-03,W118892,AB24ROOM,24,-6,0,1,PASS,1,1,72,0,63,0,2026-03-24T15:11:43Z,2026-03-24
ac19e71da590af0a_64,ac19e71da590af0a,R114792-03,W118892,AB24ROOM,23,-6,0,1,PASS,1,1,72,0,64,0,2026-03-24T15:11:43Z,2026-03-24
ac19e71da590af0a_65,ac19e71da590af0a,R114792-03,W118892,AB24ROOM,22,-6,0,1,PASS,1,1,72,0,65,0,2026-03-24T15:11:43Z,2026-03-24
ac19e71da590af0a_66,ac19e71da590af0a,R114792-03,W118892,AB24ROOM,21,-6,0,1,PASS,1,1,74,0,66,0,2026-03-24T15:11:43Z,2026-03-24
ac19e71da590af0a_67,ac19e71da590af0a,R114792-03,W118892,AB24ROOM,20,-6,0,1,PASS,1,1,72,0,67,0,2026-03-24T15:11:43Z,2026-03-24
ac19e71da590af0a_68,ac19e71da590af0a,R114792-03,W118892,AB24ROOM,19,-6,0,1,PASS,1,1,72,0,68,0,2026-03-24T15:11:43Z,2026-03-24
ac19e71da590af0a_69,ac19e71da590af0a,R114792-03,W118892,AB24ROOM,18,-6,0,1,PASS,1,1,72,0,69,0,2026-03-24T15:11:43Z,2026-03-24
ac19e71da590af0a_70,ac19e71da590af0a,R114792-03,W118892,AB24ROOM,17,-6,0,1,PASS,1,1,72,0,70,0,2026-03-24T15:11:43Z,2026-03-24
ac19e71da590af0a_71,ac19e71da590af0a,R114792-03,W118892,AB24ROOM,16,-6,0,1,PASS,1,1,72,0,71,0,2026-03-24T15:11:43Z,2026-03-24
ac19e71da590af0a_72,ac19e71da590af0a,R114792-03,W118892,AB24ROOM,15,-6,0,1,PASS,1,1,74,0,72,0,2026-03-24T15:11:43Z,2026-03-24
ac19e71da590af0a_73,ac19e71da590af0a,R114792-03,W118892,AB24ROOM,14,-6,0,1,FAIL,2,2,54,0,73,0,2026-03-24T15:11:43Z,2026-03-24
ac19e71da590af0a_74,ac19e71da590af0a,R114792-03,W118892,AB24ROOM,13,-6,0,1,FAIL,10,10,11,0,74,0,2026-03-24T15:11:43Z,2026-03-24
ac19e71da590af0a_75,ac19e71da590af0a,R114792-03,W118892,AB24ROOM,12,-7,0,1,PASS,1,1,74,0,75,0,2026-03-24T15:11:43Z,2026-03-24
ac19e71da590af0a_76,ac19e71da590af0a,R114792-03,W118892,AB24ROOM,13,-7,0,1,PASS,1,1,72,0,76,0,2026-03-24T15:11:43Z,2026-03-24
ac19e71da590af0a_77,ac19e71da590af0a,R114792-03,W118892,AB24ROOM,14,-7,0,1,PASS,1,1,72,0,77,0,2026-03-24T15:11:43Z,2026-03-24
ac19e71da590af0a_78,ac19e71da590af0a,R114792-03,W118892,AB24ROOM,15,-7,0,1,PASS,1,1,72,0,78,0,2026-03-24T15:11:43Z,2026-03-24
ac19e71da590af0a_79,ac19e71da590af0a,R114792-03,W118892,AB24ROOM,16,-7,0,1,PASS,1,1,72,0,79,0,2026-03-24T15:11:43Z,2026-03-24
ac19e71da590af0a_80,ac19e71da590af0a,R114792-03,W118892,AB24ROOM,17,-7,0,1,FAIL,20,20,62,0,80,0,2026-03-24T15:11:43Z,2026-03-24
ac19e71da590af0a_81,ac19e71da590af0a,R114792-03,W118892,AB24ROOM,18,-7,0,1,PASS,1,1,74,0,81,0,2026-03-24T15:11:43Z,2026-03-24
ac19e71da590af0a_82,ac19e71da590af0a,R114792-03,W118892,AB24ROOM,19,-7,0,1,PASS,1,1,72,0,82,0,2026-03-24T15:11:43Z,2026-03-24
ac19e71da590af0a_83,ac19e71da590af0a,R114792-03,W118892,AB24ROOM,20,-7,0,1,PASS,1,1,72,0,83,0,2026-03-24T15:11:43Z,2026-03-24
ac19e71da590af0a_84,ac19e71da590af0a,R114792-03,W118892,AB24ROOM,21,-7,0,1,PASS,1,1,72,0,84,0,2026-03-24T15:11:43Z,2026-03-24
ac19e71da590af0a_85,ac19e71da590af0a,R114792-03,W118892,AB24ROOM,22,-7,0,1,PASS,1,1,72,0,85,0,2026-03-24T15:11:43Z,2026-03-24
ac19e71da590af0a_86,ac19e71da590af0a,R114792-03,W118892,AB24ROOM,23,-7,0,1,PASS,1,1,72,0,86,0,2026-03-24T15:11:43Z,2026-03-24
ac19e71da590af0a_87,ac19e71da590af0a,R114792-03,W118892,AB24ROOM,24,-7,0,1,PASS,1,1,74,0,87,0,2026-03-24T15:11:43Z,2026-03-24
ac19e71da590af0a_88,ac19e71da590af0a,R114792-03,W118892,AB24ROOM,25,-7,0,1,PASS,1,1,72,0,88,0,2026-03-24T15:11:43Z,2026-03-24
ac19e71da590af0a_89,ac19e71da590af0a,R114792-03,W118892,AB24ROOM,26,-7,0,1,PASS,1,1,72,0,89,0,2026-03-24T15:11:43Z,2026-03-24
ac19e71da590af0a_90,ac19e71da590af0a,R114792-03,W118892,AB24ROOM,27,-7,0,1,PASS,1,1,72,0,90,0,2026-03-24T15:11:43Z,2026-03-24
ac19e71da590af0a_91,ac19e71da590af0a,R114792-03,W118892,AB24ROOM,28,-7,0,1,PASS,1,1,72,0,91,0,2026-03-24T15:11:43Z,2026-03-24
ac19e71da590af0a_92,ac19e71da590af0a,R114792-03,W118892,AB24ROOM,29,-7,0,1,PASS,1,1,72,0,92,0,2026-03-24T15:11:43Z,2026-03-24
ac19e71da590af0a_93,ac19e71da590af0a,R114792-03,W118892,AB24ROOM,30,-7,0,1,FAIL,20,20,64,0,93,0,2026-03-24T15:11:43Z,2026-03-24
ac19e71da590af0a_94,ac19e71da590af0a,R114792-03,W118892,AB24ROOM,31,-7,0,1,PASS,1,1,74,0,94,0,2026-03-24T15:11:43Z,2026-03-24
ac19e71da590af0a_95,ac19e71da590af0a,R114792-03,W118892,AB24ROOM,32,-7,0,1,PASS,1,1,72,0,95,0,2026-03-24T15:11:43Z,2026-03-24
ac19e71da590af0a_96,ac19e71da590af0a,R114792-03,W118892,AB24ROOM,33,-7,0,1,PASS,1,1,72,0,96,0,2026-03-24T15:11:43Z,2026-03-24
ac19e71da590af0a_97,ac19e71da590af0a,R114792-03,W118892,AB24ROOM,34,-7,0,1,PASS,1,1,72,0,97,0,2026-03-24T15:11:43Z,2026-03-24
ac19e71da590af0a_98,ac19e71da590af0a,R114792-03,W118892,AB24ROOM,35,-7,0,1,PASS,1,1,72,0,98,0,2026-03-24T15:11:43Z,2026-03-24
ac19e71da590af0a_99,ac19e71da590af0a,R114792-03,W118892,AB24ROOM,36,-7,0,1,PASS,1,1,72,0,99,0,2026-03-24T15:11:43Z,2026-03-24
ac19e71da590af0a_100,ac19e71da590af0a,R114792-03,W118892,AB24ROOM,37,-7,0,1,PASS,1,1,74,0,100,0,2026-03-24T15:11:43Z,2026-03-24
ac19e71da590af0a_101,ac19e71da590af0a,R114792-03,W118892,AB24ROOM,38,-7,0,1,PASS,1,1,72,0,101,0,2026-03-24T15:11:43Z,2026-03-24
ac19e71da590af0a_102,ac19e71da590af0a,R114792-03,W118892,AB24ROOM,39,-8,0,1,PASS,1,1,72,0,102,0,2026-03-24T15:11:43Z,2026-03-24
ac19e71da590af0a_103,ac19e71da590af0a,R114792-03,W118892,AB24ROOM,38,-8,0,1,PASS,1,1,72,0,103,0,2026-03-24T15:11:43Z,2026-03-24
ac19e71da590af0a_104,ac19e71da590af0a,R114792-03,W118892,AB24ROOM,37,-8,0,1,PASS,1,1,72,0,104,0,2026-03-24T15:11:43Z,2026-03-24
ac19e71da590af0a_105,ac19e71da590af0a,R114792-03,W118892,AB24ROOM,36,-8,0,1,PASS,1,1,72,0,105,0,2026-03-24T15:11:43Z,2026-03-24
ac19e71da590af0a_106,ac19e71da590af0a,R114792-03,W118892,AB24ROOM,35,-8,0,1,PASS,1,1,74,0,106,0,2026-03-24T15:11:43Z,2026-03-24
ac19e71da590af0a_107,ac19e71da590af0a,R114792-03,W118892,AB24ROOM,34,-8,0,1,PASS,1,1,72,0,107,0,2026-03-24T15:11:43Z,2026-03-24
ac19e71da590af0a_108,ac19e71da590af0a,R114792-03,W118892,AB24ROOM,33,-8,0,1,PASS,1,1,72,0,108,0,2026-03-24T15:11:43Z,2026-03-24
ac19e71da590af0a_109,ac19e71da590af0a,R114792-03,W118892,AB24ROOM,32,-8,0,1,PASS,1,1,72,0,109,0,2026-03-24T15:11:43Z,2026-03-24
ac19e71da590af0a_110,ac19e71da590af0a,R114792-03,W118892,AB24ROOM,31,-8,0,1,PASS,1,1,72,0,110,0,2026-03-24T15:11:43Z,2026-03-24
ac19e71da590af0a_111,ac19e71da590af0a,R114792-03,W118892,AB24ROOM,30,-8,0,1,PASS,1,1,72,0,111,0,2026-03-24T15:11:43Z,2026-03-24
ac19e71da590af0a_112,ac19e71da590af0a,R114792-03,W118892,AB24ROOM,29,-8,0,1,FAIL,2,2,53,0,112,0,2026-03-24T15:11:43Z,2026-03-24
ac19e71da590af0a_113,ac19e71da590af0a,R114792-03,W118892,AB24ROOM,28,-8,0,1,FAIL,2,2,53,0,113,0,2026-03-24T15:11:43Z,2026-03-24
ac19e71da590af0a_114,ac19e71da590af0a,R114792-03,W118892,AB24ROOM,27,-8,0,1,PASS,1,1,74,0,114,0,2026-03-24T15:11:43Z,2026-03-24
ac19e71da590af0a_115,ac19e71da590af0a,R114792-03,W118892,AB24ROOM,26,-8,0,1,PASS,1,1,72,0,115,0,2026-03-24T15:11:43Z,2026-03-24
ac19e71da590af0a_116,ac19e71da590af0a,R114792-03,W118892,AB24ROOM,25,-8,0,1,FAIL,20,20,62,0,116,0,2026-03-24T15:11:43Z,2026-03-24
ac19e71da590af0a_117,ac19e71da590af0a,R114792-03,W118892,AB24ROOM,24,-8,0,1,PASS,1,1,74,0,117,0,2026-03-24T15:11:43Z,2026-03-24
ac19e71da590af0a_118,ac19e71da590af0a,R114792-03,W118892,AB24ROOM,23,-8,0,1,PASS,1,1,72,0,118,0,2026-03-24T15:11:43Z,2026-03-24
ac19e71da590af0a_119,ac19e71da590af0a,R114792-03,W118892,AB24ROOM,22,-8,0,1,PASS,1,1,72,0,119,0,2026-03-24T15:11:43Z,2026-03-24
ac19e71da590af0a_120,ac19e71da590af0a,R114792-03,W118892,AB24ROOM,21,-8,0,1,PASS,1,1,72,0,120,0,2026-03-24T15:11:43Z,2026-03-24
ac19e71da590af0a_121,ac19e71da590af0a,R114792-03,W118892,AB24ROOM,20,-8,0,1,PASS,1,1,72,0,121,0,2026-03-24T15:11:43Z,2026-03-24
ac19e71da590af0a_122,ac19e71da590af0a,R114792-03,W118892,AB24ROOM,19,-8,0,1,PASS,1,1,72,0,122,0,2026-03-24T15:11:43Z,2026-03-24
ac19e71da590af0a_123,ac19e71da590af0a,R114792-03,W118892,AB24ROOM,18,-8,0,1,PASS,1,1,74,0,123,0,2026-03-24T15:11:43Z,2026-03-24
ac19e71da590af0a_124,ac19e71da590af0a,R114792-03,W118892,AB24ROOM,17,-8,0,1,PASS,1,1,72,0,124,0,2026-03-24T15:11:43Z,2026-03-24
ac19e71da590af0a_125,ac19e71da590af0a,R114792-03,W118892,AB24ROOM,16,-8,0,1,PASS,1,1,72,0,125,0,2026-03-24T15:11:43Z,2026-03-24
ac19e71da590af0a_126,ac19e71da590af0a,R114792-03,W118892,AB24ROOM,15,-8,0,1,PASS,1,1,72,0,126,0,2026-03-24T15:11:43Z,2026-03-24
ac19e71da590af0a_127,ac19e71da590af0a,R114792-03,W118892,AB24ROOM,14,-8,0,1,PASS,1,1,72,0,127,0,2026-03-24T15:11:43Z,2026-03-24
ac19e71da590af0a_128,ac19e71da590af0a,R114792-03,W118892,AB24ROOM,13,-8,0,1,PASS,1,1,72,0,128,0,2026-03-24T15:11:43Z,2026-03-24
ac19e71da590af0a_129,ac19e71da590af0a,R114792-03,W118892,AB24ROOM,12,-8,0,1,PASS,1,1,74,0,129,0,2026-03-24T15:11:43Z,2026-03-24
ac19e71da590af0a_130,ac19e71da590af0a,R114792-03,W118892,AB24ROOM,11,-8,0,1,PASS,1,1,72,0,130,0,2026-03-24T15:11:43Z,2026-03-24
ac19e71da590af0a_131,ac19e71da590af0a,R114792-03,W118892,AB24ROOM,10,-9,0,1,PASS,1,1,54,0,131,0,2026-03-24T15:11:43Z,2026-03-24
ac19e71da590af0a_132,ac19e71da590af0a,R114792-03,W118892,AB24ROOM,11,-9,0,1,PASS,1,1,72,0,132,0,2026-03-24T15:11:43Z,2026-03-24
ac19e71da590af0a_133,ac19e71da590af0a,R114792-03,W118892,AB24ROOM,12,-9,0,1,PASS,1,1,72,0,133,0,2026-03-24T15:11:43Z,2026-03-24
ac19e71da590af0a_134,ac19e71da590af0a,R114792-03,W118892,AB24ROOM,13,-9,0,1,PASS,1,1,72,0,134,0,2026-03-24T15:11:43Z,2026-03-24
ac19e71da590af0a_135,ac19e71da590af0a,R114792-03,W118892,AB24ROOM,14,-9,0,1,PASS,1,1,74,0,135,0,2026-03-24T15:11:43Z,2026-03-24
ac19e71da590af0a_136,ac19e71da590af0a,R114792-03,W118892,AB24ROOM,15,-9,0,1,PASS,1,1,72,0,136,0,2026-03-24T15:11:43Z,2026-03-24
ac19e71da590af0a_137,ac19e71da590af0a,R114792-03,W118892,AB24ROOM,16,-9,0,1,PASS,1,1,72,0,137,0,2026-03-24T15:11:43Z,2026-03-24
ac19e71da590af0a_138,ac19e71da590af0a,R114792-03,W118892,AB24ROOM,17,-9,0,1,PASS,1,1,72,0,138,0,2026-03-24T15:11:43Z,2026-03-24
ac19e71da590af0a_139,ac19e71da590af0a,R114792-03,W118892,AB24ROOM,18,-9,0,1,PASS,1,1,72,0,139,0,2026-03-24T15:11:43Z,2026-03-24
ac19e71da590af0a_140,ac19e71da590af0a,R114792-03,W118892,AB24ROOM,19,-9,0,1,PASS,1,1,72,0,140,0,2026-03-24T15:11:43Z,2026-03-24
ac19e71da590af0a_141,ac19e71da590af0a,R114792-03,W118892,AB24ROOM,20,-9,0,1,PASS,1,1,74,0,141,0,2026-03-24T15:11:43Z,2026-03-24
ac19e71da590af0a_142,ac19e71da590af0a,R114792-03,W118892,AB24ROOM,21,-9,0,1,PASS,1,1,72,0,142,0,2026-03-24T15:11:43Z,2026-03-24
ac19e71da590af0a_143,ac19e71da590af0a,R114792-03,W118892,AB24ROOM,22,-9,0,1,FAIL,8,8,32,0,143,0,2026-03-24T15:11:43Z,2026-03-24
ac19e71da590af0a_144,ac19e71da590af0a,R114792-03,W118892,AB24ROOM,23,-9,0,1,PASS,1,1,74,0,144,0,2026-03-24T15:11:43Z,2026-03-24
ac19e71da590af0a_145,ac19e71da590af0a,R114792-03,W118892,AB24ROOM,24,-9,0,1,FAIL,8,8,29,0,145,0,2026-03-24T15:11:43Z,2026-03-24
ac19e71da590af0a_146,ac19e71da590af0a,R114792-03,W118892,AB24ROOM,25,-9,0,1,FAIL,8,8,29,0,146,0,2026-03-24T15:11:43Z,2026-03-24
ac19e71da590af0a_147,ac19e71da590af0a,R114792-03,W118892,AB24ROOM,26,-9,0,1,FAIL,8,8,29,0,147,0,2026-03-24T15:11:43Z,2026-03-24
ac19e71da590af0a_148,ac19e71da590af0a,R114792-03,W118892,AB24ROOM,27,-9,0,1,FAIL,8,8,29,0,148,0,2026-03-24T15:11:43Z,2026-03-24
ac19e71da590af0a_149,ac19e71da590af0a,R114792-03,W118892,AB24ROOM,28,-9,0,1,FAIL,8,8,29,0,149,0,2026-03-24T15:11:43Z,2026-03-24
ac19e71da590af0a_150,ac19e71da590af0a,R114792-03,W118892,AB24ROOM,23,-9,0,1,PASS,1,1,56,0,150,0,2026-03-24T15:11:43Z,2026-03-24
ac19e71da590af0a_151,ac19e71da590af0a,R114792-03,W118892,AB24ROOM,29,-9,0,1,FAIL,8,8,29,0,151,0,2026-03-24T15:11:43Z,2026-03-24
ac19e71da590af0a_152,ac19e71da590af0a,R114792-03,W118892,AB24ROOM,30,-9,0,1,PASS,1,1,74,0,152,0,2026-03-24T15:11:43Z,2026-03-24
ac19e71da590af0a_153,ac19e71da590af0a,R114792-03,W118892,AB24ROOM,31,-9,0,1,PASS,1,1,72,0,153,0,2026-03-24T15:11:43Z,2026-03-24
ac19e71da590af0a_154,ac19e71da590af0a,R114792-03,W118892,AB24ROOM,32,-9,0,1,PASS,1,1,72,0,154,0,2026-03-24T15:11:43Z,2026-03-24
ac19e71da590af0a_155,ac19e71da590af0a,R114792-03,W118892,AB24ROOM,33,-9,0,1,PASS,1,1,72,0,155,0,2026-03-24T15:11:43Z,2026-03-24
ac19e71da590af0a_156,ac19e71da590af0a,R114792-03,W118892,AB24ROOM,34,-9,0,1,FAIL,20,20,62,0,156,0,2026-03-24T15:11:43Z,2026-03-24
ac19e71da590af0a_157,ac19e71da590af0a,R114792-03,W118892,AB24ROOM,35,-9,0,1,FAIL,8,8,29,0,157,0,2026-03-24T15:11:43Z,2026-03-24
ac19e71da590af0a_158,ac19e71da590af0a,R114792-03,W118892,AB24ROOM,36,-9,0,1,FAIL,8,8,29,0,158,0,2026-03-24T15:11:43Z,2026-03-24
ac19e71da590af0a_159,ac19e71da590af0a,R114792-03,W118892,AB24ROOM,37,-9,0,1,FAIL,8,8,29,0,159,0,2026-03-24T15:11:43Z,2026-03-24
ac19e71da590af0a_160,ac19e71da590af0a,R114792-03,W118892,AB24ROOM,38,-9,0,1,FAIL,8,8,29,0,160,0,2026-03-24T15:11:43Z,2026-03-24
ac19e71da590af0a_161,ac19e71da590af0a,R114792-03,W118892,AB24ROOM,39,-9,0,1,FAIL,20,20,64,0,161,0,2026-03-24T15:11:43Z,2026-03-24
ac19e71da590af0a_162,ac19e71da590af0a,R114792-03,W118892,AB24ROOM,40,-9,0,1,PASS,1,1,74,0,162,0,2026-03-24T15:11:43Z,2026-03-24
ac19e71da590af0a_163,ac19e71da590af0a,R114792-03,W118892,AB24ROOM,41,-10,0,1,PASS,1,1,72,0,163,0,2026-03-24T15:11:43Z,2026-03-24
ac19e71da590af0a_164,ac19e71da590af0a,R114792-03,W118892,AB24ROOM,40,-10,0,1,FAIL,4,4,36,0,164,0,2026-03-24T15:11:43Z,2026-03-24
ac19e71da590af0a_165,ac19e71da590af0a,R114792-03,W118892,AB24ROOM,39,-10,0,1,PASS,1,1,74,0,165,0,2026-03-24T15:11:43Z,2026-03-24
ac19e71da590af0a_166,ac19e71da590af0a,R114792-03,W118892,AB24ROOM,38,-10,0,1,PASS,1,1,72,0,166,0,2026-03-24T15:11:43Z,2026-03-24
ac19e71da590af0a_167,ac19e71da590af0a,R114792-03,W118892,AB24ROOM,37,-10,0,1,PASS,1,1,72,0,167,0,2026-03-24T15:11:43Z,2026-03-24
ac19e71da590af0a_168,ac19e71da590af0a,R114792-03,W118892,AB24ROOM,36,-10,0,1,PASS,1,1,72,0,168,0,2026-03-24T15:11:43Z,2026-03-24
ac19e71da590af0a_169,ac19e71da590af0a,R114792-03,W118892,AB24ROOM,35,-10,0,1,PASS,1,1,72,0,169,0,2026-03-24T15:11:43Z,2026-03-24
ac19e71da590af0a_170,ac19e71da590af0a,R114792-03,W118892,AB24ROOM,34,-10,0,1,PASS,1,1,72,0,170,0,2026-03-24T15:11:43Z,2026-03-24
ac19e71da590af0a_171,ac19e71da590af0a,R114792-03,W118892,AB24ROOM,33,-10,0,1,FAIL,20,20,64,0,171,0,2026-03-24T15:11:43Z,2026-03-24
ac19e71da590af0a_172,ac19e71da590af0a,R114792-03,W118892,AB24ROOM,32,-10,0,1,PASS,1,1,74,0,172,0,2026-03-24T15:11:43Z,2026-03-24
ac19e71da590af0a_173,ac19e71da590af0a,R114792-03,W118892,AB24ROOM,31,-10,0,1,PASS,1,1,72,0,173,0,2026-03-24T15:11:43Z,2026-03-24
ac19e71da590af0a_174,ac19e71da590af0a,R114792-03,W118892,AB24ROOM,30,-10,0,1,PASS,1,1,72,0,174,0,2026-03-24T15:11:43Z,2026-03-24
ac19e71da590af0a_175,ac19e71da590af0a,R114792-03,W118892,AB24ROOM,29,-10,0,1,PASS,1,1,72,0,175,0,2026-03-24T15:11:43Z,2026-03-24
ac19e71da590af0a_176,ac19e71da590af0a,R114792-03,W118892,AB24ROOM,28,-10,0,1,PASS,1,1,72,0,176,0,2026-03-24T15:11:43Z,2026-03-24
ac19e71da590af0a_177,ac19e71da590af0a,R114792-03,W118892,AB24ROOM,27,-10,0,1,PASS,1,1,72,0,177,0,2026-03-24T15:11:43Z,2026-03-24
ac19e71da590af0a_178,ac19e71da590af0a,R114792-03,W118892,AB24ROOM,26,-10,0,1,PASS,1,1,74,0,178,0,2026-03-24T15:11:43Z,2026-03-24
ac19e71da590af0a_179,ac19e71da590af0a,R114792-03,W118892,AB24ROOM,25,-10,0,1,PASS,1,1,72,0,179,0,2026-03-24T15:11:43Z,2026-03-24
ac19e71da590af0a_180,ac19e71da590af0a,R114792-03,W118892,AB24ROOM,24,-10,0,1,FAIL,20,20,62,0,180,0,2026-03-24T15:11:43Z,2026-03-24
ac19e71da590af0a_181,ac19e71da590af0a,R114792-03,W118892,AB24ROOM,23,-10,0,1,PASS,1,1,74,0,181,0,2026-03-24T15:11:43Z,2026-03-24
ac19e71da590af0a_182,ac19e71da590af0a,R114792-03,W118892,AB24ROOM,22,-10,0,1,PASS,1,1,72,0,182,0,2026-03-24T15:11:43Z,2026-03-24
ac19e71da590af0a_183,ac19e71da590af0a,R114792-03,W118892,AB24ROOM,21,-10,0,1,PASS,1,1,72,0,183,0,2026-03-24T15:11:43Z,2026-03-24
ac19e71da590af0a_184,ac19e71da590af0a,R114792-03,W118892,AB24ROOM,20,-10,0,1,PASS,1,1,72,0,184,0,2026-03-24T15:11:43Z,2026-03-24
ac19e71da590af0a_185,ac19e71da590af0a,R114792-03,W118892,AB24ROOM,19,-10,0,1,PASS,1,1,72,0,185,0,2026-03-24T15:11:43Z,2026-03-24
ac19e71da590af0a_186,ac19e71da590af0a,R114792-03,W118892,AB24ROOM,18,-10,0,1,PASS,1,1,72,0,186,0,2026-03-24T15:11:43Z,2026-03-24
ac19e71da590af0a_187,ac19e71da590af0a,R114792-03,W118892,AB24ROOM,17,-10,0,1,FAIL,8,8,32,0,187,0,2026-03-24T15:11:43Z,2026-03-24
ac19e71da590af0a_188,ac19e71da590af0a,R114792-03,W118892,AB24ROOM,16,-10,0,1,PASS,1,1,74,0,188,0,2026-03-24T15:11:43Z,2026-03-24
ac19e71da590af0a_189,ac19e71da590af0a,R114792-03,W118892,AB24ROOM,15,-10,0,1,FAIL,8,8,32,0,189,0,2026-03-24T15:11:43Z,2026-03-24
ac19e71da590af0a_190,ac19e71da590af0a,R114792-03,W118892,AB24ROOM,14,-10,0,1,PASS,1,1,74,0,190,0,2026-03-24T15:11:43Z,2026-03-24
ac19e71da590af0a_191,ac19e71da590af0a,R114792-03,W118892,AB24ROOM,13,-10,0,1,PASS,1,1,72,0,191,0,2026-03-24T15:11:43Z,2026-03-24
ac19e71da590af0a_192,ac19e71da590af0a,R114792-03,W118892,AB24ROOM,12,-10,0,1,PASS,1,1,72,0,192,0,2026-03-24T15:11:43Z,2026-03-24
ac19e71da590af0a_193,ac19e71da590af0a,R114792-03,W118892,AB24ROOM,11,-10,0,1,PASS,1,1,72,0,193,0,2026-03-24T15:11:43Z,2026-03-24
ac19e71da590af0a_194,ac19e71da590af0a,R114792-03,W118892,AB24ROOM,10,-10,0,1,PASS,1,1,72,0,194,0,2026-03-24T15:11:43Z,2026-03-24
ac19e71da590af0a_195,ac19e71da590af0a,R114792-03,W118892,AB24ROOM,9,-10,0,1,PASS,1,1,72,0,195,0,2026-03-24T15:11:43Z,2026-03-24
ac19e71da590af0a_196,ac19e71da590af0a,R114792-03,W118892,AB24ROOM,8,-11,0,1,PASS,1,1,74,0,196,0,2026-03-24T15:11:43Z,2026-03-24
ac19e71da590af0a_197,ac19e71da590af0a,R114792-03,W118892,AB24ROOM,9,-11,0,1,PASS,1,1,72,0,197,0,2026-03-24T15:11:43Z,2026-03-24
ac19e71da590af0a_198,ac19e71da590af0a,R114792-03,W118892,AB24ROOM,10,-11,0,1,PASS,1,1,72,0,198,0,2026-03-24T15:11:43Z,2026-03-24
ac19e71da590af0a_199,ac19e71da590af0a,R114792-03,W118892,AB24ROOM,13,-11,0,1,PASS,1,1,72,0,199,0,2026-03-24T15:11:43Z,2026-03-24
ac19e71da590af0a_200,ac19e71da590af0a,R114792-03,W118892,AB24ROOM,14,-11,0,1,PASS,1,1,72,0,200,0,2026-03-24T15:11:43Z,2026-03-24
ac19e71da590af0a_201,ac19e71da590af0a,R114792-03,W118892,AB24ROOM,15,-11,0,1,PASS,1,1,72,0,201,0,2026-03-24T15:11:43Z,2026-03-24
ac19e71da590af0a_202,ac19e71da590af0a,R114792-03,W118892,AB24ROOM,16,-11,0,1,PASS,1,1,74,0,202,0,2026-03-24T15:11:43Z,2026-03-24
ac19e71da590af0a_203,ac19e71da590af0a,R114792-03,W118892,AB24ROOM,17,-11,0,1,PASS,1,1,72,0,203,0,2026-03-24T15:11:43Z,2026-03-24
ac19e71da590af0a_204,ac19e71da590af0a,R114792-03,W118892,AB24ROOM,18,-11,0,1,PASS,1,1,72,0,204,0,2026-03-24T15:11:43Z,2026-03-24
ac19e71da590af0a_205,ac19e71da590af0a,R114792-03,W118892,AB24ROOM,19,-11,0,1,PASS,1,1,72,0,205,0,2026-03-24T15:11:43Z,2026-03-24
ac19e71da590af0a_206,ac19e71da590af0a,R114792-03,W118892,AB24ROOM,20,-11,0,1,PASS,1,1,72,0,206,0,2026-03-24T15:11:43Z,2026-03-24
ac19e71da590af0a_207,ac19e71da590af0a,R114792-03,W118892,AB24ROOM,21,-11,0,1,PASS,1,1,72,0,207,0,2026-03-24T15:11:43Z,2026-03-24
ac19e71da590af0a_208,ac19e71da590af0a,R114792-03,W118892,AB24ROOM,22,-11,0,1,PASS,1,1,74,0,208,0,2026-03-24T15:11:43Z,2026-03-24
ac19e71da590af0a_209,ac19e71da590af0a,R114792-03,W118892,AB24ROOM,23,-11,0,1,PASS,1,1,72,0,209,0,2026-03-24T15:11:43Z,2026-03-24
ac19e71da590af0a_210,ac19e71da590af0a,R114792-03,W118892,AB24ROOM,24,-11,0,1,PASS,1,1,72,0,210,0,2026-03-24T15:11:43Z,2026-03-24
ac19e71da590af0a_211,ac19e71da590af0a,R114792-03,W118892,AB24ROOM,25,-11,0,1,PASS,1,1,72,0,211,0,2026-03-24T15:11:43Z,2026-03-24
ac19e71da590af0a_212,ac19e71da590af0a,R114792-03,W118892,AB24ROOM,26,-11,0,1,PASS,1,1,72,0,212,0,2026-03-24T15:11:43Z,2026-03-24
ac19e71da590af0a_213,ac19e71da590af0a,R114792-03,W118892,AB24ROOM,27,-11,0,1,PASS,1,1,72,0,213,0,2026-03-24T15:11:43Z,2026-03-24
ac19e71da590af0a_214,ac19e71da590af0a,R114792-03,W118892,AB24ROOM,28,-11,0,1,PASS,1,1,74,0,214,0,2026-03-24T15:11:43Z,2026-03-24
ac19e71da590af0a_215,ac19e71da590af0a,R114792-03,W118892,AB24ROOM,29,-11,0,1,FAIL,20,20,44,0,215,0,2026-03-24T15:11:43Z,2026-03-24
ac19e71da590af0a_216,ac19e71da590af0a,R114792-03,W118892,AB24ROOM,30,-11,0,1,PASS,1,1,74,0,216,0,2026-03-24T15:11:43Z,2026-03-24
ac19e71da590af0a_217,ac19e71da590af0a,R114792-03,W118892,AB24ROOM,31,-11,0,1,FAIL,7,7,41,0,217,0,2026-03-24T15:11:43Z,2026-03-24
ac19e71da590af0a_218,ac19e71da590af0a,R114792-03,W118892,AB24ROOM,32,-11,0,1,PASS,1,1,74,0,218,0,2026-03-24T15:11:43Z,2026-03-24
ac19e71da590af0a_219,ac19e71da590af0a,R114792-03,W118892,AB24ROOM,33,-11,0,1,PASS,1,1,72,0,219,0,2026-03-24T15:11:43Z,2026-03-24
ac19e71da590af0a_220,ac19e71da590af0a,R114792-03,W118892,AB24ROOM,34,-11,0,1,PASS,1,1,72,0,220,0,2026-03-24T15:11:43Z,2026-03-24
ac19e71da590af0a_221,ac19e71da590af0a,R114792-03,W118892,AB24ROOM,35,-11,0,1,FAIL,20,20,62,0,221,0,2026-03-24T15:11:43Z,2026-03-24
ac19e71da590af0a_222,ac19e71da590af0a,R114792-03,W118892,AB24ROOM,36,-11,0,1,PASS,1,1,74,0,222,0,2026-03-24T15:11:43Z,2026-03-24
ac19e71da590af0a_223,ac19e71da590af0a,R114792-03,W118892,AB24ROOM,37,-11,0,1,PASS,1,1,72,0,223,0,2026-03-24T15:11:43Z,2026-03-24
ac19e71da590af0a_224,ac19e71da590af0a,R114792-03,W118892,AB24ROOM,40,-11,0,1,PASS,1,1,72,0,224,0,2026-03-24T15:11:43Z,2026-03-24
ac19e71da590af0a_225,ac19e71da590af0a,R114792-03,W118892,AB24ROOM,41,-11,0,1,PASS,1,1,72,0,225,0,2026-03-24T15:11:43Z,2026-03-24
ac19e71da590af0a_226,ac19e71da590af0a,R114792-03,W118892,AB24ROOM,42,-11,0,1,PASS,1,1,72,0,226,0,2026-03-24T15:11:43Z,2026-03-24
ac19e71da590af0a_227,ac19e71da590af0a,R114792-03,W118892,AB24ROOM,43,-12,0,1,PASS,1,1,72,0,227,0,2026-03-24T15:11:43Z,2026-03-24
ac19e71da590af0a_228,ac19e71da590af0a,R114792-03,W118892,AB24ROOM,42,-12,0,1,PASS,1,1,74,0,228,0,2026-03-24T15:11:43Z,2026-03-24
ac19e71da590af0a_229,ac19e71da590af0a,R114792-03,W118892,AB24ROOM,41,-12,0,1,FAIL,2,2,54,0,229,0,2026-03-24T15:11:43Z,2026-03-24
ac19e71da590af0a_230,ac19e71da590af0a,R114792-03,W118892,AB24ROOM,40,-12,0,1,PASS,1,1,74,0,230,0,2026-03-24T15:11:43Z,2026-03-24
ac19e71da590af0a_231,ac19e71da590af0a,R114792-03,W118892,AB24ROOM,37,-12,0,1,PASS,1,1,72,0,231,0,2026-03-24T15:11:43Z,2026-03-24
ac19e71da590af0a_232,ac19e71da590af0a,R114792-03,W118892,AB24ROOM,36,-12,0,1,PASS,1,1,72,0,232,0,2026-03-24T15:11:43Z,2026-03-24
ac19e71da590af0a_233,ac19e71da590af0a,R114792-03,W118892,AB24ROOM,35,-12,0,1,PASS,1,1,72,0,233,0,2026-03-24T15:11:43Z,2026-03-24
ac19e71da590af0a_234,ac19e71da590af0a,R114792-03,W118892,AB24ROOM,34,-12,0,1,PASS,1,1,72,0,234,0,2026-03-24T15:11:43Z,2026-03-24
ac19e71da590af0a_235,ac19e71da590af0a,R114792-03,W118892,AB24ROOM,33,-12,0,1,PASS,1,1,72,0,235,0,2026-03-24T15:11:43Z,2026-03-24
ac19e71da590af0a_236,ac19e71da590af0a,R114792-03,W118892,AB24ROOM,32,-12,0,1,PASS,1,1,74,0,236,0,2026-03-24T15:11:43Z,2026-03-24
ac19e71da590af0a_237,ac19e71da590af0a,R114792-03,W118892,AB24ROOM,31,-12,0,1,PASS,1,1,72,0,237,0,2026-03-24T15:11:43Z,2026-03-24
ac19e71da590af0a_238,ac19e71da590af0a,R114792-03,W118892,AB24ROOM,30,-12,0,1,PASS,1,1,72,0,238,0,2026-03-24T15:11:43Z,2026-03-24
ac19e71da590af0a_239,ac19e71da590af0a,R114792-03,W118892,AB24ROOM,29,-12,0,1,PASS,1,1,72,0,239,0,2026-03-24T15:11:43Z,2026-03-24
ac19e71da590af0a_240,ac19e71da590af0a,R114792-03,W118892,AB24ROOM,28,-12,0,1,FAIL,20,20,62,0,240,0,2026-03-24T15:11:43Z,2026-03-24
ac19e71da590af0a_241,ac19e71da590af0a,R114792-03,W118892,AB24ROOM,27,-12,0,1,PASS,1,1,74,0,241,0,2026-03-24T15:11:43Z,2026-03-24
ac19e71da590af0a_242,ac19e71da590af0a,R114792-03,W118892,AB24ROOM,26,-12,0,1,PASS,1,1,72,0,242,0,2026-03-24T15:11:43Z,2026-03-24
ac19e71da590af0a_243,ac19e71da590af0a,R114792-03,W118892,AB24ROOM,25,-12,0,1,PASS,1,1,72,0,243,0,2026-03-24T15:11:43Z,2026-03-24
ac19e71da590af0a_244,ac19e71da590af0a,R114792-03,W118892,AB24ROOM,24,-12,0,1,PASS,1,1,72,0,244,0,2026-03-24T15:11:43Z,2026-03-24
ac19e71da590af0a_245,ac19e71da590af0a,R114792-03,W118892,AB24ROOM,23,-12,0,1,PASS,1,1,72,0,245,0,2026-03-24T15:11:43Z,2026-03-24
ac19e71da590af0a_246,ac19e71da590af0a,R114792-03,W118892,AB24ROOM,22,-12,0,1,PASS,1,1,72,0,246,0,2026-03-24T15:11:43Z,2026-03-24
ac19e71da590af0a_247,ac19e71da590af0a,R114792-03,W118892,AB24ROOM,21,-12,0,1,PASS,1,1,74,0,247,0,2026-03-24T15:11:43Z,2026-03-24
ac19e71da590af0a_248,ac19e71da590af0a,R114792-03,W118892,AB24ROOM,20,-12,0,1,PASS,1,1,72,0,248,0,2026-03-24T15:11:43Z,2026-03-24
ac19e71da590af0a_249,ac19e71da590af0a,R114792-03,W118892,AB24ROOM,19,-12,0,1,PASS,1,1,72,0,249,0,2026-03-24T15:11:43Z,2026-03-24
ac19e71da590af0a_250,ac19e71da590af0a,R114792-03,W118892,AB24ROOM,18,-12,0,1,PASS,1,1,72,0,250,0,2026-03-24T15:11:43Z,2026-03-24
ac19e71da590af0a_251,ac19e71da590af0a,R114792-03,W118892,AB24ROOM,17,-12,0,1,PASS,1,1,72,0,251,0,2026-03-24T15:11:43Z,2026-03-24
ac19e71da590af0a_252,ac19e71da590af0a,R114792-03,W118892,AB24ROOM,16,-12,0,1,PASS,1,1,72,0,252,0,2026-03-24T15:11:43Z,2026-03-24
ac19e71da590af0a_253,ac19e71da590af0a,R114792-03,W118892,AB24ROOM,15,-12,0,1,PASS,1,1,74,0,253,0,2026-03-24T15:11:43Z,2026-03-24
ac19e71da590af0a_254,ac19e71da590af0a,R114792-03,W118892,AB24ROOM,14,-12,0,1,PASS,1,1,72,0,254,0,2026-03-24T15:11:43Z,2026-03-24
ac19e71da590af0a_255,ac19e71da590af0a,R114792-03,W118892,AB24ROOM,13,-12,0,1,FAIL,8,8,32,0,255,0,2026-03-24T15:11:43Z,2026-03-24
ac19e71da590af0a_256,ac19e71da590af0a,R114792-03,W118892,AB24ROOM,10,-12,0,1,PASS,1,1,74,0,256,0,2026-03-24T15:11:43Z,2026-03-24
ac19e71da590af0a_257,ac19e71da590af0a,R114792-03,W118892,AB24ROOM,9,-12,0,1,PASS,1,1,72,0,257,0,2026-03-24T15:11:43Z,2026-03-24
ac19e71da590af0a_258,ac19e71da590af0a,R114792-03,W118892,AB24ROOM,8,-12,0,1,FAIL,2,2,54,0,258,0,2026-03-24T15:11:43Z,2026-03-24
ac19e71da590af0a_259,ac19e71da590af0a,R114792-03,W118892,AB24ROOM,7,-12,0,1,PASS,1,1,74,0,259,0,2026-03-24T15:11:43Z,2026-03-24
ac19e71da590af0a_260,ac19e71da590af0a,R114792-03,W118892,AB24ROOM,6,-13,0,1,FAIL,5,5,1,0,260,0,2026-03-24T15:11:43Z,2026-03-24
ac19e71da590af0a_261,ac19e71da590af0a,R114792-03,W118892,AB24ROOM,7,-13,0,1,PASS,1,1,74,0,261,0,2026-03-24T15:11:43Z,2026-03-24
ac19e71da590af0a_262,ac19e71da590af0a,R114792-03,W118892,AB24ROOM,8,-13,0,1,PASS,1,1,72,0,262,0,2026-03-24T15:11:43Z,2026-03-24
ac19e71da590af0a_263,ac19e71da590af0a,R114792-03,W118892,AB24ROOM,9,-13,0,1,PASS,1,1,72,0,263,0,2026-03-24T15:11:43Z,2026-03-24
ac19e71da590af0a_264,ac19e71da590af0a,R114792-03,W118892,AB24ROOM,10,-13,0,1,PASS,1,1,72,0,264,0,2026-03-24T15:11:43Z,2026-03-24
ac19e71da590af0a_265,ac19e71da590af0a,R114792-03,W118892,AB24ROOM,11,-13,0,1,PASS,1,1,72,0,265,0,2026-03-24T15:11:43Z,2026-03-24
ac19e71da590af0a_266,ac19e71da590af0a,R114792-03,W118892,AB24ROOM,12,-13,0,1,PASS,1,1,72,0,266,0,2026-03-24T15:11:43Z,2026-03-24
ac19e71da590af0a_267,ac19e71da590af0a,R114792-03,W118892,AB24ROOM,13,-13,0,1,PASS,1,1,74,0,267,0,2026-03-24T15:11:43Z,2026-03-24
ac19e71da590af0a_268,ac19e71da590af0a,R114792-03,W118892,AB24ROOM,14,-13,0,1,PASS,1,1,72,0,268,0,2026-03-24T15:11:43Z,2026-03-24
ac19e71da590af0a_269,ac19e71da590af0a,R114792-03,W118892,AB24ROOM,15,-13,0,1,FAIL,8,8,32,0,269,0,2026-03-24T15:11:43Z,2026-03-24
ac19e71da590af0a_270,ac19e71da590af0a,R114792-03,W118892,AB24ROOM,16,-13,0,1,PASS,1,1,74,0,270,0,2026-03-24T15:11:43Z,2026-03-24
ac19e71da590af0a_271,ac19e71da590af0a,R114792-03,W118892,AB24ROOM,17,-13,0,1,PASS,1,1,72,0,271,0,2026-03-24T15:11:43Z,2026-03-24
ac19e71da590af0a_272,ac19e71da590af0a,R114792-03,W118892,AB24ROOM,18,-13,0,1,PASS,1,1,72,0,272,0,2026-03-24T15:11:43Z,2026-03-24
ac19e71da590af0a_273,ac19e71da590af0a,R114792-03,W118892,AB24ROOM,19,-13,0,1,PASS,1,1,72,0,273,0,2026-03-24T15:11:43Z,2026-03-24
ac19e71da590af0a_274,ac19e71da590af0a,R114792-03,W118892,AB24ROOM,20,-13,0,1,PASS,1,1,72,0,274,0,2026-03-24T15:11:43Z,2026-03-24
ac19e71da590af0a_275,ac19e71da590af0a,R114792-03,W118892,AB24ROOM,21,-13,0,1,PASS,1,1,72,0,275,0,2026-03-24T15:11:43Z,2026-03-24
ac19e71da590af0a_276,ac19e71da590af0a,R114792-03,W118892,AB24ROOM,22,-13,0,1,FAIL,2,2,57,0,276,0,2026-03-24T15:11:43Z,2026-03-24
ac19e71da590af0a_277,ac19e71da590af0a,R114792-03,W118892,AB24ROOM,23,-13,0,1,FAIL,8,8,29,0,277,0,2026-03-24T15:11:43Z,2026-03-24
ac19e71da590af0a_278,ac19e71da590af0a,R114792-03,W118892,AB24ROOM,24,-13,0,1,PASS,1,1,74,0,278,0,2026-03-24T15:11:43Z,2026-03-24
ac19e71da590af0a_279,ac19e71da590af0a,R114792-03,W118892,AB24ROOM,25,-13,0,1,FAIL,8,8,29,0,279,0,2026-03-24T15:11:43Z,2026-03-24
ac19e71da590af0a_280,ac19e71da590af0a,R114792-03,W118892,AB24ROOM,26,-13,0,1,FAIL,8,8,29,0,280,0,2026-03-24T15:11:43Z,2026-03-24
ac19e71da590af0a_281,ac19e71da590af0a,R114792-03,W118892,AB24ROOM,27,-13,0,1,FAIL,8,8,29,0,281,0,2026-03-24T15:11:43Z,2026-03-24
ac19e71da590af0a_282,ac19e71da590af0a,R114792-03,W118892,AB24ROOM,28,-13,0,1,FAIL,8,8,32,0,282,0,2026-03-24T15:11:43Z,2026-03-24
ac19e71da590af0a_283,ac19e71da590af0a,R114792-03,W118892,AB24ROOM,29,-13,0,1,PASS,1,1,74,0,283,0,2026-03-24T15:11:43Z,2026-03-24
ac19e71da590af0a_284,ac19e71da590af0a,R114792-03,W118892,AB24ROOM,30,-13,0,1,PASS,1,1,72,0,284,0,2026-03-24T15:11:43Z,2026-03-24
ac19e71da590af0a_285,ac19e71da590af0a,R114792-03,W118892,AB24ROOM,31,-13,0,1,PASS,1,1,72,0,285,0,2026-03-24T15:11:43Z,2026-03-24
ac19e71da590af0a_286,ac19e71da590af0a,R114792-03,W118892,AB24ROOM,32,-13,0,1,PASS,1,1,72,0,286,0,2026-03-24T15:11:43Z,2026-03-24
ac19e71da590af0a_287,ac19e71da590af0a,R114792-03,W118892,AB24ROOM,33,-13,0,1,PASS,1,1,72,0,287,0,2026-03-24T15:11:43Z,2026-03-24
ac19e71da590af0a_288,ac19e71da590af0a,R114792-03,W118892,AB24ROOM,34,-13,0,1,FAIL,8,8,32,0,288,0,2026-03-24T15:11:43Z,2026-03-24
ac19e71da590af0a_289,ac19e71da590af0a,R114792-03,W118892,AB24ROOM,35,-13,0,1,PASS,1,1,74,0,289,0,2026-03-24T15:11:43Z,2026-03-24
ac19e71da590af0a_290,ac19e71da590af0a,R114792-03,W118892,AB24ROOM,36,-13,0,1,PASS,1,1,72,0,290,0,2026-03-24T15:11:43Z,2026-03-24
ac19e71da590af0a_291,ac19e71da590af0a,R114792-03,W118892,AB24ROOM,37,-13,0,1,FAIL,20,20,62,0,291,0,2026-03-24T15:11:43Z,2026-03-24
ac19e71da590af0a_292,ac19e71da590af0a,R114792-03,W118892,AB24ROOM,38,-13,0,1,PASS,1,1,74,0,292,0,2026-03-24T15:11:43Z,2026-03-24
ac19e71da590af0a_293,ac19e71da590af0a,R114792-03,W118892,AB24ROOM,39,-13,0,1,PASS,1,1,72,0,293,0,2026-03-24T15:11:43Z,2026-03-24
ac19e71da590af0a_294,ac19e71da590af0a,R114792-03,W118892,AB24ROOM,40,-13,0,1,PASS,1,1,72,0,294,0,2026-03-24T15:11:43Z,2026-03-24
ac19e71da590af0a_295,ac19e71da590af0a,R114792-03,W118892,AB24ROOM,41,-13,0,1,PASS,1,1,72,0,295,0,2026-03-24T15:11:43Z,2026-03-24
ac19e71da590af0a_296,ac19e71da590af0a,R114792-03,W118892,AB24ROOM,42,-13,0,1,PASS,1,1,72,0,296,0,2026-03-24T15:11:43Z,2026-03-24
ac19e71da590af0a_297,ac19e71da590af0a,R114792-03,W118892,AB24ROOM,43,-13,0,1,PASS,1,1,72,0,297,0,2026-03-24T15:11:43Z,2026-03-24
ac19e71da590af0a_298,ac19e71da590af0a,R114792-03,W118892,AB24ROOM,44,-13,0,1,FAIL,5,5,1,0,298,0,2026-03-24T15:11:43Z,2026-03-24
ac19e71da590af0a_299,ac19e71da590af0a,R114792-03,W118892,AB24ROOM,44,-14,0,1,PASS,1,1,74,0,299,0,2026-03-24T15:11:43Z,2026-03-24
ac19e71da590af0a_300,ac19e71da590af0a,R114792-03,W118892,AB24ROOM,43,-14,0,1,PASS,1,1,72,0,300,0,2026-03-24T15:11:43Z,2026-03-24
ac19e71da590af0a_301,ac19e71da590af0a,R114792-03,W118892,AB24ROOM,42,-14,0,1,PASS,1,1,72,0,301,0,2026-03-24T15:11:43Z,2026-03-24
ac19e71da590af0a_302,ac19e71da590af0a,R114792-03,W118892,AB24ROOM,41,-14,0,1,PASS,1,1,72,0,302,0,2026-03-24T15:11:43Z,2026-03-24
ac19e71da590af0a_303,ac19e71da590af0a,R114792-03,W118892,AB24ROOM,40,-14,0,1,PASS,1,1,72,0,303,0,2026-03-24T15:11:43Z,2026-03-24
ac19e71da590af0a_304,ac19e71da590af0a,R114792-03,W118892,AB24ROOM,39,-14,0,1,PASS,1,1,72,0,304,0,2026-03-24T15:11:43Z,2026-03-24
ac19e71da590af0a_305,ac19e71da590af0a,R114792-03,W118892,AB24ROOM,38,-14,0,1,PASS,1,1,74,0,305,0,2026-03-24T15:11:43Z,2026-03-24
ac19e71da590af0a_306,ac19e71da590af0a,R114792-03,W118892,AB24ROOM,37,-14,0,1,PASS,1,1,72,0,306,0,2026-03-24T15:11:43Z,2026-03-24
ac19e71da590af0a_307,ac19e71da590af0a,R114792-03,W118892,AB24ROOM,36,-14,0,1,PASS,1,1,72,0,307,0,2026-03-24T15:11:43Z,2026-03-24
ac19e71da590af0a_308,ac19e71da590af0a,R114792-03,W118892,AB24ROOM,35,-14,0,1,FAIL,10,10,11,0,308,0,2026-03-24T15:11:43Z,2026-03-24
ac19e71da590af0a_309,ac19e71da590af0a,R114792-03,W118892,AB24ROOM,34,-14,0,1,PASS,1,1,74,0,309,0,2026-03-24T15:11:43Z,2026-03-24
ac19e71da590af0a_310,ac19e71da590af0a,R114792-03,W118892,AB24ROOM,33,-14,0,1,PASS,1,1,72,0,310,0,2026-03-24T15:11:43Z,2026-03-24
ac19e71da590af0a_311,ac19e71da590af0a,R114792-03,W118892,AB24ROOM,32,-14,0,1,PASS,1,1,72,0,311,0,2026-03-24T15:11:43Z,2026-03-24
ac19e71da590af0a_312,ac19e71da590af0a,R114792-03,W118892,AB24ROOM,31,-14,0,1,PASS,1,1,72,0,312,0,2026-03-24T15:11:43Z,2026-03-24
ac19e71da590af0a_313,ac19e71da590af0a,R114792-03,W118892,AB24ROOM,30,-14,0,1,PASS,1,1,72,0,313,0,2026-03-24T15:11:43Z,2026-03-24
ac19e71da590af0a_314,ac19e71da590af0a,R114792-03,W118892,AB24ROOM,29,-14,0,1,PASS,1,1,72,0,314,0,2026-03-24T15:11:43Z,2026-03-24
ac19e71da590af0a_315,ac19e71da590af0a,R114792-03,W118892,AB24ROOM,28,-14,0,1,PASS,1,1,74,0,315,0,2026-03-24T15:11:43Z,2026-03-24
ac19e71da590af0a_316,ac19e71da590af0a,R114792-03,W118892,AB24ROOM,27,-14,0,1,PASS,1,1,72,0,316,0,2026-03-24T15:11:43Z,2026-03-24
ac19e71da590af0a_317,ac19e71da590af0a,R114792-03,W118892,AB24ROOM,26,-14,0,1,PASS,1,1,72,0,317,0,2026-03-24T15:11:43Z,2026-03-24
ac19e71da590af0a_318,ac19e71da590af0a,R114792-03,W118892,AB24ROOM,25,-14,0,1,PASS,1,1,72,0,318,0,2026-03-24T15:11:43Z,2026-03-24
ac19e71da590af0a_319,ac19e71da590af0a,R114792-03,W118892,AB24ROOM,24,-14,0,1,FAIL,2,2,55,0,319,0,2026-03-24T15:11:43Z,2026-03-24
ac19e71da590af0a_320,ac19e71da590af0a,R114792-03,W118892,AB24ROOM,23,-14,0,1,PASS,1,1,74,0,320,0,2026-03-24T15:11:43Z,2026-03-24
ac19e71da590af0a_321,ac19e71da590af0a,R114792-03,W118892,AB24ROOM,22,-14,0,1,PASS,1,1,72,0,321,0,2026-03-24T15:11:43Z,2026-03-24
ac19e71da590af0a_322,ac19e71da590af0a,R114792-03,W118892,AB24ROOM,21,-14,0,1,PASS,1,1,72,0,322,0,2026-03-24T15:11:43Z,2026-03-24
ac19e71da590af0a_323,ac19e71da590af0a,R114792-03,W118892,AB24ROOM,20,-14,0,1,PASS,1,1,72,0,323,0,2026-03-24T15:11:43Z,2026-03-24
ac19e71da590af0a_324,ac19e71da590af0a,R114792-03,W118892,AB24ROOM,19,-14,0,1,PASS,1,1,72,0,324,0,2026-03-24T15:11:43Z,2026-03-24
ac19e71da590af0a_325,ac19e71da590af0a,R114792-03,W118892,AB24ROOM,18,-14,0,1,PASS,1,1,72,0,325,0,2026-03-24T15:11:43Z,2026-03-24
ac19e71da590af0a_326,ac19e71da590af0a,R114792-03,W118892,AB24ROOM,17,-14,0,1,PASS,1,1,74,0,326,0,2026-03-24T15:11:43Z,2026-03-24
ac19e71da590af0a_327,ac19e71da590af0a,R114792-03,W118892,AB24ROOM,16,-14,0,1,PASS,1,1,72,0,327,0,2026-03-24T15:11:43Z,2026-03-24
ac19e71da590af0a_328,ac19e71da590af0a,R114792-03,W118892,AB24ROOM,15,-14,0,1,PASS,1,1,72,0,328,0,2026-03-24T15:11:43Z,2026-03-24
ac19e71da590af0a_329,ac19e71da590af0a,R114792-03,W118892,AB24ROOM,14,-14,0,1,PASS,1,1,72,0,329,0,2026-03-24T15:11:43Z,2026-03-24
ac19e71da590af0a_330,ac19e71da590af0a,R114792-03,W118892,AB24ROOM,13,-14,0,1,PASS,1,1,72,0,330,0,2026-03-24T15:11:43Z,2026-03-24
ac19e71da590af0a_331,ac19e71da590af0a,R114792-03,W118892,AB24ROOM,12,-14,0,1,PASS,1,1,72,0,331,0,2026-03-24T15:11:43Z,2026-03-24
ac19e71da590af0a_332,ac19e71da590af0a,R114792-03,W118892,AB24ROOM,11,-14,0,1,PASS,1,1,74,0,332,0,2026-03-24T15:11:43Z,2026-03-24
ac19e71da590af0a_333,ac19e71da590af0a,R114792-03,W118892,AB24ROOM,10,-14,0,1,PASS,1,1,72,0,333,0,2026-03-24T15:11:43Z,2026-03-24
ac19e71da590af0a_334,ac19e71da590af0a,R114792-03,W118892,AB24ROOM,9,-14,0,1,PASS,1,1,72,0,334,0,2026-03-24T15:11:43Z,2026-03-24
ac19e71da590af0a_335,ac19e71da590af0a,R114792-03,W118892,AB24ROOM,8,-14,0,1,PASS,1,1,72,0,335,0,2026-03-24T15:11:43Z,2026-03-24
ac19e71da590af0a_336,ac19e71da590af0a,R114792-03,W118892,AB24ROOM,7,-14,0,1,PASS,1,1,72,0,336,0,2026-03-24T15:11:43Z,2026-03-24
ac19e71da590af0a_337,ac19e71da590af0a,R114792-03,W118892,AB24ROOM,6,-14,0,1,PASS,1,1,72,0,337,0,2026-03-24T15:11:43Z,2026-03-24
ac19e71da590af0a_338,ac19e71da590af0a,R114792-03,W118892,AB24ROOM,5,-15,0,1,FAIL,5,5,1,0,338,0,2026-03-24T15:11:43Z,2026-03-24
ac19e71da590af0a_339,ac19e71da590af0a,R114792-03,W118892,AB24ROOM,6,-15,0,1,PASS,1,1,74,0,339,0,2026-03-24T15:11:43Z,2026-03-24
ac19e71da590af0a_340,ac19e71da590af0a,R114792-03,W118892,AB24ROOM,7,-15,0,1,PASS,1,1,72,0,340,0,2026-03-24T15:11:43Z,2026-03-24
ac19e71da590af0a_341,ac19e71da590af0a,R114792-03,W118892,AB24ROOM,8,-15,0,1,PASS,1,1,72,0,341,0,2026-03-24T15:11:43Z,2026-03-24
ac19e71da590af0a_342,ac19e71da590af0a,R114792-03,W118892,AB24ROOM,9,-15,0,1,FAIL,20,20,62,0,342,0,2026-03-24T15:11:43Z,2026-03-24
ac19e71da590af0a_343,ac19e71da590af0a,R114792-03,W118892,AB24ROOM,10,-15,0,1,PASS,1,1,74,0,343,0,2026-03-24T15:11:43Z,2026-03-24
ac19e71da590af0a_344,ac19e71da590af0a,R114792-03,W118892,AB24ROOM,11,-15,0,1,PASS,1,1,72,0,344,0,2026-03-24T15:11:43Z,2026-03-24
ac19e71da590af0a_345,ac19e71da590af0a,R114792-03,W118892,AB24ROOM,12,-15,0,1,PASS,1,1,72,0,345,0,2026-03-24T15:11:43Z,2026-03-24
ac19e71da590af0a_346,ac19e71da590af0a,R114792-03,W118892,AB24ROOM,13,-15,0,1,PASS,1,1,72,0,346,0,2026-03-24T15:11:43Z,2026-03-24
ac19e71da590af0a_347,ac19e71da590af0a,R114792-03,W118892,AB24ROOM,14,-15,0,1,PASS,1,1,72,0,347,0,2026-03-24T15:11:43Z,2026-03-24
ac19e71da590af0a_348,ac19e71da590af0a,R114792-03,W118892,AB24ROOM,15,-15,0,1,PASS,1,1,72,0,348,0,2026-03-24T15:11:43Z,2026-03-24
ac19e71da590af0a_349,ac19e71da590af0a,R114792-03,W118892,AB24ROOM,16,-15,0,1,PASS,1,1,74,0,349,0,2026-03-24T15:11:43Z,2026-03-24
ac19e71da590af0a_350,ac19e71da590af0a,R114792-03,W118892,AB24ROOM,17,-15,0,1,PASS,1,1,72,0,350,0,2026-03-24T15:11:43Z,2026-03-24
ac19e71da590af0a_351,ac19e71da590af0a,R114792-03,W118892,AB24ROOM,18,-15,0,1,PASS,1,1,72,0,351,0,2026-03-24T15:11:43Z,2026-03-24
ac19e71da590af0a_352,ac19e71da590af0a,R114792-03,W118892,AB24ROOM,19,-15,0,1,PASS,1,1,72,0,352,0,2026-03-24T15:11:43Z,2026-03-24
ac19e71da590af0a_353,ac19e71da590af0a,R114792-03,W118892,AB24ROOM,20,-15,0,1,PASS,1,1,72,0,353,0,2026-03-24T15:11:43Z,2026-03-24
ac19e71da590af0a_354,ac19e71da590af0a,R114792-03,W118892,AB24ROOM,21,-15,0,1,PASS,1,1,72,0,354,0,2026-03-24T15:11:43Z,2026-03-24
ac19e71da590af0a_355,ac19e71da590af0a,R114792-03,W118892,AB24ROOM,22,-15,0,1,PASS,1,1,74,0,355,0,2026-03-24T15:11:43Z,2026-03-24
ac19e71da590af0a_356,ac19e71da590af0a,R114792-03,W118892,AB24ROOM,23,-15,0,1,PASS,1,1,72,0,356,0,2026-03-24T15:11:43Z,2026-03-24
ac19e71da590af0a_357,ac19e71da590af0a,R114792-03,W118892,AB24ROOM,24,-15,0,1,PASS,1,1,72,0,357,0,2026-03-24T15:11:43Z,2026-03-24
ac19e71da590af0a_358,ac19e71da590af0a,R114792-03,W118892,AB24ROOM,25,-15,0,1,PASS,1,1,72,0,358,0,2026-03-24T15:11:43Z,2026-03-24
ac19e71da590af0a_359,ac19e71da590af0a,R114792-03,W118892,AB24ROOM,26,-15,0,1,PASS,1,1,72,0,359,0,2026-03-24T15:11:43Z,2026-03-24
ac19e71da590af0a_360,ac19e71da590af0a,R114792-03,W118892,AB24ROOM,27,-15,0,1,PASS,1,1,72,0,360,0,2026-03-24T15:11:43Z,2026-03-24
ac19e71da590af0a_361,ac19e71da590af0a,R114792-03,W118892,AB24ROOM,28,-15,0,1,PASS,1,1,74,0,361,0,2026-03-24T15:11:43Z,2026-03-24
ac19e71da590af0a_362,ac19e71da590af0a,R114792-03,W118892,AB24ROOM,29,-15,0,1,PASS,1,1,72,0,362,0,2026-03-24T15:11:43Z,2026-03-24
ac19e71da590af0a_363,ac19e71da590af0a,R114792-03,W118892,AB24ROOM,30,-15,0,1,FAIL,20,20,62,0,363,0,2026-03-24T15:11:43Z,2026-03-24
ac19e71da590af0a_364,ac19e71da590af0a,R114792-03,W118892,AB24ROOM,31,-15,0,1,PASS,1,1,74,0,364,0,2026-03-24T15:11:43Z,2026-03-24
ac19e71da590af0a_365,ac19e71da590af0a,R114792-03,W118892,AB24ROOM,32,-15,0,1,PASS,1,1,72,0,365,0,2026-03-24T15:11:43Z,2026-03-24
ac19e71da590af0a_366,ac19e71da590af0a,R114792-03,W118892,AB24ROOM,33,-15,0,1,PASS,1,1,72,0,366,0,2026-03-24T15:11:43Z,2026-03-24
ac19e71da590af0a_367,ac19e71da590af0a,R114792-03,W118892,AB24ROOM,34,-15,0,1,PASS,1,1,72,0,367,0,2026-03-24T15:11:43Z,2026-03-24
ac19e71da590af0a_368,ac19e71da590af0a,R114792-03,W118892,AB24ROOM,35,-15,0,1,PASS,1,1,72,0,368,0,2026-03-24T15:11:43Z,2026-03-24
ac19e71da590af0a_369,ac19e71da590af0a,R114792-03,W118892,AB24ROOM,36,-15,0,1,PASS,1,1,72,0,369,0,2026-03-24T15:11:43Z,2026-03-24
ac19e71da590af0a_370,ac19e71da590af0a,R114792-03,W118892,AB24ROOM,37,-15,0,1,PASS,1,1,74,0,370,0,2026-03-24T15:11:43Z,2026-03-24
ac19e71da590af0a_371,ac19e71da590af0a,R114792-03,W118892,AB24ROOM,38,-15,0,1,PASS,1,1,72,0,371,0,2026-03-24T15:11:43Z,2026-03-24
ac19e71da590af0a_372,ac19e71da590af0a,R114792-03,W118892,AB24ROOM,39,-15,0,1,PASS,1,1,72,0,372,0,2026-03-24T15:11:43Z,2026-03-24
ac19e71da590af0a_373,ac19e71da590af0a,R114792-03,W118892,AB24ROOM,40,-15,0,1,PASS,1,1,72,0,373,0,2026-03-24T15:11:43Z,2026-03-24
ac19e71da590af0a_374,ac19e71da590af0a,R114792-03,W118892,AB24ROOM,41,-15,0,1,PASS,1,1,72,0,374,0,2026-03-24T15:11:43Z,2026-03-24
ac19e71da590af0a_375,ac19e71da590af0a,R114792-03,W118892,AB24ROOM,42,-15,0,1,FAIL,20,20,62,0,375,0,2026-03-24T15:11:43Z,2026-03-24
ac19e71da590af0a_376,ac19e71da590af0a,R114792-03,W118892,AB24ROOM,43,-15,0,1,PASS,1,1,74,0,376,0,2026-03-24T15:11:43Z,2026-03-24
ac19e71da590af0a_377,ac19e71da590af0a,R114792-03,W118892,AB24ROOM,44,-15,0,1,PASS,1,1,72,0,377,0,2026-03-24T15:11:43Z,2026-03-24
ac19e71da590af0a_378,ac19e71da590af0a,R114792-03,W118892,AB24ROOM,45,-15,0,1,FAIL,5,5,1,0,378,0,2026-03-24T15:11:43Z,2026-03-24
ac19e71da590af0a_379,ac19e71da590af0a,R114792-03,W118892,AB24ROOM,45,-16,0,1,FAIL,2,2,53,0,379,0,2026-03-24T15:11:43Z,2026-03-24
ac19e71da590af0a_380,ac19e71da590af0a,R114792-03,W118892,AB24ROOM,44,-16,0,1,PASS,1,1,74,0,380,0,2026-03-24T15:11:43Z,2026-03-24
ac19e71da590af0a_381,ac19e71da590af0a,R114792-03,W118892,AB24ROOM,43,-16,0,1,PASS,1,1,72,0,381,0,2026-03-24T15:11:43Z,2026-03-24
ac19e71da590af0a_382,ac19e71da590af0a,R114792-03,W118892,AB24ROOM,42,-16,0,1,PASS,1,1,72,0,382,0,2026-03-24T15:11:43Z,2026-03-24
ac19e71da590af0a_383,ac19e71da590af0a,R114792-03,W118892,AB24ROOM,41,-16,0,1,PASS,1,1,72,0,383,0,2026-03-24T15:11:43Z,2026-03-24
ac19e71da590af0a_384,ac19e71da590af0a,R114792-03,W118892,AB24ROOM,40,-16,0,1,PASS,1,1,72,0,384,0,2026-03-24T15:11:43Z,2026-03-24
ac19e71da590af0a_385,ac19e71da590af0a,R114792-03,W118892,AB24ROOM,39,-16,0,1,PASS,1,1,72,0,385,0,2026-03-24T15:11:43Z,2026-03-24
ac19e71da590af0a_386,ac19e71da590af0a,R114792-03,W118892,AB24ROOM,38,-16,0,1,PASS,1,1,74,0,386,0,2026-03-24T15:11:43Z,2026-03-24
ac19e71da590af0a_387,ac19e71da590af0a,R114792-03,W118892,AB24ROOM,37,-16,0,1,PASS,1,1,72,0,387,0,2026-03-24T15:11:43Z,2026-03-24
ac19e71da590af0a_388,ac19e71da590af0a,R114792-03,W118892,AB24ROOM,36,-16,0,1,PASS,1,1,72,0,388,0,2026-03-24T15:11:43Z,2026-03-24
ac19e71da590af0a_389,ac19e71da590af0a,R114792-03,W118892,AB24ROOM,35,-16,0,1,PASS,1,1,72,0,389,0,2026-03-24T15:11:43Z,2026-03-24
ac19e71da590af0a_390,ac19e71da590af0a,R114792-03,W118892,AB24ROOM,34,-16,0,1,PASS,1,1,72,0,390,0,2026-03-24T15:11:43Z,2026-03-24
ac19e71da590af0a_391,ac19e71da590af0a,R114792-03,W118892,AB24ROOM,33,-16,0,1,PASS,1,1,72,0,391,0,2026-03-24T15:11:43Z,2026-03-24
ac19e71da590af0a_392,ac19e71da590af0a,R114792-03,W118892,AB24ROOM,32,-16,0,1,PASS,1,1,74,0,392,0,2026-03-24T15:11:43Z,2026-03-24
ac19e71da590af0a_393,ac19e71da590af0a,R114792-03,W118892,AB24ROOM,31,-16,0,1,PASS,1,1,72,0,393,0,2026-03-24T15:11:43Z,2026-03-24
ac19e71da590af0a_394,ac19e71da590af0a,R114792-03,W118892,AB24ROOM,30,-16,0,1,PASS,1,1,72,0,394,0,2026-03-24T15:11:43Z,2026-03-24
ac19e71da590af0a_395,ac19e71da590af0a,R114792-03,W118892,AB24ROOM,29,-16,0,1,PASS,1,1,72,0,395,0,2026-03-24T15:11:43Z,2026-03-24
ac19e71da590af0a_396,ac19e71da590af0a,R114792-03,W118892,AB24ROOM,28,-16,0,1,PASS,1,1,72,0,396,0,2026-03-24T15:11:43Z,2026-03-24
ac19e71da590af0a_397,ac19e71da590af0a,R114792-03,W118892,AB24ROOM,27,-16,0,1,PASS,1,1,72,0,397,0,2026-03-24T15:11:43Z,2026-03-24
ac19e71da590af0a_398,ac19e71da590af0a,R114792-03,W118892,AB24ROOM,26,-16,0,1,PASS,1,1,74,0,398,0,2026-03-24T15:11:43Z,2026-03-24
ac19e71da590af0a_399,ac19e71da590af0a,R114792-03,W118892,AB24ROOM,25,-16,0,1,PASS,1,1,72,0,399,0,2026-03-24T15:11:43Z,2026-03-24
ac19e71da590af0a_400,ac19e71da590af0a,R114792-03,W118892,AB24ROOM,24,-16,0,1,FAIL,20,20,62,0,400,0,2026-03-24T15:11:43Z,2026-03-24
ac19e71da590af0a_401,ac19e71da590af0a,R114792-03,W118892,AB24ROOM,23,-16,0,1,PASS,1,1,74,0,401,0,2026-03-24T15:11:43Z,2026-03-24
ac19e71da590af0a_402,ac19e71da590af0a,R114792-03,W118892,AB24ROOM,22,-16,0,1,PASS,1,1,72,0,402,0,2026-03-24T15:11:43Z,2026-03-24
ac19e71da590af0a_403,ac19e71da590af0a,R114792-03,W118892,AB24ROOM,21,-16,0,1,PASS,1,1,72,0,403,0,2026-03-24T15:11:43Z,2026-03-24
ac19e71da590af0a_404,ac19e71da590af0a,R114792-03,W118892,AB24ROOM,20,-16,0,1,PASS,1,1,72,0,404,0,2026-03-24T15:11:43Z,2026-03-24
ac19e71da590af0a_405,ac19e71da590af0a,R114792-03,W118892,AB24ROOM,19,-16,0,1,PASS,1,1,72,0,405,0,2026-03-24T15:11:43Z,2026-03-24
ac19e71da590af0a_406,ac19e71da590af0a,R114792-03,W118892,AB24ROOM,18,-16,0,1,PASS,1,1,72,0,406,0,2026-03-24T15:11:43Z,2026-03-24
ac19e71da590af0a_407,ac19e71da590af0a,R114792-03,W118892,AB24ROOM,17,-16,0,1,PASS,1,1,74,0,407,0,2026-03-24T15:11:43Z,2026-03-24
ac19e71da590af0a_408,ac19e71da590af0a,R114792-03,W118892,AB24ROOM,16,-16,0,1,PASS,1,1,72,0,408,0,2026-03-24T15:11:43Z,2026-03-24
ac19e71da590af0a_409,ac19e71da590af0a,R114792-03,W118892,AB24ROOM,15,-16,0,1,PASS,1,1,72,0,409,0,2026-03-24T15:11:43Z,2026-03-24
ac19e71da590af0a_410,ac19e71da590af0a,R114792-03,W118892,AB24ROOM,14,-16,0,1,PASS,1,1,72,0,410,0,2026-03-24T15:11:43Z,2026-03-24
ac19e71da590af0a_411,ac19e71da590af0a,R114792-03,W118892,AB24ROOM,13,-16,0,1,PASS,1,1,72,0,411,0,2026-03-24T15:11:43Z,2026-03-24
ac19e71da590af0a_412,ac19e71da590af0a,R114792-03,W118892,AB24ROOM,12,-16,0,1,PASS,1,1,72,0,412,0,2026-03-24T15:11:43Z,2026-03-24
ac19e71da590af0a_413,ac19e71da590af0a,R114792-03,W118892,AB24ROOM,11,-16,0,1,PASS,1,1,74,0,413,0,2026-03-24T15:11:43Z,2026-03-24
ac19e71da590af0a_414,ac19e71da590af0a,R114792-03,W118892,AB24ROOM,10,-16,0,1,PASS,1,1,72,0,414,0,2026-03-24T15:11:43Z,2026-03-24
ac19e71da590af0a_415,ac19e71da590af0a,R114792-03,W118892,AB24ROOM,9,-16,0,1,PASS,1,1,72,0,415,0,2026-03-24T15:11:43Z,2026-03-24
ac19e71da590af0a_416,ac19e71da590af0a,R114792-03,W118892,AB24ROOM,8,-16,0,1,PASS,1,1,72,0,416,0,2026-03-24T15:11:43Z,2026-03-24
ac19e71da590af0a_417,ac19e71da590af0a,R114792-03,W118892,AB24ROOM,7,-16,0,1,PASS,1,1,72,0,417,0,2026-03-24T15:11:43Z,2026-03-24
ac19e71da590af0a_418,ac19e71da590af0a,R114792-03,W118892,AB24ROOM,6,-16,0,1,PASS,1,1,72,0,418,0,2026-03-24T15:11:43Z,2026-03-24
ac19e71da590af0a_419,ac19e71da590af0a,R114792-03,W118892,AB24ROOM,5,-16,0,1,PASS,1,1,74,0,419,0,2026-03-24T15:11:43Z,2026-03-24
ac19e71da590af0a_420,ac19e71da590af0a,R114792-03,W118892,AB24ROOM,5,-17,0,1,PASS,1,1,72,0,420,0,2026-03-24T15:11:43Z,2026-03-24
ac19e71da590af0a_421,ac19e71da590af0a,R114792-03,W118892,AB24ROOM,6,-17,0,1,PASS,1,1,72,0,421,0,2026-03-24T15:11:43Z,2026-03-24
ac19e71da590af0a_422,ac19e71da590af0a,R114792-03,W118892,AB24ROOM,7,-17,0,1,PASS,1,1,72,0,422,0,2026-03-24T15:11:43Z,2026-03-24
ac19e71da590af0a_423,ac19e71da590af0a,R114792-03,W118892,AB24ROOM,8,-17,0,1,PASS,1,1,72,0,423,0,2026-03-24T15:11:43Z,2026-03-24
ac19e71da590af0a_424,ac19e71da590af0a,R114792-03,W118892,AB24ROOM,9,-17,0,1,PASS,1,1,72,0,424,0,2026-03-24T15:11:43Z,2026-03-24
ac19e71da590af0a_425,ac19e71da590af0a,R114792-03,W118892,AB24ROOM,10,-17,0,1,PASS,1,1,74,0,425,0,2026-03-24T15:11:43Z,2026-03-24
ac19e71da590af0a_426,ac19e71da590af0a,R114792-03,W118892,AB24ROOM,11,-17,0,1,PASS,1,1,72,0,426,0,2026-03-24T15:11:43Z,2026-03-24
ac19e71da590af0a_427,ac19e71da590af0a,R114792-03,W118892,AB24ROOM,12,-17,0,1,PASS,1,1,72,0,427,0,2026-03-24T15:11:43Z,2026-03-24
ac19e71da590af0a_428,ac19e71da590af0a,R114792-03,W118892,AB24ROOM,13,-17,0,1,PASS,1,1,72,0,428,0,2026-03-24T15:11:43Z,2026-03-24
ac19e71da590af0a_429,ac19e71da590af0a,R114792-03,W118892,AB24ROOM,14,-17,0,1,PASS,1,1,72,0,429,0,2026-03-24T15:11:43Z,2026-03-24
ac19e71da590af0a_430,ac19e71da590af0a,R114792-03,W118892,AB24ROOM,15,-17,0,1,PASS,1,1,72,0,430,0,2026-03-24T15:11:43Z,2026-03-24
ac19e71da590af0a_431,ac19e71da590af0a,R114792-03,W118892,AB24ROOM,16,-17,0,1,FAIL,20,20,64,0,431,0,2026-03-24T15:11:43Z,2026-03-24
ac19e71da590af0a_432,ac19e71da590af0a,R114792-03,W118892,AB24ROOM,17,-17,0,1,PASS,1,1,74,0,432,0,2026-03-24T15:11:43Z,2026-03-24
ac19e71da590af0a_433,ac19e71da590af0a,R114792-03,W118892,AB24ROOM,18,-17,0,1,PASS,1,1,72,0,433,0,2026-03-24T15:11:43Z,2026-03-24
ac19e71da590af0a_434,ac19e71da590af0a,R114792-03,W118892,AB24ROOM,19,-17,0,1,PASS,1,1,72,0,434,0,2026-03-24T15:11:43Z,2026-03-24
ac19e71da590af0a_435,ac19e71da590af0a,R114792-03,W118892,AB24ROOM,20,-17,0,1,PASS,1,1,72,0,435,0,2026-03-24T15:11:43Z,2026-03-24
ac19e71da590af0a_436,ac19e71da590af0a,R114792-03,W118892,AB24ROOM,21,-17,0,1,PASS,1,1,72,0,436,0,2026-03-24T15:11:43Z,2026-03-24
ac19e71da590af0a_437,ac19e71da590af0a,R114792-03,W118892,AB24ROOM,22,-17,0,1,PASS,1,1,72,0,437,0,2026-03-24T15:11:43Z,2026-03-24
ac19e71da590af0a_438,ac19e71da590af0a,R114792-03,W118892,AB24ROOM,23,-17,0,1,PASS,1,1,74,0,438,0,2026-03-24T15:11:43Z,2026-03-24
ac19e71da590af0a_439,ac19e71da590af0a,R114792-03,W118892,AB24ROOM,24,-17,0,1,PASS,1,1,72,0,439,0,2026-03-24T15:11:43Z,2026-03-24
ac19e71da590af0a_440,ac19e71da590af0a,R114792-03,W118892,AB24ROOM,25,-17,0,1,PASS,1,1,72,0,440,0,2026-03-24T15:11:43Z,2026-03-24
ac19e71da590af0a_441,ac19e71da590af0a,R114792-03,W118892,AB24ROOM,26,-17,0,1,PASS,1,1,72,0,441,0,2026-03-24T15:11:43Z,2026-03-24
ac19e71da590af0a_442,ac19e71da590af0a,R114792-03,W118892,AB24ROOM,27,-17,0,1,FAIL,10,10,11,0,442,0,2026-03-24T15:11:43Z,2026-03-24
ac19e71da590af0a_443,ac19e71da590af0a,R114792-03,W118892,AB24ROOM,28,-17,0,1,PASS,1,1,74,0,443,0,2026-03-24T15:11:43Z,2026-03-24
ac19e71da590af0a_444,ac19e71da590af0a,R114792-03,W118892,AB24ROOM,29,-17,0,1,PASS,1,1,72,0,444,0,2026-03-24T15:11:43Z,2026-03-24
ac19e71da590af0a_445,ac19e71da590af0a,R114792-03,W118892,AB24ROOM,30,-17,0,1,PASS,1,1,72,0,445,0,2026-03-24T15:11:43Z,2026-03-24
ac19e71da590af0a_446,ac19e71da590af0a,R114792-03,W118892,AB24ROOM,31,-17,0,1,PASS,1,1,72,0,446,0,2026-03-24T15:11:43Z,2026-03-24
ac19e71da590af0a_447,ac19e71da590af0a,R114792-03,W118892,AB24ROOM,32,-17,0,1,PASS,1,1,72,0,447,0,2026-03-24T15:11:43Z,2026-03-24
ac19e71da590af0a_448,ac19e71da590af0a,R114792-03,W118892,AB24ROOM,33,-17,0,1,PASS,1,1,72,0,448,0,2026-03-24T15:11:43Z,2026-03-24
ac19e71da590af0a_449,ac19e71da590af0a,R114792-03,W118892,AB24ROOM,34,-17,0,1,PASS,1,1,74,0,449,0,2026-03-24T15:11:43Z,2026-03-24
ac19e71da590af0a_450,ac19e71da590af0a,R114792-03,W118892,AB24ROOM,35,-17,0,1,PASS,1,1,72,0,450,0,2026-03-24T15:11:43Z,2026-03-24
ac19e71da590af0a_451,ac19e71da590af0a,R114792-03,W118892,AB24ROOM,36,-17,0,1,PASS,1,1,72,0,451,0,2026-03-24T15:11:43Z,2026-03-24
ac19e71da590af0a_452,ac19e71da590af0a,R114792-03,W118892,AB24ROOM,37,-17,0,1,PASS,1,1,72,0,452,0,2026-03-24T15:11:43Z,2026-03-24
ac19e71da590af0a_453,ac19e71da590af0a,R114792-03,W118892,AB24ROOM,38,-17,0,1,PASS,1,1,72,0,453,0,2026-03-24T15:11:43Z,2026-03-24
ac19e71da590af0a_454,ac19e71da590af0a,R114792-03,W118892,AB24ROOM,39,-17,0,1,PASS,1,1,72,0,454,0,2026-03-24T15:11:43Z,2026-03-24
ac19e71da590af0a_455,ac19e71da590af0a,R114792-03,W118892,AB24ROOM,40,-17,0,1,PASS,1,1,74,0,455,0,2026-03-24T15:11:43Z,2026-03-24
ac19e71da590af0a_456,ac19e71da590af0a,R114792-03,W118892,AB24ROOM,41,-17,0,1,PASS,1,1,72,0,456,0,2026-03-24T15:11:43Z,2026-03-24
ac19e71da590af0a_457,ac19e71da590af0a,R114792-03,W118892,AB24ROOM,42,-17,0,1,PASS,1,1,72,0,457,0,2026-03-24T15:11:43Z,2026-03-24
ac19e71da590af0a_458,ac19e71da590af0a,R114792-03,W118892,AB24ROOM,43,-17,0,1,PASS,1,1,72,0,458,0,2026-03-24T15:11:43Z,2026-03-24
ac19e71da590af0a_459,ac19e71da590af0a,R114792-03,W118892,AB24ROOM,44,-17,0,1,PASS,1,1,72,0,459,0,2026-03-24T15:11:43Z,2026-03-24
ac19e71da590af0a_460,ac19e71da590af0a,R114792-03,W118892,AB24ROOM,45,-17,0,1,FAIL,2,2,54,0,460,0,2026-03-24T15:11:43Z,2026-03-24
ac19e71da590af0a_461,ac19e71da590af0a,R114792-03,W118892,AB24ROOM,45,-18,0,1,FAIL,8,8,29,0,461,0,2026-03-24T15:11:43Z,2026-03-24
ac19e71da590af0a_462,ac19e71da590af0a,R114792-03,W118892,AB24ROOM,44,-18,0,1,FAIL,2,2,53,0,462,0,2026-03-24T15:11:43Z,2026-03-24
ac19e71da590af0a_463,ac19e71da590af0a,R114792-03,W118892,AB24ROOM,43,-18,0,1,PASS,1,1,74,0,463,0,2026-03-24T15:11:43Z,2026-03-24
ac19e71da590af0a_464,ac19e71da590af0a,R114792-03,W118892,AB24ROOM,42,-18,0,1,PASS,1,1,72,0,464,0,2026-03-24T15:11:43Z,2026-03-24
ac19e71da590af0a_465,ac19e71da590af0a,R114792-03,W118892,AB24ROOM,41,-18,0,1,PASS,1,1,72,0,465,0,2026-03-24T15:11:43Z,2026-03-24
ac19e71da590af0a_466,ac19e71da590af0a,R114792-03,W118892,AB24ROOM,40,-18,0,1,PASS,1,1,72,0,466,0,2026-03-24T15:11:43Z,2026-03-24
ac19e71da590af0a_467,ac19e71da590af0a,R114792-03,W118892,AB24ROOM,39,-18,0,1,PASS,1,1,72,0,467,0,2026-03-24T15:11:43Z,2026-03-24
ac19e71da590af0a_468,ac19e71da590af0a,R114792-03,W118892,AB24ROOM,38,-18,0,1,PASS,1,1,72,0,468,0,2026-03-24T15:11:43Z,2026-03-24
ac19e71da590af0a_469,ac19e71da590af0a,R114792-03,W118892,AB24ROOM,37,-18,0,1,FAIL,10,10,11,0,469,0,2026-03-24T15:11:43Z,2026-03-24
ac19e71da590af0a_470,ac19e71da590af0a,R114792-03,W118892,AB24ROOM,36,-18,0,1,PASS,1,1,74,0,470,0,2026-03-24T15:11:43Z,2026-03-24
ac19e71da590af0a_471,ac19e71da590af0a,R114792-03,W118892,AB24ROOM,35,-18,0,1,PASS,1,1,72,0,471,0,2026-03-24T15:11:43Z,2026-03-24
ac19e71da590af0a_472,ac19e71da590af0a,R114792-03,W118892,AB24ROOM,34,-18,0,1,FAIL,2,2,55,0,472,0,2026-03-24T15:11:43Z,2026-03-24
ac19e71da590af0a_473,ac19e71da590af0a,R114792-03,W118892,AB24ROOM,33,-18,0,1,PASS,1,1,74,0,473,0,2026-03-24T15:11:43Z,2026-03-24
ac19e71da590af0a_474,ac19e71da590af0a,R114792-03,W118892,AB24ROOM,32,-18,0,1,PASS,1,1,72,0,474,0,2026-03-24T15:11:43Z,2026-03-24
ac19e71da590af0a_475,ac19e71da590af0a,R114792-03,W118892,AB24ROOM,31,-18,0,1,PASS,1,1,72,0,475,0,2026-03-24T15:11:43Z,2026-03-24
ac19e71da590af0a_476,ac19e71da590af0a,R114792-03,W118892,AB24ROOM,30,-18,0,1,PASS,1,1,72,0,476,0,2026-03-24T15:11:43Z,2026-03-24
ac19e71da590af0a_477,ac19e71da590af0a,R114792-03,W118892,AB24ROOM,29,-18,0,1,FAIL,20,20,62,0,477,0,2026-03-24T15:11:43Z,2026-03-24
ac19e71da590af0a_478,ac19e71da590af0a,R114792-03,W118892,AB24ROOM,28,-18,0,1,PASS,1,1,74,0,478,0,2026-03-24T15:11:43Z,2026-03-24
ac19e71da590af0a_479,ac19e71da590af0a,R114792-03,W118892,AB24ROOM,27,-18,0,1,PASS,1,1,72,0,479,0,2026-03-24T15:11:43Z,2026-03-24
ac19e71da590af0a_480,ac19e71da590af0a,R114792-03,W118892,AB24ROOM,26,-18,0,1,PASS,1,1,72,0,480,0,2026-03-24T15:11:43Z,2026-03-24
ac19e71da590af0a_481,ac19e71da590af0a,R114792-03,W118892,AB24ROOM,25,-18,0,1,PASS,1,1,72,0,481,0,2026-03-24T15:11:43Z,2026-03-24
ac19e71da590af0a_482,ac19e71da590af0a,R114792-03,W118892,AB24ROOM,24,-18,0,1,PASS,1,1,72,0,482,0,2026-03-24T15:11:43Z,2026-03-24
ac19e71da590af0a_483,ac19e71da590af0a,R114792-03,W118892,AB24ROOM,23,-18,0,1,PASS,1,1,72,0,483,0,2026-03-24T15:11:43Z,2026-03-24
ac19e71da590af0a_484,ac19e71da590af0a,R114792-03,W118892,AB24ROOM,22,-18,0,1,PASS,1,1,74,0,484,0,2026-03-24T15:11:43Z,2026-03-24
ac19e71da590af0a_485,ac19e71da590af0a,R114792-03,W118892,AB24ROOM,21,-18,0,1,PASS,1,1,72,0,485,0,2026-03-24T15:11:43Z,2026-03-24
ac19e71da590af0a_486,ac19e71da590af0a,R114792-03,W118892,AB24ROOM,20,-18,0,1,PASS,1,1,72,0,486,0,2026-03-24T15:11:43Z,2026-03-24
ac19e71da590af0a_487,ac19e71da590af0a,R114792-03,W118892,AB24ROOM,19,-18,0,1,FAIL,20,20,62,0,487,0,2026-03-24T15:11:43Z,2026-03-24
ac19e71da590af0a_488,ac19e71da590af0a,R114792-03,W118892,AB24ROOM,18,-18,0,1,PASS,1,1,74,0,488,0,2026-03-24T15:11:43Z,2026-03-24
ac19e71da590af0a_489,ac19e71da590af0a,R114792-03,W118892,AB24ROOM,17,-18,0,1,FAIL,20,20,62,0,489,0,2026-03-24T15:11:43Z,2026-03-24
ac19e71da590af0a_490,ac19e71da590af0a,R114792-03,W118892,AB24ROOM,16,-18,0,1,PASS,1,1,74,0,490,0,2026-03-24T15:11:43Z,2026-03-24
ac19e71da590af0a_491,ac19e71da590af0a,R114792-03,W118892,AB24ROOM,15,-18,0,1,PASS,1,1,72,0,491,0,2026-03-24T15:11:43Z,2026-03-24
ac19e71da590af0a_492,ac19e71da590af0a,R114792-03,W118892,AB24ROOM,14,-18,0,1,PASS,1,1,72,0,492,0,2026-03-24T15:11:43Z,2026-03-24
ac19e71da590af0a_493,ac19e71da590af0a,R114792-03,W118892,AB24ROOM,13,-18,0,1,PASS,1,1,72,0,493,0,2026-03-24T15:11:43Z,2026-03-24
ac19e71da590af0a_494,ac19e71da590af0a,R114792-03,W118892,AB24ROOM,12,-18,0,1,PASS,1,1,72,0,494,0,2026-03-24T15:11:43Z,2026-03-24
ac19e71da590af0a_495,ac19e71da590af0a,R114792-03,W118892,AB24ROOM,11,-18,0,1,PASS,1,1,72,0,495,0,2026-03-24T15:11:43Z,2026-03-24
ac19e71da590af0a_496,ac19e71da590af0a,R114792-03,W118892,AB24ROOM,10,-18,0,1,PASS,1,1,74,0,496,0,2026-03-24T15:11:43Z,2026-03-24
ac19e71da590af0a_497,ac19e71da590af0a,R114792-03,W118892,AB24ROOM,9,-18,0,1,PASS,1,1,72,0,497,0,2026-03-24T15:11:43Z,2026-03-24
ac19e71da590af0a_498,ac19e71da590af0a,R114792-03,W118892,AB24ROOM,8,-18,0,1,PASS,1,1,72,0,498,0,2026-03-24T15:11:43Z,2026-03-24
ac19e71da590af0a_499,ac19e71da590af0a,R114792-03,W118892,AB24ROOM,7,-18,0,1,PASS,1,1,72,0,499,0,2026-03-24T15:11:43Z,2026-03-24
ac19e71da590af0a_500,ac19e71da590af0a,R114792-03,W118892,AB24ROOM,6,-18,0,1,PASS,1,1,72,0,500,0,2026-03-24T15:11:43Z,2026-03-24
ac19e71da590af0a_501,ac19e71da590af0a,R114792-03,W118892,AB24ROOM,5,-18,0,1,PASS,1,1,72,0,501,0,2026-03-24T15:11:43Z,2026-03-24
ac19e71da590af0a_502,ac19e71da590af0a,R114792-03,W118892,AB24ROOM,4,-18,0,1,PASS,1,1,74,0,502,0,2026-03-24T15:11:43Z,2026-03-24
ac19e71da590af0a_503,ac19e71da590af0a,R114792-03,W118892,AB24ROOM,4,-19,0,1,PASS,1,1,72,0,503,0,2026-03-24T15:11:43Z,2026-03-24
ac19e71da590af0a_504,ac19e71da590af0a,R114792-03,W118892,AB24ROOM,5,-19,0,1,PASS,1,1,72,0,504,0,2026-03-24T15:11:43Z,2026-03-24
ac19e71da590af0a_505,ac19e71da590af0a,R114792-03,W118892,AB24ROOM,6,-19,0,1,PASS,1,1,72,0,505,0,2026-03-24T15:11:43Z,2026-03-24
ac19e71da590af0a_506,ac19e71da590af0a,R114792-03,W118892,AB24ROOM,7,-19,0,1,PASS,1,1,72,0,506,0,2026-03-24T15:11:43Z,2026-03-24
ac19e71da590af0a_507,ac19e71da590af0a,R114792-03,W118892,AB24ROOM,8,-19,0,1,PASS,1,1,72,0,507,0,2026-03-24T15:11:43Z,2026-03-24
ac19e71da590af0a_508,ac19e71da590af0a,R114792-03,W118892,AB24ROOM,9,-19,0,1,PASS,1,1,74,0,508,0,2026-03-24T15:11:43Z,2026-03-24
ac19e71da590af0a_509,ac19e71da590af0a,R114792-03,W118892,AB24ROOM,10,-19,0,1,PASS,1,1,72,0,509,0,2026-03-24T15:11:43Z,2026-03-24
ac19e71da590af0a_510,ac19e71da590af0a,R114792-03,W118892,AB24ROOM,11,-19,0,1,PASS,1,1,72,0,510,0,2026-03-24T15:11:43Z,2026-03-24
ac19e71da590af0a_511,ac19e71da590af0a,R114792-03,W118892,AB24ROOM,12,-19,0,1,PASS,1,1,72,0,511,0,2026-03-24T15:11:43Z,2026-03-24
ac19e71da590af0a_512,ac19e71da590af0a,R114792-03,W118892,AB24ROOM,13,-19,0,1,PASS,1,1,72,0,512,0,2026-03-24T15:11:43Z,2026-03-24
ac19e71da590af0a_513,ac19e71da590af0a,R114792-03,W118892,AB24ROOM,14,-19,0,1,PASS,1,1,72,0,513,0,2026-03-24T15:11:43Z,2026-03-24
ac19e71da590af0a_514,ac19e71da590af0a,R114792-03,W118892,AB24ROOM,15,-19,0,1,PASS,1,1,74,0,514,0,2026-03-24T15:11:43Z,2026-03-24
ac19e71da590af0a_515,ac19e71da590af0a,R114792-03,W118892,AB24ROOM,16,-19,0,1,PASS,1,1,72,0,515,0,2026-03-24T15:11:43Z,2026-03-24
ac19e71da590af0a_516,ac19e71da590af0a,R114792-03,W118892,AB24ROOM,17,-19,0,1,PASS,1,1,72,0,516,0,2026-03-24T15:11:43Z,2026-03-24
ac19e71da590af0a_517,ac19e71da590af0a,R114792-03,W118892,AB24ROOM,18,-19,0,1,PASS,1,1,72,0,517,0,2026-03-24T15:11:43Z,2026-03-24
ac19e71da590af0a_518,ac19e71da590af0a,R114792-03,W118892,AB24ROOM,19,-19,0,1,PASS,1,1,72,0,518,0,2026-03-24T15:11:43Z,2026-03-24
ac19e71da590af0a_519,ac19e71da590af0a,R114792-03,W118892,AB24ROOM,20,-19,0,1,PASS,1,1,72,0,519,0,2026-03-24T15:11:43Z,2026-03-24
ac19e71da590af0a_520,ac19e71da590af0a,R114792-03,W118892,AB24ROOM,21,-19,0,1,PASS,1,1,74,0,520,0,2026-03-24T15:11:43Z,2026-03-24
ac19e71da590af0a_521,ac19e71da590af0a,R114792-03,W118892,AB24ROOM,22,-19,0,1,PASS,1,1,72,0,521,0,2026-03-24T15:11:43Z,2026-03-24
ac19e71da590af0a_522,ac19e71da590af0a,R114792-03,W118892,AB24ROOM,23,-19,0,1,PASS,1,1,72,0,522,0,2026-03-24T15:11:43Z,2026-03-24
ac19e71da590af0a_523,ac19e71da590af0a,R114792-03,W118892,AB24ROOM,24,-19,0,1,PASS,1,1,72,0,523,0,2026-03-24T15:11:43Z,2026-03-24
ac19e71da590af0a_524,ac19e71da590af0a,R114792-03,W118892,AB24ROOM,25,-19,0,1,PASS,1,1,72,0,524,0,2026-03-24T15:11:43Z,2026-03-24
ac19e71da590af0a_525,ac19e71da590af0a,R114792-03,W118892,AB24ROOM,26,-19,0,1,PASS,1,1,72,0,525,0,2026-03-24T15:11:43Z,2026-03-24
ac19e71da590af0a_526,ac19e71da590af0a,R114792-03,W118892,AB24ROOM,27,-19,0,1,PASS,1,1,74,0,526,0,2026-03-24T15:11:43Z,2026-03-24
ac19e71da590af0a_527,ac19e71da590af0a,R114792-03,W118892,AB24ROOM,28,-19,0,1,PASS,1,1,72,0,527,0,2026-03-24T15:11:43Z,2026-03-24
ac19e71da590af0a_528,ac19e71da590af0a,R114792-03,W118892,AB24ROOM,29,-19,0,1,PASS,1,1,72,0,528,0,2026-03-24T15:11:43Z,2026-03-24
ac19e71da590af0a_529,ac19e71da590af0a,R114792-03,W118892,AB24ROOM,30,-19,0,1,PASS,1,1,72,0,529,0,2026-03-24T15:11:43Z,2026-03-24
ac19e71da590af0a_530,ac19e71da590af0a,R114792-03,W118892,AB24ROOM,31,-19,0,1,PASS,1,1,72,0,530,0,2026-03-24T15:11:43Z,2026-03-24
ac19e71da590af0a_531,ac19e71da590af0a,R114792-03,W118892,AB24ROOM,32,-19,0,1,PASS,1,1,72,0,531,0,2026-03-24T15:11:43Z,2026-03-24
ac19e71da590af0a_532,ac19e71da590af0a,R114792-03,W118892,AB24ROOM,33,-19,0,1,PASS,1,1,74,0,532,0,2026-03-24T15:11:43Z,2026-03-24
ac19e71da590af0a_533,ac19e71da590af0a,R114792-03,W118892,AB24ROOM,34,-19,0,1,FAIL,20,20,62,0,533,0,2026-03-24T15:11:43Z,2026-03-24
ac19e71da590af0a_534,ac19e71da590af0a,R114792-03,W118892,AB24ROOM,35,-19,0,1,PASS,1,1,74,0,534,0,2026-03-24T15:11:43Z,2026-03-24
ac19e71da590af0a_535,ac19e71da590af0a,R114792-03,W118892,AB24ROOM,36,-19,0,1,PASS,1,1,72,0,535,0,2026-03-24T15:11:43Z,2026-03-24
ac19e71da590af0a_536,ac19e71da590af0a,R114792-03,W118892,AB24ROOM,37,-19,0,1,PASS,1,1,72,0,536,0,2026-03-24T15:11:43Z,2026-03-24
ac19e71da590af0a_537,ac19e71da590af0a,R114792-03,W118892,AB24ROOM,38,-19,0,1,PASS,1,1,72,0,537,0,2026-03-24T15:11:43Z,2026-03-24
ac19e71da590af0a_538,ac19e71da590af0a,R114792-03,W118892,AB24ROOM,39,-19,0,1,PASS,1,1,72,0,538,0,2026-03-24T15:11:43Z,2026-03-24
ac19e71da590af0a_539,ac19e71da590af0a,R114792-03,W118892,AB24ROOM,40,-19,0,1,PASS,1,1,72,0,539,0,2026-03-24T15:11:43Z,2026-03-24
ac19e71da590af0a_540,ac19e71da590af0a,R114792-03,W118892,AB24ROOM,41,-19,0,1,PASS,1,1,74,0,540,0,2026-03-24T15:11:43Z,2026-03-24
ac19e71da590af0a_541,ac19e71da590af0a,R114792-03,W118892,AB24ROOM,42,-19,0,1,FAIL,20,20,62,0,541,0,2026-03-24T15:11:43Z,2026-03-24
ac19e71da590af0a_542,ac19e71da590af0a,R114792-03,W118892,AB24ROOM,43,-19,0,1,PASS,1,1,74,0,542,0,2026-03-24T15:11:43Z,2026-03-24
ac19e71da590af0a_543,ac19e71da590af0a,R114792-03,W118892,AB24ROOM,44,-19,0,1,PASS,1,1,72,0,543,0,2026-03-24T15:11:43Z,2026-03-24
ac19e71da590af0a_544,ac19e71da590af0a,R114792-03,W118892,AB24ROOM,45,-19,0,1,PASS,1,1,72,0,544,0,2026-03-24T15:11:43Z,2026-03-24
ac19e71da590af0a_545,ac19e71da590af0a,R114792-03,W118892,AB24ROOM,45,-20,0,1,PASS,1,1,72,0,545,0,2026-03-24T15:11:43Z,2026-03-24
ac19e71da590af0a_546,ac19e71da590af0a,R114792-03,W118892,AB24ROOM,44,-20,0,1,PASS,1,1,72,0,546,0,2026-03-24T15:11:43Z,2026-03-24
ac19e71da590af0a_547,ac19e71da590af0a,R114792-03,W118892,AB24ROOM,43,-20,0,1,PASS,1,1,72,0,547,0,2026-03-24T15:11:43Z,2026-03-24
ac19e71da590af0a_548,ac19e71da590af0a,R114792-03,W118892,AB24ROOM,42,-20,0,1,PASS,1,1,74,0,548,0,2026-03-24T15:11:43Z,2026-03-24
ac19e71da590af0a_549,ac19e71da590af0a,R114792-03,W118892,AB24ROOM,41,-20,0,1,PASS,1,1,72,0,549,0,2026-03-24T15:11:43Z,2026-03-24
ac19e71da590af0a_550,ac19e71da590af0a,R114792-03,W118892,AB24ROOM,40,-20,0,1,PASS,1,1,72,0,550,0,2026-03-24T15:11:43Z,2026-03-24
ac19e71da590af0a_551,ac19e71da590af0a,R114792-03,W118892,AB24ROOM,39,-20,0,1,PASS,1,1,72,0,551,0,2026-03-24T15:11:43Z,2026-03-24
ac19e71da590af0a_552,ac19e71da590af0a,R114792-03,W118892,AB24ROOM,38,-20,0,1,PASS,1,1,72,0,552,0,2026-03-24T15:11:43Z,2026-03-24
ac19e71da590af0a_553,ac19e71da590af0a,R114792-03,W118892,AB24ROOM,37,-20,0,1,PASS,1,1,72,0,553,0,2026-03-24T15:11:43Z,2026-03-24
ac19e71da590af0a_554,ac19e71da590af0a,R114792-03,W118892,AB24ROOM,36,-20,0,1,PASS,1,1,74,0,554,0,2026-03-24T15:11:43Z,2026-03-24
ac19e71da590af0a_555,ac19e71da590af0a,R114792-03,W118892,AB24ROOM,35,-20,0,1,PASS,1,1,72,0,555,0,2026-03-24T15:11:43Z,2026-03-24
ac19e71da590af0a_556,ac19e71da590af0a,R114792-03,W118892,AB24ROOM,34,-20,0,1,PASS,1,1,72,0,556,0,2026-03-24T15:11:43Z,2026-03-24
ac19e71da590af0a_557,ac19e71da590af0a,R114792-03,W118892,AB24ROOM,33,-20,0,1,FAIL,2,2,51,0,557,0,2026-03-24T15:11:43Z,2026-03-24
ac19e71da590af0a_558,ac19e71da590af0a,R114792-03,W118892,AB24ROOM,32,-20,0,1,PASS,1,1,74,0,558,0,2026-03-24T15:11:43Z,2026-03-24
ac19e71da590af0a_559,ac19e71da590af0a,R114792-03,W118892,AB24ROOM,31,-20,0,1,PASS,1,1,72,0,559,0,2026-03-24T15:11:43Z,2026-03-24
ac19e71da590af0a_560,ac19e71da590af0a,R114792-03,W118892,AB24ROOM,30,-20,0,1,PASS,1,1,72,0,560,0,2026-03-24T15:11:43Z,2026-03-24
ac19e71da590af0a_561,ac19e71da590af0a,R114792-03,W118892,AB24ROOM,29,-20,0,1,PASS,1,1,72,0,561,0,2026-03-24T15:11:43Z,2026-03-24
ac19e71da590af0a_562,ac19e71da590af0a,R114792-03,W118892,AB24ROOM,28,-20,0,1,PASS,1,1,72,0,562,0,2026-03-24T15:11:43Z,2026-03-24
ac19e71da590af0a_563,ac19e71da590af0a,R114792-03,W118892,AB24ROOM,27,-20,0,1,PASS,1,1,72,0,563,0,2026-03-24T15:11:43Z,2026-03-24
ac19e71da590af0a_564,ac19e71da590af0a,R114792-03,W118892,AB24ROOM,26,-20,0,1,PASS,1,1,74,0,564,0,2026-03-24T15:11:43Z,2026-03-24
ac19e71da590af0a_565,ac19e71da590af0a,R114792-03,W118892,AB24ROOM,25,-20,0,1,PASS,1,1,72,0,565,0,2026-03-24T15:11:43Z,2026-03-24
ac19e71da590af0a_566,ac19e71da590af0a,R114792-03,W118892,AB24ROOM,24,-20,0,1,PASS,1,1,72,0,566,0,2026-03-24T15:11:43Z,2026-03-24
ac19e71da590af0a_567,ac19e71da590af0a,R114792-03,W118892,AB24ROOM,23,-20,0,1,FAIL,8,8,35,0,567,0,2026-03-24T15:11:43Z,2026-03-24
ac19e71da590af0a_568,ac19e71da590af0a,R114792-03,W118892,AB24ROOM,22,-20,0,1,PASS,1,1,74,0,568,0,2026-03-24T15:11:43Z,2026-03-24
ac19e71da590af0a_569,ac19e71da590af0a,R114792-03,W118892,AB24ROOM,21,-20,0,1,PASS,1,1,72,0,569,0,2026-03-24T15:11:43Z,2026-03-24
ac19e71da590af0a_570,ac19e71da590af0a,R114792-03,W118892,AB24ROOM,20,-20,0,1,PASS,1,1,72,0,570,0,2026-03-24T15:11:43Z,2026-03-24
ac19e71da590af0a_571,ac19e71da590af0a,R114792-03,W118892,AB24ROOM,19,-20,0,1,PASS,1,1,72,0,571,0,2026-03-24T15:11:43Z,2026-03-24
ac19e71da590af0a_572,ac19e71da590af0a,R114792-03,W118892,AB24ROOM,18,-20,0,1,PASS,1,1,72,0,572,0,2026-03-24T15:11:43Z,2026-03-24
ac19e71da590af0a_573,ac19e71da590af0a,R114792-03,W118892,AB24ROOM,17,-20,0,1,PASS,1,1,72,0,573,0,2026-03-24T15:11:43Z,2026-03-24
ac19e71da590af0a_574,ac19e71da590af0a,R114792-03,W118892,AB24ROOM,16,-20,0,1,PASS,1,1,74,0,574,0,2026-03-24T15:11:43Z,2026-03-24
ac19e71da590af0a_575,ac19e71da590af0a,R114792-03,W118892,AB24ROOM,15,-20,0,1,PASS,1,1,72,0,575,0,2026-03-24T15:11:43Z,2026-03-24
ac19e71da590af0a_576,ac19e71da590af0a,R114792-03,W118892,AB24ROOM,14,-20,0,1,PASS,1,1,72,0,576,0,2026-03-24T15:11:43Z,2026-03-24
ac19e71da590af0a_577,ac19e71da590af0a,R114792-03,W118892,AB24ROOM,13,-20,0,1,PASS,1,1,72,0,577,0,2026-03-24T15:11:43Z,2026-03-24
ac19e71da590af0a_578,ac19e71da590af0a,R114792-03,W118892,AB24ROOM,12,-20,0,1,PASS,1,1,72,0,578,0,2026-03-24T15:11:43Z,2026-03-24
ac19e71da590af0a_579,ac19e71da590af0a,R114792-03,W118892,AB24ROOM,11,-20,0,1,PASS,1,1,72,0,579,0,2026-03-24T15:11:43Z,2026-03-24
ac19e71da590af0a_580,ac19e71da590af0a,R114792-03,W118892,AB24ROOM,10,-20,0,1,PASS,1,1,74,0,580,0,2026-03-24T15:11:43Z,2026-03-24
ac19e71da590af0a_581,ac19e71da590af0a,R114792-03,W118892,AB24ROOM,9,-20,0,1,PASS,1,1,72,0,581,0,2026-03-24T15:11:43Z,2026-03-24
ac19e71da590af0a_582,ac19e71da590af0a,R114792-03,W118892,AB24ROOM,8,-20,0,1,PASS,1,1,72,0,582,0,2026-03-24T15:11:43Z,2026-03-24
ac19e71da590af0a_583,ac19e71da590af0a,R114792-03,W118892,AB24ROOM,7,-20,0,1,PASS,1,1,72,0,583,0,2026-03-24T15:11:43Z,2026-03-24
ac19e71da590af0a_584,ac19e71da590af0a,R114792-03,W118892,AB24ROOM,6,-20,0,1,PASS,1,1,72,0,584,0,2026-03-24T15:11:43Z,2026-03-24
ac19e71da590af0a_585,ac19e71da590af0a,R114792-03,W118892,AB24ROOM,5,-20,0,1,PASS,1,1,72,0,585,0,2026-03-24T15:11:43Z,2026-03-24
ac19e71da590af0a_586,ac19e71da590af0a,R114792-03,W118892,AB24ROOM,4,-20,0,1,PASS,1,1,74,0,586,0,2026-03-24T15:11:43Z,2026-03-24
ac19e71da590af0a_587,ac19e71da590af0a,R114792-03,W118892,AB24ROOM,4,-21,0,1,FAIL,20,20,62,0,587,0,2026-03-24T15:11:43Z,2026-03-24
ac19e71da590af0a_588,ac19e71da590af0a,R114792-03,W118892,AB24ROOM,5,-21,0,1,PASS,1,1,74,0,588,0,2026-03-24T15:11:43Z,2026-03-24
ac19e71da590af0a_589,ac19e71da590af0a,R114792-03,W118892,AB24ROOM,6,-21,0,1,PASS,1,1,72,0,589,0,2026-03-24T15:11:43Z,2026-03-24
ac19e71da590af0a_590,ac19e71da590af0a,R114792-03,W118892,AB24ROOM,7,-21,0,1,PASS,1,1,72,0,590,0,2026-03-24T15:11:43Z,2026-03-24
ac19e71da590af0a_591,ac19e71da590af0a,R114792-03,W118892,AB24ROOM,8,-21,0,1,PASS,1,1,72,0,591,0,2026-03-24T15:11:43Z,2026-03-24
ac19e71da590af0a_592,ac19e71da590af0a,R114792-03,W118892,AB24ROOM,9,-21,0,1,PASS,1,1,72,0,592,0,2026-03-24T15:11:43Z,2026-03-24
ac19e71da590af0a_593,ac19e71da590af0a,R114792-03,W118892,AB24ROOM,10,-21,0,1,PASS,1,1,72,0,593,0,2026-03-24T15:11:43Z,2026-03-24
ac19e71da590af0a_594,ac19e71da590af0a,R114792-03,W118892,AB24ROOM,11,-21,0,1,PASS,1,1,74,0,594,0,2026-03-24T15:11:43Z,2026-03-24
ac19e71da590af0a_595,ac19e71da590af0a,R114792-03,W118892,AB24ROOM,12,-21,0,1,PASS,1,1,72,0,595,0,2026-03-24T15:11:43Z,2026-03-24
ac19e71da590af0a_596,ac19e71da590af0a,R114792-03,W118892,AB24ROOM,13,-21,0,1,FAIL,20,20,62,0,596,0,2026-03-24T15:11:43Z,2026-03-24
ac19e71da590af0a_597,ac19e71da590af0a,R114792-03,W118892,AB24ROOM,14,-21,0,1,PASS,1,1,74,0,597,0,2026-03-24T15:11:43Z,2026-03-24
ac19e71da590af0a_598,ac19e71da590af0a,R114792-03,W118892,AB24ROOM,15,-21,0,1,PASS,1,1,72,0,598,0,2026-03-24T15:11:43Z,2026-03-24
ac19e71da590af0a_599,ac19e71da590af0a,R114792-03,W118892,AB24ROOM,16,-21,0,1,PASS,1,1,72,0,599,0,2026-03-24T15:11:43Z,2026-03-24
ac19e71da590af0a_600,ac19e71da590af0a,R114792-03,W118892,AB24ROOM,17,-21,0,1,PASS,1,1,72,0,600,0,2026-03-24T15:11:43Z,2026-03-24
ac19e71da590af0a_601,ac19e71da590af0a,R114792-03,W118892,AB24ROOM,18,-21,0,1,PASS,1,1,72,0,601,0,2026-03-24T15:11:43Z,2026-03-24
ac19e71da590af0a_602,ac19e71da590af0a,R114792-03,W118892,AB24ROOM,19,-21,0,1,PASS,1,1,72,0,602,0,2026-03-24T15:11:43Z,2026-03-24
ac19e71da590af0a_603,ac19e71da590af0a,R114792-03,W118892,AB24ROOM,20,-21,0,1,PASS,1,1,74,0,603,0,2026-03-24T15:11:43Z,2026-03-24
ac19e71da590af0a_604,ac19e71da590af0a,R114792-03,W118892,AB24ROOM,21,-21,0,1,PASS,1,1,72,0,604,0,2026-03-24T15:11:43Z,2026-03-24
ac19e71da590af0a_605,ac19e71da590af0a,R114792-03,W118892,AB24ROOM,22,-21,0,1,PASS,1,1,72,0,605,0,2026-03-24T15:11:43Z,2026-03-24
ac19e71da590af0a_606,ac19e71da590af0a,R114792-03,W118892,AB24ROOM,23,-21,0,1,FAIL,8,8,29,0,606,0,2026-03-24T15:11:43Z,2026-03-24
ac19e71da590af0a_607,ac19e71da590af0a,R114792-03,W118892,AB24ROOM,24,-21,0,1,PASS,1,1,74,0,607,0,2026-03-24T15:11:43Z,2026-03-24
ac19e71da590af0a_608,ac19e71da590af0a,R114792-03,W118892,AB24ROOM,25,-21,0,1,PASS,1,1,72,0,608,0,2026-03-24T15:11:43Z,2026-03-24
ac19e71da590af0a_609,ac19e71da590af0a,R114792-03,W118892,AB24ROOM,26,-21,0,1,PASS,1,1,72,0,609,0,2026-03-24T15:11:43Z,2026-03-24
ac19e71da590af0a_610,ac19e71da590af0a,R114792-03,W118892,AB24ROOM,27,-21,0,1,PASS,1,1,72,0,610,0,2026-03-24T15:11:43Z,2026-03-24
ac19e71da590af0a_611,ac19e71da590af0a,R114792-03,W118892,AB24ROOM,28,-21,0,1,PASS,1,1,72,0,611,0,2026-03-24T15:11:43Z,2026-03-24
ac19e71da590af0a_612,ac19e71da590af0a,R114792-03,W118892,AB24ROOM,29,-21,0,1,PASS,1,1,72,0,612,0,2026-03-24T15:11:43Z,2026-03-24
ac19e71da590af0a_613,ac19e71da590af0a,R114792-03,W118892,AB24ROOM,30,-21,0,1,PASS,1,1,74,0,613,0,2026-03-24T15:11:43Z,2026-03-24
ac19e71da590af0a_614,ac19e71da590af0a,R114792-03,W118892,AB24ROOM,31,-21,0,1,PASS,1,1,72,0,614,0,2026-03-24T15:11:43Z,2026-03-24
ac19e71da590af0a_615,ac19e71da590af0a,R114792-03,W118892,AB24ROOM,32,-21,0,1,FAIL,20,20,62,0,615,0,2026-03-24T15:11:43Z,2026-03-24
ac19e71da590af0a_616,ac19e71da590af0a,R114792-03,W118892,AB24ROOM,33,-21,0,1,PASS,1,1,74,0,616,0,2026-03-24T15:11:43Z,2026-03-24
ac19e71da590af0a_617,ac19e71da590af0a,R114792-03,W118892,AB24ROOM,34,-21,0,1,PASS,1,1,72,0,617,0,2026-03-24T15:11:43Z,2026-03-24
ac19e71da590af0a_618,ac19e71da590af0a,R114792-03,W118892,AB24ROOM,35,-21,0,1,FAIL,20,20,62,0,618,0,2026-03-24T15:11:43Z,2026-03-24
ac19e71da590af0a_619,ac19e71da590af0a,R114792-03,W118892,AB24ROOM,36,-21,0,1,PASS,1,1,74,0,619,0,2026-03-24T15:11:43Z,2026-03-24
ac19e71da590af0a_620,ac19e71da590af0a,R114792-03,W118892,AB24ROOM,37,-21,0,1,PASS,1,1,72,0,620,0,2026-03-24T15:11:43Z,2026-03-24
ac19e71da590af0a_621,ac19e71da590af0a,R114792-03,W118892,AB24ROOM,38,-21,0,1,PASS,1,1,72,0,621,0,2026-03-24T15:11:43Z,2026-03-24
ac19e71da590af0a_622,ac19e71da590af0a,R114792-03,W118892,AB24ROOM,39,-21,0,1,PASS,1,1,72,0,622,0,2026-03-24T15:11:43Z,2026-03-24
ac19e71da590af0a_623,ac19e71da590af0a,R114792-03,W118892,AB24ROOM,40,-21,0,1,PASS,1,1,72,0,623,0,2026-03-24T15:11:43Z,2026-03-24
ac19e71da590af0a_624,ac19e71da590af0a,R114792-03,W118892,AB24ROOM,41,-21,0,1,PASS,1,1,72,0,624,0,2026-03-24T15:11:43Z,2026-03-24
ac19e71da590af0a_625,ac19e71da590af0a,R114792-03,W118892,AB24ROOM,42,-21,0,1,PASS,1,1,74,0,625,0,2026-03-24T15:11:43Z,2026-03-24
ac19e71da590af0a_626,ac19e71da590af0a,R114792-03,W118892,AB24ROOM,43,-21,0,1,PASS,1,1,72,0,626,0,2026-03-24T15:11:43Z,2026-03-24
ac19e71da590af0a_627,ac19e71da590af0a,R114792-03,W118892,AB24ROOM,44,-21,0,1,PASS,1,1,72,0,627,0,2026-03-24T15:11:43Z,2026-03-24
ac19e71da590af0a_628,ac19e71da590af0a,R114792-03,W118892,AB24ROOM,45,-21,0,1,PASS,1,1,72,0,628,0,2026-03-24T15:11:43Z,2026-03-24
ac19e71da590af0a_629,ac19e71da590af0a,R114792-03,W118892,AB24ROOM,45,-22,0,1,PASS,1,1,72,0,629,0,2026-03-24T15:11:43Z,2026-03-24
ac19e71da590af0a_630,ac19e71da590af0a,R114792-03,W118892,AB24ROOM,44,-22,0,1,PASS,1,1,72,0,630,0,2026-03-24T15:11:43Z,2026-03-24
ac19e71da590af0a_631,ac19e71da590af0a,R114792-03,W118892,AB24ROOM,43,-22,0,1,PASS,1,1,74,0,631,0,2026-03-24T15:11:43Z,2026-03-24
ac19e71da590af0a_632,ac19e71da590af0a,R114792-03,W118892,AB24ROOM,42,-22,0,1,PASS,1,1,72,0,632,0,2026-03-24T15:11:43Z,2026-03-24
ac19e71da590af0a_633,ac19e71da590af0a,R114792-03,W118892,AB24ROOM,41,-22,0,1,PASS,1,1,72,0,633,0,2026-03-24T15:11:43Z,2026-03-24
ac19e71da590af0a_634,ac19e71da590af0a,R114792-03,W118892,AB24ROOM,40,-22,0,1,PASS,1,1,72,0,634,0,2026-03-24T15:11:43Z,2026-03-24
ac19e71da590af0a_635,ac19e71da590af0a,R114792-03,W118892,AB24ROOM,39,-22,0,1,PASS,1,1,72,0,635,0,2026-03-24T15:11:43Z,2026-03-24
ac19e71da590af0a_636,ac19e71da590af0a,R114792-03,W118892,AB24ROOM,38,-22,0,1,PASS,1,1,72,0,636,0,2026-03-24T15:11:43Z,2026-03-24
ac19e71da590af0a_637,ac19e71da590af0a,R114792-03,W118892,AB24ROOM,37,-22,0,1,PASS,1,1,74,0,637,0,2026-03-24T15:11:43Z,2026-03-24
ac19e71da590af0a_638,ac19e71da590af0a,R114792-03,W118892,AB24ROOM,36,-22,0,1,PASS,1,1,72,0,638,0,2026-03-24T15:11:43Z,2026-03-24
ac19e71da590af0a_639,ac19e71da590af0a,R114792-03,W118892,AB24ROOM,35,-22,0,1,PASS,1,1,72,0,639,0,2026-03-24T15:11:43Z,2026-03-24
ac19e71da590af0a_640,ac19e71da590af0a,R114792-03,W118892,AB24ROOM,34,-22,0,1,PASS,1,1,72,0,640,0,2026-03-24T15:11:43Z,2026-03-24
ac19e71da590af0a_641,ac19e71da590af0a,R114792-03,W118892,AB24ROOM,33,-22,0,1,PASS,1,1,72,0,641,0,2026-03-24T15:11:43Z,2026-03-24
ac19e71da590af0a_642,ac19e71da590af0a,R114792-03,W118892,AB24ROOM,32,-22,0,1,PASS,1,1,72,0,642,0,2026-03-24T15:11:43Z,2026-03-24
ac19e71da590af0a_643,ac19e71da590af0a,R114792-03,W118892,AB24ROOM,31,-22,0,1,PASS,1,1,74,0,643,0,2026-03-24T15:11:43Z,2026-03-24
ac19e71da590af0a_644,ac19e71da590af0a,R114792-03,W118892,AB24ROOM,30,-22,0,1,PASS,1,1,72,0,644,0,2026-03-24T15:11:43Z,2026-03-24
ac19e71da590af0a_645,ac19e71da590af0a,R114792-03,W118892,AB24ROOM,29,-22,0,1,PASS,1,1,72,0,645,0,2026-03-24T15:11:43Z,2026-03-24
ac19e71da590af0a_646,ac19e71da590af0a,R114792-03,W118892,AB24ROOM,28,-22,0,1,PASS,1,1,72,0,646,0,2026-03-24T15:11:43Z,2026-03-24
ac19e71da590af0a_647,ac19e71da590af0a,R114792-03,W118892,AB24ROOM,27,-22,0,1,PASS,1,1,72,0,647,0,2026-03-24T15:11:43Z,2026-03-24
ac19e71da590af0a_648,ac19e71da590af0a,R114792-03,W118892,AB24ROOM,26,-22,0,1,PASS,1,1,72,0,648,0,2026-03-24T15:11:43Z,2026-03-24
ac19e71da590af0a_649,ac19e71da590af0a,R114792-03,W118892,AB24ROOM,25,-22,0,1,PASS,1,1,74,0,649,0,2026-03-24T15:11:43Z,2026-03-24
ac19e71da590af0a_650,ac19e71da590af0a,R114792-03,W118892,AB24ROOM,24,-22,0,1,PASS,1,1,72,0,650,0,2026-03-24T15:11:43Z,2026-03-24
ac19e71da590af0a_651,ac19e71da590af0a,R114792-03,W118892,AB24ROOM,23,-22,0,1,PASS,1,1,72,0,651,0,2026-03-24T15:11:43Z,2026-03-24
ac19e71da590af0a_652,ac19e71da590af0a,R114792-03,W118892,AB24ROOM,22,-22,0,1,PASS,1,1,72,0,652,0,2026-03-24T15:11:43Z,2026-03-24
ac19e71da590af0a_653,ac19e71da590af0a,R114792-03,W118892,AB24ROOM,21,-22,0,1,PASS,1,1,72,0,653,0,2026-03-24T15:11:43Z,2026-03-24
ac19e71da590af0a_654,ac19e71da590af0a,R114792-03,W118892,AB24ROOM,20,-22,0,1,PASS,1,1,72,0,654,0,2026-03-24T15:11:43Z,2026-03-24
ac19e71da590af0a_655,ac19e71da590af0a,R114792-03,W118892,AB24ROOM,19,-22,0,1,PASS,1,1,74,0,655,0,2026-03-24T15:11:43Z,2026-03-24
ac19e71da590af0a_656,ac19e71da590af0a,R114792-03,W118892,AB24ROOM,18,-22,0,1,PASS,1,1,72,0,656,0,2026-03-24T15:11:43Z,2026-03-24
ac19e71da590af0a_657,ac19e71da590af0a,R114792-03,W118892,AB24ROOM,17,-22,0,1,PASS,1,1,72,0,657,0,2026-03-24T15:11:43Z,2026-03-24
ac19e71da590af0a_658,ac19e71da590af0a,R114792-03,W118892,AB24ROOM,16,-22,0,1,PASS,1,1,72,0,658,0,2026-03-24T15:11:43Z,2026-03-24
ac19e71da590af0a_659,ac19e71da590af0a,R114792-03,W118892,AB24ROOM,15,-22,0,1,PASS,1,1,72,0,659,0,2026-03-24T15:11:43Z,2026-03-24
ac19e71da590af0a_660,ac19e71da590af0a,R114792-03,W118892,AB24ROOM,14,-22,0,1,PASS,1,1,72,0,660,0,2026-03-24T15:11:43Z,2026-03-24
ac19e71da590af0a_661,ac19e71da590af0a,R114792-03,W118892,AB24ROOM,13,-22,0,1,PASS,1,1,74,0,661,0,2026-03-24T15:11:43Z,2026-03-24
ac19e71da590af0a_662,ac19e71da590af0a,R114792-03,W118892,AB24ROOM,12,-22,0,1,PASS,1,1,72,0,662,0,2026-03-24T15:11:43Z,2026-03-24
ac19e71da590af0a_663,ac19e71da590af0a,R114792-03,W118892,AB24ROOM,11,-22,0,1,PASS,1,1,72,0,663,0,2026-03-24T15:11:43Z,2026-03-24
ac19e71da590af0a_664,ac19e71da590af0a,R114792-03,W118892,AB24ROOM,10,-22,0,1,PASS,1,1,72,0,664,0,2026-03-24T15:11:43Z,2026-03-24
ac19e71da590af0a_665,ac19e71da590af0a,R114792-03,W118892,AB24ROOM,9,-22,0,1,PASS,1,1,72,0,665,0,2026-03-24T15:11:43Z,2026-03-24
ac19e71da590af0a_666,ac19e71da590af0a,R114792-03,W118892,AB24ROOM,8,-22,0,1,PASS,1,1,72,0,666,0,2026-03-24T15:11:43Z,2026-03-24
ac19e71da590af0a_667,ac19e71da590af0a,R114792-03,W118892,AB24ROOM,7,-22,0,1,PASS,1,1,74,0,667,0,2026-03-24T15:11:43Z,2026-03-24
ac19e71da590af0a_668,ac19e71da590af0a,R114792-03,W118892,AB24ROOM,6,-22,0,1,PASS,1,1,72,0,668,0,2026-03-24T15:11:43Z,2026-03-24
ac19e71da590af0a_669,ac19e71da590af0a,R114792-03,W118892,AB24ROOM,5,-22,0,1,PASS,1,1,72,0,669,0,2026-03-24T15:11:43Z,2026-03-24
ac19e71da590af0a_670,ac19e71da590af0a,R114792-03,W118892,AB24ROOM,4,-22,0,1,FAIL,8,8,29,0,670,0,2026-03-24T15:11:43Z,2026-03-24
ac19e71da590af0a_671,ac19e71da590af0a,R114792-03,W118892,AB24ROOM,4,-23,0,1,FAIL,4,4,36,0,671,0,2026-03-24T15:11:43Z,2026-03-24
ac19e71da590af0a_672,ac19e71da590af0a,R114792-03,W118892,AB24ROOM,5,-23,0,1,PASS,1,1,74,0,672,0,2026-03-24T15:11:43Z,2026-03-24
ac19e71da590af0a_673,ac19e71da590af0a,R114792-03,W118892,AB24ROOM,6,-23,0,1,PASS,1,1,72,0,673,0,2026-03-24T15:11:43Z,2026-03-24
ac19e71da590af0a_674,ac19e71da590af0a,R114792-03,W118892,AB24ROOM,7,-23,0,1,PASS,1,1,72,0,674,0,2026-03-24T15:11:43Z,2026-03-24
ac19e71da590af0a_675,ac19e71da590af0a,R114792-03,W118892,AB24ROOM,8,-23,0,1,PASS,1,1,72,0,675,0,2026-03-24T15:11:43Z,2026-03-24
ac19e71da590af0a_676,ac19e71da590af0a,R114792-03,W118892,AB24ROOM,9,-23,0,1,PASS,1,1,72,0,676,0,2026-03-24T15:11:43Z,2026-03-24
ac19e71da590af0a_677,ac19e71da590af0a,R114792-03,W118892,AB24ROOM,10,-23,0,1,PASS,1,1,72,0,677,0,2026-03-24T15:11:43Z,2026-03-24
ac19e71da590af0a_678,ac19e71da590af0a,R114792-03,W118892,AB24ROOM,11,-23,0,1,PASS,1,1,74,0,678,0,2026-03-24T15:11:43Z,2026-03-24
ac19e71da590af0a_679,ac19e71da590af0a,R114792-03,W118892,AB24ROOM,12,-23,0,1,PASS,1,1,72,0,679,0,2026-03-24T15:11:43Z,2026-03-24
ac19e71da590af0a_680,ac19e71da590af0a,R114792-03,W118892,AB24ROOM,13,-23,0,1,PASS,1,1,72,0,680,0,2026-03-24T15:11:43Z,2026-03-24
ac19e71da590af0a_681,ac19e71da590af0a,R114792-03,W118892,AB24ROOM,14,-23,0,1,PASS,1,1,72,0,681,0,2026-03-24T15:11:43Z,2026-03-24
ac19e71da590af0a_682,ac19e71da590af0a,R114792-03,W118892,AB24ROOM,15,-23,0,1,PASS,1,1,72,0,682,0,2026-03-24T15:11:43Z,2026-03-24
ac19e71da590af0a_683,ac19e71da590af0a,R114792-03,W118892,AB24ROOM,16,-23,0,1,PASS,1,1,72,0,683,0,2026-03-24T15:11:43Z,2026-03-24
ac19e71da590af0a_684,ac19e71da590af0a,R114792-03,W118892,AB24ROOM,17,-23,0,1,PASS,1,1,74,0,684,0,2026-03-24T15:11:43Z,2026-03-24
ac19e71da590af0a_685,ac19e71da590af0a,R114792-03,W118892,AB24ROOM,18,-23,0,1,PASS,1,1,72,0,685,0,2026-03-24T15:11:43Z,2026-03-24
ac19e71da590af0a_686,ac19e71da590af0a,R114792-03,W118892,AB24ROOM,19,-23,0,1,FAIL,20,20,62,0,686,0,2026-03-24T15:11:43Z,2026-03-24
ac19e71da590af0a_687,ac19e71da590af0a,R114792-03,W118892,AB24ROOM,20,-23,0,1,PASS,1,1,74,0,687,0,2026-03-24T15:11:43Z,2026-03-24
ac19e71da590af0a_688,ac19e71da590af0a,R114792-03,W118892,AB24ROOM,21,-23,0,1,PASS,1,1,72,0,688,0,2026-03-24T15:11:43Z,2026-03-24
ac19e71da590af0a_689,ac19e71da590af0a,R114792-03,W118892,AB24ROOM,22,-23,0,1,PASS,1,1,72,0,689,0,2026-03-24T15:11:43Z,2026-03-24
ac19e71da590af0a_690,ac19e71da590af0a,R114792-03,W118892,AB24ROOM,23,-23,0,1,PASS,1,1,72,0,690,0,2026-03-24T15:11:43Z,2026-03-24
ac19e71da590af0a_691,ac19e71da590af0a,R114792-03,W118892,AB24ROOM,26,-23,0,1,PASS,1,1,72,0,691,0,2026-03-24T15:11:43Z,2026-03-24
ac19e71da590af0a_692,ac19e71da590af0a,R114792-03,W118892,AB24ROOM,27,-23,0,1,PASS,1,1,72,0,692,0,2026-03-24T15:11:43Z,2026-03-24
ac19e71da590af0a_693,ac19e71da590af0a,R114792-03,W118892,AB24ROOM,28,-23,0,1,PASS,1,1,74,0,693,0,2026-03-24T15:11:43Z,2026-03-24
ac19e71da590af0a_694,ac19e71da590af0a,R114792-03,W118892,AB24ROOM,29,-23,0,1,PASS,1,1,72,0,694,0,2026-03-24T15:11:43Z,2026-03-24
ac19e71da590af0a_695,ac19e71da590af0a,R114792-03,W118892,AB24ROOM,30,-23,0,1,PASS,1,1,72,0,695,0,2026-03-24T15:11:43Z,2026-03-24
ac19e71da590af0a_696,ac19e71da590af0a,R114792-03,W118892,AB24ROOM,31,-23,0,1,PASS,1,1,72,0,696,0,2026-03-24T15:11:43Z,2026-03-24
ac19e71da590af0a_697,ac19e71da590af0a,R114792-03,W118892,AB24ROOM,32,-23,0,1,PASS,1,1,72,0,697,0,2026-03-24T15:11:43Z,2026-03-24
ac19e71da590af0a_698,ac19e71da590af0a,R114792-03,W118892,AB24ROOM,33,-23,0,1,PASS,1,1,72,0,698,0,2026-03-24T15:11:43Z,2026-03-24
ac19e71da590af0a_699,ac19e71da590af0a,R114792-03,W118892,AB24ROOM,34,-23,0,1,PASS,1,1,74,0,699,0,2026-03-24T15:11:43Z,2026-03-24
ac19e71da590af0a_700,ac19e71da590af0a,R114792-03,W118892,AB24ROOM,35,-23,0,1,PASS,1,1,72,0,700,0,2026-03-24T15:11:43Z,2026-03-24
ac19e71da590af0a_701,ac19e71da590af0a,R114792-03,W118892,AB24ROOM,36,-23,0,1,PASS,1,1,72,0,701,0,2026-03-24T15:11:43Z,2026-03-24
ac19e71da590af0a_702,ac19e71da590af0a,R114792-03,W118892,AB24ROOM,37,-23,0,1,PASS,1,1,72,0,702,0,2026-03-24T15:11:43Z,2026-03-24
ac19e71da590af0a_703,ac19e71da590af0a,R114792-03,W118892,AB24ROOM,38,-23,0,1,PASS,1,1,72,0,703,0,2026-03-24T15:11:43Z,2026-03-24
ac19e71da590af0a_704,ac19e71da590af0a,R114792-03,W118892,AB24ROOM,39,-23,0,1,PASS,1,1,72,0,704,0,2026-03-24T15:11:43Z,2026-03-24
ac19e71da590af0a_705,ac19e71da590af0a,R114792-03,W118892,AB24ROOM,40,-23,0,1,PASS,1,1,74,0,705,0,2026-03-24T15:11:43Z,2026-03-24
ac19e71da590af0a_706,ac19e71da590af0a,R114792-03,W118892,AB24ROOM,41,-23,0,1,PASS,1,1,72,0,706,0,2026-03-24T15:11:43Z,2026-03-24
ac19e71da590af0a_707,ac19e71da590af0a,R114792-03,W118892,AB24ROOM,42,-23,0,1,PASS,1,1,72,0,707,0,2026-03-24T15:11:43Z,2026-03-24
ac19e71da590af0a_708,ac19e71da590af0a,R114792-03,W118892,AB24ROOM,43,-23,0,1,PASS,1,1,72,0,708,0,2026-03-24T15:11:43Z,2026-03-24
ac19e71da590af0a_709,ac19e71da590af0a,R114792-03,W118892,AB24ROOM,44,-23,0,1,PASS,1,1,72,0,709,0,2026-03-24T15:11:43Z,2026-03-24
ac19e71da590af0a_710,ac19e71da590af0a,R114792-03,W118892,AB24ROOM,45,-23,0,1,PASS,1,1,72,0,710,0,2026-03-24T15:11:43Z,2026-03-24
ac19e71da590af0a_711,ac19e71da590af0a,R114792-03,W118892,AB24ROOM,45,-24,0,1,PASS,1,1,74,0,711,0,2026-03-24T15:11:43Z,2026-03-24
ac19e71da590af0a_712,ac19e71da590af0a,R114792-03,W118892,AB24ROOM,43,-24,0,1,PASS,1,1,72,0,712,0,2026-03-24T15:11:43Z,2026-03-24
ac19e71da590af0a_713,ac19e71da590af0a,R114792-03,W118892,AB24ROOM,42,-24,0,1,PASS,1,1,72,0,713,0,2026-03-24T15:11:43Z,2026-03-24
ac19e71da590af0a_714,ac19e71da590af0a,R114792-03,W118892,AB24ROOM,41,-24,0,1,PASS,1,1,72,0,714,0,2026-03-24T15:11:43Z,2026-03-24
ac19e71da590af0a_715,ac19e71da590af0a,R114792-03,W118892,AB24ROOM,40,-24,0,1,FAIL,20,20,62,0,715,0,2026-03-24T15:11:43Z,2026-03-24
ac19e71da590af0a_716,ac19e71da590af0a,R114792-03,W118892,AB24ROOM,39,-24,0,1,PASS,1,1,74,0,716,0,2026-03-24T15:11:43Z,2026-03-24
ac19e71da590af0a_717,ac19e71da590af0a,R114792-03,W118892,AB24ROOM,38,-24,0,1,PASS,1,1,72,0,717,0,2026-03-24T15:11:43Z,2026-03-24
ac19e71da590af0a_718,ac19e71da590af0a,R114792-03,W118892,AB24ROOM,37,-24,0,1,PASS,1,1,72,0,718,0,2026-03-24T15:11:43Z,2026-03-24
ac19e71da590af0a_719,ac19e71da590af0a,R114792-03,W118892,AB24ROOM,36,-24,0,1,PASS,1,1,72,0,719,0,2026-03-24T15:11:43Z,2026-03-24
ac19e71da590af0a_720,ac19e71da590af0a,R114792-03,W118892,AB24ROOM,35,-24,0,1,PASS,1,1,72,0,720,0,2026-03-24T15:11:43Z,2026-03-24
ac19e71da590af0a_721,ac19e71da590af0a,R114792-03,W118892,AB24ROOM,34,-24,0,1,PASS,1,1,72,0,721,0,2026-03-24T15:11:43Z,2026-03-24
ac19e71da590af0a_722,ac19e71da590af0a,R114792-03,W118892,AB24ROOM,33,-24,0,1,PASS,1,1,74,0,722,0,2026-03-24T15:11:43Z,2026-03-24
ac19e71da590af0a_723,ac19e71da590af0a,R114792-03,W118892,AB24ROOM,32,-24,0,1,PASS,1,1,72,0,723,0,2026-03-24T15:11:43Z,2026-03-24
ac19e71da590af0a_724,ac19e71da590af0a,R114792-03,W118892,AB24ROOM,31,-24,0,1,PASS,1,1,72,0,724,0,2026-03-24T15:11:43Z,2026-03-24
ac19e71da590af0a_725,ac19e71da590af0a,R114792-03,W118892,AB24ROOM,30,-24,0,1,PASS,1,1,72,0,725,0,2026-03-24T15:11:43Z,2026-03-24
ac19e71da590af0a_726,ac19e71da590af0a,R114792-03,W118892,AB24ROOM,29,-24,0,1,PASS,1,1,72,0,726,0,2026-03-24T15:11:43Z,2026-03-24
ac19e71da590af0a_727,ac19e71da590af0a,R114792-03,W118892,AB24ROOM,28,-24,0,1,PASS,1,1,72,0,727,0,2026-03-24T15:11:43Z,2026-03-24
ac19e71da590af0a_728,ac19e71da590af0a,R114792-03,W118892,AB24ROOM,27,-24,0,1,PASS,1,1,74,0,728,0,2026-03-24T15:11:43Z,2026-03-24
ac19e71da590af0a_729,ac19e71da590af0a,R114792-03,W118892,AB24ROOM,26,-24,0,1,PASS,1,1,72,0,729,0,2026-03-24T15:11:43Z,2026-03-24
ac19e71da590af0a_730,ac19e71da590af0a,R114792-03,W118892,AB24ROOM,23,-24,0,1,PASS,1,1,72,0,730,0,2026-03-24T15:11:43Z,2026-03-24
ac19e71da590af0a_731,ac19e71da590af0a,R114792-03,W118892,AB24ROOM,22,-24,0,1,PASS,1,1,72,0,731,0,2026-03-24T15:11:43Z,2026-03-24
ac19e71da590af0a_732,ac19e71da590af0a,R114792-03,W118892,AB24ROOM,21,-24,0,1,PASS,1,1,72,0,732,0,2026-03-24T15:11:43Z,2026-03-24
ac19e71da590af0a_733,ac19e71da590af0a,R114792-03,W118892,AB24ROOM,20,-24,0,1,PASS,1,1,72,0,733,0,2026-03-24T15:11:43Z,2026-03-24
ac19e71da590af0a_734,ac19e71da590af0a,R114792-03,W118892,AB24ROOM,19,-24,0,1,PASS,1,1,74,0,734,0,2026-03-24T15:11:43Z,2026-03-24
ac19e71da590af0a_735,ac19e71da590af0a,R114792-03,W118892,AB24ROOM,18,-24,0,1,PASS,1,1,72,0,735,0,2026-03-24T15:11:43Z,2026-03-24
ac19e71da590af0a_736,ac19e71da590af0a,R114792-03,W118892,AB24ROOM,17,-24,0,1,PASS,1,1,72,0,736,0,2026-03-24T15:11:43Z,2026-03-24
ac19e71da590af0a_737,ac19e71da590af0a,R114792-03,W118892,AB24ROOM,16,-24,0,1,PASS,1,1,72,0,737,0,2026-03-24T15:11:43Z,2026-03-24
ac19e71da590af0a_738,ac19e71da590af0a,R114792-03,W118892,AB24ROOM,15,-24,0,1,PASS,1,1,72,0,738,0,2026-03-24T15:11:43Z,2026-03-24
ac19e71da590af0a_739,ac19e71da590af0a,R114792-03,W118892,AB24ROOM,14,-24,0,1,FAIL,20,20,62,0,739,0,2026-03-24T15:11:43Z,2026-03-24
ac19e71da590af0a_740,ac19e71da590af0a,R114792-03,W118892,AB24ROOM,13,-24,0,1,PASS,1,1,74,0,740,0,2026-03-24T15:11:43Z,2026-03-24
ac19e71da590af0a_741,ac19e71da590af0a,R114792-03,W118892,AB24ROOM,12,-24,0,1,PASS,1,1,72,0,741,0,2026-03-24T15:11:43Z,2026-03-24
ac19e71da590af0a_742,ac19e71da590af0a,R114792-03,W118892,AB24ROOM,11,-24,0,1,PASS,1,1,72,0,742,0,2026-03-24T15:11:43Z,2026-03-24
ac19e71da590af0a_743,ac19e71da590af0a,R114792-03,W118892,AB24ROOM,10,-24,0,1,PASS,1,1,72,0,743,0,2026-03-24T15:11:43Z,2026-03-24
ac19e71da590af0a_744,ac19e71da590af0a,R114792-03,W118892,AB24ROOM,9,-24,0,1,PASS,1,1,72,0,744,0,2026-03-24T15:11:43Z,2026-03-24
ac19e71da590af0a_745,ac19e71da590af0a,R114792-03,W118892,AB24ROOM,8,-24,0,1,PASS,1,1,72,0,745,0,2026-03-24T15:11:43Z,2026-03-24
ac19e71da590af0a_746,ac19e71da590af0a,R114792-03,W118892,AB24ROOM,7,-24,0,1,PASS,1,1,74,0,746,0,2026-03-24T15:11:43Z,2026-03-24
ac19e71da590af0a_747,ac19e71da590af0a,R114792-03,W118892,AB24ROOM,5,-24,0,1,PASS,1,1,72,0,747,0,2026-03-24T15:11:43Z,2026-03-24
ac19e71da590af0a_748,ac19e71da590af0a,R114792-03,W118892,AB24ROOM,4,-24,0,1,PASS,1,1,72,0,748,0,2026-03-24T15:11:43Z,2026-03-24
ac19e71da590af0a_749,ac19e71da590af0a,R114792-03,W118892,AB24ROOM,4,-25,0,1,FAIL,17,17,61,0,749,0,2026-03-24T15:11:43Z,2026-03-24
ac19e71da590af0a_750,ac19e71da590af0a,R114792-03,W118892,AB24ROOM,5,-25,0,1,FAIL,8,8,32,0,750,0,2026-03-24T15:11:43Z,2026-03-24
ac19e71da590af0a_751,ac19e71da590af0a,R114792-03,W118892,AB24ROOM,6,-25,0,1,PASS,1,1,74,0,751,0,2026-03-24T15:11:43Z,2026-03-24
ac19e71da590af0a_752,ac19e71da590af0a,R114792-03,W118892,AB24ROOM,7,-25,0,1,PASS,1,1,72,0,752,0,2026-03-24T15:11:43Z,2026-03-24
ac19e71da590af0a_753,ac19e71da590af0a,R114792-03,W118892,AB24ROOM,8,-25,0,1,PASS,1,1,72,0,753,0,2026-03-24T15:11:43Z,2026-03-24
ac19e71da590af0a_754,ac19e71da590af0a,R114792-03,W118892,AB24ROOM,9,-25,0,1,PASS,1,1,72,0,754,0,2026-03-24T15:11:43Z,2026-03-24
ac19e71da590af0a_755,ac19e71da590af0a,R114792-03,W118892,AB24ROOM,10,-25,0,1,FAIL,2,2,51,0,755,0,2026-03-24T15:11:43Z,2026-03-24
ac19e71da590af0a_756,ac19e71da590af0a,R114792-03,W118892,AB24ROOM,11,-25,0,1,FAIL,2,2,53,0,756,0,2026-03-24T15:11:43Z,2026-03-24
ac19e71da590af0a_757,ac19e71da590af0a,R114792-03,W118892,AB24ROOM,12,-25,0,1,PASS,1,1,74,0,757,0,2026-03-24T15:11:43Z,2026-03-24
ac19e71da590af0a_758,ac19e71da590af0a,R114792-03,W118892,AB24ROOM,13,-25,0,1,PASS,1,1,72,0,758,0,2026-03-24T15:11:43Z,2026-03-24
ac19e71da590af0a_759,ac19e71da590af0a,R114792-03,W118892,AB24ROOM,14,-25,0,1,PASS,1,1,72,0,759,0,2026-03-24T15:11:43Z,2026-03-24
ac19e71da590af0a_760,ac19e71da590af0a,R114792-03,W118892,AB24ROOM,15,-25,0,1,PASS,1,1,72,0,760,0,2026-03-24T15:11:43Z,2026-03-24
ac19e71da590af0a_761,ac19e71da590af0a,R114792-03,W118892,AB24ROOM,16,-25,0,1,PASS,1,1,72,0,761,0,2026-03-24T15:11:43Z,2026-03-24
ac19e71da590af0a_762,ac19e71da590af0a,R114792-03,W118892,AB24ROOM,17,-25,0,1,PASS,1,1,72,0,762,0,2026-03-24T15:11:43Z,2026-03-24
ac19e71da590af0a_763,ac19e71da590af0a,R114792-03,W118892,AB24ROOM,18,-25,0,1,PASS,1,1,74,0,763,0,2026-03-24T15:11:43Z,2026-03-24
ac19e71da590af0a_764,ac19e71da590af0a,R114792-03,W118892,AB24ROOM,19,-25,0,1,PASS,1,1,72,0,764,0,2026-03-24T15:11:43Z,2026-03-24
ac19e71da590af0a_765,ac19e71da590af0a,R114792-03,W118892,AB24ROOM,20,-25,0,1,PASS,1,1,72,0,765,0,2026-03-24T15:11:43Z,2026-03-24
ac19e71da590af0a_766,ac19e71da590af0a,R114792-03,W118892,AB24ROOM,21,-25,0,1,PASS,1,1,72,0,766,0,2026-03-24T15:11:43Z,2026-03-24
ac19e71da590af0a_767,ac19e71da590af0a,R114792-03,W118892,AB24ROOM,22,-25,0,1,PASS,1,1,72,0,767,0,2026-03-24T15:11:43Z,2026-03-24
ac19e71da590af0a_768,ac19e71da590af0a,R114792-03,W118892,AB24ROOM,23,-25,0,1,FAIL,20,20,62,0,768,0,2026-03-24T15:11:43Z,2026-03-24
ac19e71da590af0a_769,ac19e71da590af0a,R114792-03,W118892,AB24ROOM,24,-25,0,1,PASS,1,1,74,0,769,0,2026-03-24T15:11:43Z,2026-03-24
ac19e71da590af0a_770,ac19e71da590af0a,R114792-03,W118892,AB24ROOM,25,-25,0,1,PASS,1,1,72,0,770,0,2026-03-24T15:11:43Z,2026-03-24
ac19e71da590af0a_771,ac19e71da590af0a,R114792-03,W118892,AB24ROOM,26,-25,0,1,FAIL,20,20,62,0,771,0,2026-03-24T15:11:43Z,2026-03-24
ac19e71da590af0a_772,ac19e71da590af0a,R114792-03,W118892,AB24ROOM,27,-25,0,1,PASS,1,1,74,0,772,0,2026-03-24T15:11:43Z,2026-03-24
ac19e71da590af0a_773,ac19e71da590af0a,R114792-03,W118892,AB24ROOM,28,-25,0,1,PASS,1,1,72,0,773,0,2026-03-24T15:11:43Z,2026-03-24
ac19e71da590af0a_774,ac19e71da590af0a,R114792-03,W118892,AB24ROOM,29,-25,0,1,PASS,1,1,72,0,774,0,2026-03-24T15:11:43Z,2026-03-24
ac19e71da590af0a_775,ac19e71da590af0a,R114792-03,W118892,AB24ROOM,30,-25,0,1,PASS,1,1,72,0,775,0,2026-03-24T15:11:43Z,2026-03-24
ac19e71da590af0a_776,ac19e71da590af0a,R114792-03,W118892,AB24ROOM,31,-25,0,1,PASS,1,1,72,0,776,0,2026-03-24T15:11:43Z,2026-03-24
ac19e71da590af0a_777,ac19e71da590af0a,R114792-03,W118892,AB24ROOM,32,-25,0,1,PASS,1,1,72,0,777,0,2026-03-24T15:11:43Z,2026-03-24
ac19e71da590af0a_778,ac19e71da590af0a,R114792-03,W118892,AB24ROOM,33,-25,0,1,PASS,1,1,74,0,778,0,2026-03-24T15:11:43Z,2026-03-24
ac19e71da590af0a_779,ac19e71da590af0a,R114792-03,W118892,AB24ROOM,34,-25,0,1,PASS,1,1,72,0,779,0,2026-03-24T15:11:43Z,2026-03-24
ac19e71da590af0a_780,ac19e71da590af0a,R114792-03,W118892,AB24ROOM,35,-25,0,1,PASS,1,1,72,0,780,0,2026-03-24T15:11:43Z,2026-03-24
ac19e71da590af0a_781,ac19e71da590af0a,R114792-03,W118892,AB24ROOM,36,-25,0,1,PASS,1,1,72,0,781,0,2026-03-24T15:11:43Z,2026-03-24
ac19e71da590af0a_782,ac19e71da590af0a,R114792-03,W118892,AB24ROOM,37,-25,0,1,PASS,1,1,72,0,782,0,2026-03-24T15:11:43Z,2026-03-24
ac19e71da590af0a_783,ac19e71da590af0a,R114792-03,W118892,AB24ROOM,38,-25,0,1,PASS,1,1,72,0,783,0,2026-03-24T15:11:43Z,2026-03-24
ac19e71da590af0a_784,ac19e71da590af0a,R114792-03,W118892,AB24ROOM,39,-25,0,1,PASS,1,1,74,0,784,0,2026-03-24T15:11:43Z,2026-03-24
ac19e71da590af0a_785,ac19e71da590af0a,R114792-03,W118892,AB24ROOM,40,-25,0,1,PASS,1,1,72,0,785,0,2026-03-24T15:11:43Z,2026-03-24
ac19e71da590af0a_786,ac19e71da590af0a,R114792-03,W118892,AB24ROOM,41,-25,0,1,FAIL,20,20,62,0,786,0,2026-03-24T15:11:43Z,2026-03-24
ac19e71da590af0a_787,ac19e71da590af0a,R114792-03,W118892,AB24ROOM,42,-25,0,1,FAIL,20,20,64,0,787,0,2026-03-24T15:11:43Z,2026-03-24
ac19e71da590af0a_788,ac19e71da590af0a,R114792-03,W118892,AB24ROOM,43,-25,0,1,PASS,1,1,74,0,788,0,2026-03-24T15:11:43Z,2026-03-24
ac19e71da590af0a_789,ac19e71da590af0a,R114792-03,W118892,AB24ROOM,44,-25,0,1,PASS,1,1,72,0,789,0,2026-03-24T15:11:43Z,2026-03-24
ac19e71da590af0a_790,ac19e71da590af0a,R114792-03,W118892,AB24ROOM,45,-25,0,1,PASS,1,1,72,0,790,0,2026-03-24T15:11:43Z,2026-03-24
ac19e71da590af0a_791,ac19e71da590af0a,R114792-03,W118892,AB24ROOM,45,-26,0,1,PASS,1,1,72,0,791,0,2026-03-24T15:11:43Z,2026-03-24
ac19e71da590af0a_792,ac19e71da590af0a,R114792-03,W118892,AB24ROOM,44,-26,0,1,PASS,1,1,72,0,792,0,2026-03-24T15:11:43Z,2026-03-24
ac19e71da590af0a_793,ac19e71da590af0a,R114792-03,W118892,AB24ROOM,43,-26,0,1,PASS,1,1,72,0,793,0,2026-03-24T15:11:43Z,2026-03-24
ac19e71da590af0a_794,ac19e71da590af0a,R114792-03,W118892,AB24ROOM,42,-26,0,1,PASS,1,1,74,0,794,0,2026-03-24T15:11:43Z,2026-03-24
ac19e71da590af0a_795,ac19e71da590af0a,R114792-03,W118892,AB24ROOM,41,-26,0,1,PASS,1,1,72,0,795,0,2026-03-24T15:11:43Z,2026-03-24
ac19e71da590af0a_796,ac19e71da590af0a,R114792-03,W118892,AB24ROOM,40,-26,0,1,PASS,1,1,72,0,796,0,2026-03-24T15:11:43Z,2026-03-24
ac19e71da590af0a_797,ac19e71da590af0a,R114792-03,W118892,AB24ROOM,39,-26,0,1,PASS,1,1,72,0,797,0,2026-03-24T15:11:43Z,2026-03-24
ac19e71da590af0a_798,ac19e71da590af0a,R114792-03,W118892,AB24ROOM,38,-26,0,1,PASS,1,1,72,0,798,0,2026-03-24T15:11:43Z,2026-03-24
ac19e71da590af0a_799,ac19e71da590af0a,R114792-03,W118892,AB24ROOM,37,-26,0,1,PASS,1,1,72,0,799,0,2026-03-24T15:11:43Z,2026-03-24
ac19e71da590af0a_800,ac19e71da590af0a,R114792-03,W118892,AB24ROOM,36,-26,0,1,PASS,1,1,74,0,800,0,2026-03-24T15:11:43Z,2026-03-24
ac19e71da590af0a_801,ac19e71da590af0a,R114792-03,W118892,AB24ROOM,35,-26,0,1,PASS,1,1,72,0,801,0,2026-03-24T15:11:43Z,2026-03-24
ac19e71da590af0a_802,ac19e71da590af0a,R114792-03,W118892,AB24ROOM,34,-26,0,1,PASS,1,1,72,0,802,0,2026-03-24T15:11:43Z,2026-03-24
ac19e71da590af0a_803,ac19e71da590af0a,R114792-03,W118892,AB24ROOM,33,-26,0,1,PASS,1,1,72,0,803,0,2026-03-24T15:11:43Z,2026-03-24
ac19e71da590af0a_804,ac19e71da590af0a,R114792-03,W118892,AB24ROOM,32,-26,0,1,PASS,1,1,72,0,804,0,2026-03-24T15:11:43Z,2026-03-24
ac19e71da590af0a_805,ac19e71da590af0a,R114792-03,W118892,AB24ROOM,31,-26,0,1,PASS,1,1,72,0,805,0,2026-03-24T15:11:43Z,2026-03-24
ac19e71da590af0a_806,ac19e71da590af0a,R114792-03,W118892,AB24ROOM,30,-26,0,1,PASS,1,1,56,0,806,0,2026-03-24T15:11:43Z,2026-03-24
ac19e71da590af0a_807,ac19e71da590af0a,R114792-03,W118892,AB24ROOM,29,-26,0,1,PASS,1,1,72,0,807,0,2026-03-24T15:11:43Z,2026-03-24
ac19e71da590af0a_808,ac19e71da590af0a,R114792-03,W118892,AB24ROOM,28,-26,0,1,PASS,1,1,72,0,808,0,2026-03-24T15:11:43Z,2026-03-24
ac19e71da590af0a_809,ac19e71da590af0a,R114792-03,W118892,AB24ROOM,27,-26,0,1,PASS,1,1,72,0,809,0,2026-03-24T15:11:43Z,2026-03-24
ac19e71da590af0a_810,ac19e71da590af0a,R114792-03,W118892,AB24ROOM,26,-26,0,1,PASS,1,1,72,0,810,0,2026-03-24T15:11:43Z,2026-03-24
ac19e71da590af0a_811,ac19e71da590af0a,R114792-03,W118892,AB24ROOM,25,-26,0,1,PASS,1,1,72,0,811,0,2026-03-24T15:11:43Z,2026-03-24
ac19e71da590af0a_812,ac19e71da590af0a,R114792-03,W118892,AB24ROOM,24,-26,0,1,PASS,1,1,74,0,812,0,2026-03-24T15:11:43Z,2026-03-24
ac19e71da590af0a_813,ac19e71da590af0a,R114792-03,W118892,AB24ROOM,23,-26,0,1,PASS,1,1,72,0,813,0,2026-03-24T15:11:43Z,2026-03-24
ac19e71da590af0a_814,ac19e71da590af0a,R114792-03,W118892,AB24ROOM,22,-26,0,1,PASS,1,1,72,0,814,0,2026-03-24T15:11:43Z,2026-03-24
ac19e71da590af0a_815,ac19e71da590af0a,R114792-03,W118892,AB24ROOM,21,-26,0,1,PASS,1,1,72,0,815,0,2026-03-24T15:11:43Z,2026-03-24
ac19e71da590af0a_816,ac19e71da590af0a,R114792-03,W118892,AB24ROOM,20,-26,0,1,FAIL,20,20,62,0,816,0,2026-03-24T15:11:43Z,2026-03-24
ac19e71da590af0a_817,ac19e71da590af0a,R114792-03,W118892,AB24ROOM,19,-26,0,1,PASS,1,1,74,0,817,0,2026-03-24T15:11:43Z,2026-03-24
ac19e71da590af0a_818,ac19e71da590af0a,R114792-03,W118892,AB24ROOM,18,-26,0,1,PASS,1,1,72,0,818,0,2026-03-24T15:11:43Z,2026-03-24
ac19e71da590af0a_819,ac19e71da590af0a,R114792-03,W118892,AB24ROOM,17,-26,0,1,PASS,1,1,72,0,819,0,2026-03-24T15:11:43Z,2026-03-24
ac19e71da590af0a_820,ac19e71da590af0a,R114792-03,W118892,AB24ROOM,16,-26,0,1,PASS,1,1,72,0,820,0,2026-03-24T15:11:43Z,2026-03-24
ac19e71da590af0a_821,ac19e71da590af0a,R114792-03,W118892,AB24ROOM,15,-26,0,1,PASS,1,1,72,0,821,0,2026-03-24T15:11:43Z,2026-03-24
ac19e71da590af0a_822,ac19e71da590af0a,R114792-03,W118892,AB24ROOM,14,-26,0,1,PASS,1,1,72,0,822,0,2026-03-24T15:11:43Z,2026-03-24
ac19e71da590af0a_823,ac19e71da590af0a,R114792-03,W118892,AB24ROOM,13,-26,0,1,PASS,1,1,74,0,823,0,2026-03-24T15:11:43Z,2026-03-24
ac19e71da590af0a_824,ac19e71da590af0a,R114792-03,W118892,AB24ROOM,12,-26,0,1,PASS,1,1,72,0,824,0,2026-03-24T15:11:43Z,2026-03-24
ac19e71da590af0a_825,ac19e71da590af0a,R114792-03,W118892,AB24ROOM,11,-26,0,1,PASS,1,1,72,0,825,0,2026-03-24T15:11:43Z,2026-03-24
ac19e71da590af0a_826,ac19e71da590af0a,R114792-03,W118892,AB24ROOM,10,-26,0,1,PASS,1,1,72,0,826,0,2026-03-24T15:11:43Z,2026-03-24
ac19e71da590af0a_827,ac19e71da590af0a,R114792-03,W118892,AB24ROOM,9,-26,0,1,PASS,1,1,72,0,827,0,2026-03-24T15:11:43Z,2026-03-24
ac19e71da590af0a_828,ac19e71da590af0a,R114792-03,W118892,AB24ROOM,8,-26,0,1,PASS,1,1,72,0,828,0,2026-03-24T15:11:43Z,2026-03-24
ac19e71da590af0a_829,ac19e71da590af0a,R114792-03,W118892,AB24ROOM,7,-26,0,1,PASS,1,1,74,0,829,0,2026-03-24T15:11:43Z,2026-03-24
ac19e71da590af0a_830,ac19e71da590af0a,R114792-03,W118892,AB24ROOM,6,-26,0,1,PASS,1,1,72,0,830,0,2026-03-24T15:11:43Z,2026-03-24
ac19e71da590af0a_831,ac19e71da590af0a,R114792-03,W118892,AB24ROOM,5,-26,0,1,PASS,1,1,72,0,831,0,2026-03-24T15:11:43Z,2026-03-24
ac19e71da590af0a_832,ac19e71da590af0a,R114792-03,W118892,AB24ROOM,4,-26,0,1,FAIL,17,17,61,0,832,0,2026-03-24T15:11:43Z,2026-03-24
ac19e71da590af0a_833,ac19e71da590af0a,R114792-03,W118892,AB24ROOM,4,-27,0,1,PASS,1,1,74,0,833,0,2026-03-24T15:11:43Z,2026-03-24
ac19e71da590af0a_834,ac19e71da590af0a,R114792-03,W118892,AB24ROOM,5,-27,0,1,PASS,1,1,72,0,834,0,2026-03-24T15:11:43Z,2026-03-24
ac19e71da590af0a_835,ac19e71da590af0a,R114792-03,W118892,AB24ROOM,6,-27,0,1,PASS,1,1,72,0,835,0,2026-03-24T15:11:43Z,2026-03-24
ac19e71da590af0a_836,ac19e71da590af0a,R114792-03,W118892,AB24ROOM,7,-27,0,1,FAIL,20,20,62,0,836,0,2026-03-24T15:11:43Z,2026-03-24
ac19e71da590af0a_837,ac19e71da590af0a,R114792-03,W118892,AB24ROOM,8,-27,0,1,PASS,1,1,74,0,837,0,2026-03-24T15:11:43Z,2026-03-24
ac19e71da590af0a_838,ac19e71da590af0a,R114792-03,W118892,AB24ROOM,9,-27,0,1,PASS,1,1,72,0,838,0,2026-03-24T15:11:43Z,2026-03-24
ac19e71da590af0a_839,ac19e71da590af0a,R114792-03,W118892,AB24ROOM,10,-27,0,1,PASS,1,1,72,0,839,0,2026-03-24T15:11:43Z,2026-03-24
ac19e71da590af0a_840,ac19e71da590af0a,R114792-03,W118892,AB24ROOM,11,-27,0,1,PASS,1,1,72,0,840,0,2026-03-24T15:11:43Z,2026-03-24
ac19e71da590af0a_841,ac19e71da590af0a,R114792-03,W118892,AB24ROOM,12,-27,0,1,PASS,1,1,72,0,841,0,2026-03-24T15:11:43Z,2026-03-24
ac19e71da590af0a_842,ac19e71da590af0a,R114792-03,W118892,AB24ROOM,13,-27,0,1,PASS,1,1,72,0,842,0,2026-03-24T15:11:43Z,2026-03-24
ac19e71da590af0a_843,ac19e71da590af0a,R114792-03,W118892,AB24ROOM,14,-27,0,1,PASS,1,1,74,0,843,0,2026-03-24T15:11:43Z,2026-03-24
ac19e71da590af0a_844,ac19e71da590af0a,R114792-03,W118892,AB24ROOM,15,-27,0,1,PASS,1,1,72,0,844,0,2026-03-24T15:11:43Z,2026-03-24
ac19e71da590af0a_845,ac19e71da590af0a,R114792-03,W118892,AB24ROOM,16,-27,0,1,PASS,1,1,72,0,845,0,2026-03-24T15:11:43Z,2026-03-24
ac19e71da590af0a_846,ac19e71da590af0a,R114792-03,W118892,AB24ROOM,17,-27,0,1,PASS,1,1,72,0,846,0,2026-03-24T15:11:43Z,2026-03-24
ac19e71da590af0a_847,ac19e71da590af0a,R114792-03,W118892,AB24ROOM,18,-27,0,1,PASS,1,1,72,0,847,0,2026-03-24T15:11:43Z,2026-03-24
ac19e71da590af0a_848,ac19e71da590af0a,R114792-03,W118892,AB24ROOM,19,-27,0,1,FAIL,2,2,51,0,848,0,2026-03-24T15:11:43Z,2026-03-24
ac19e71da590af0a_849,ac19e71da590af0a,R114792-03,W118892,AB24ROOM,20,-27,0,1,PASS,1,1,74,0,849,0,2026-03-24T15:11:43Z,2026-03-24
ac19e71da590af0a_850,ac19e71da590af0a,R114792-03,W118892,AB24ROOM,21,-27,0,1,PASS,1,1,72,0,850,0,2026-03-24T15:11:43Z,2026-03-24
ac19e71da590af0a_851,ac19e71da590af0a,R114792-03,W118892,AB24ROOM,22,-27,0,1,FAIL,8,8,32,0,851,0,2026-03-24T15:11:43Z,2026-03-24
ac19e71da590af0a_852,ac19e71da590af0a,R114792-03,W118892,AB24ROOM,23,-27,0,1,PASS,1,1,74,0,852,0,2026-03-24T15:11:43Z,2026-03-24
ac19e71da590af0a_853,ac19e71da590af0a,R114792-03,W118892,AB24ROOM,24,-27,0,1,PASS,1,1,72,0,853,0,2026-03-24T15:11:43Z,2026-03-24
ac19e71da590af0a_854,ac19e71da590af0a,R114792-03,W118892,AB24ROOM,25,-27,0,1,PASS,1,1,72,0,854,0,2026-03-24T15:11:43Z,2026-03-24
ac19e71da590af0a_855,ac19e71da590af0a,R114792-03,W118892,AB24ROOM,26,-27,0,1,FAIL,20,20,62,0,855,0,2026-03-24T15:11:43Z,2026-03-24
ac19e71da590af0a_856,ac19e71da590af0a,R114792-03,W118892,AB24ROOM,27,-27,0,1,PASS,1,1,74,0,856,0,2026-03-24T15:11:43Z,2026-03-24
ac19e71da590af0a_857,ac19e71da590af0a,R114792-03,W118892,AB24ROOM,28,-27,0,1,FAIL,20,20,44,0,857,0,2026-03-24T15:11:43Z,2026-03-24
ac19e71da590af0a_858,ac19e71da590af0a,R114792-03,W118892,AB24ROOM,29,-27,0,1,FAIL,8,8,32,0,858,0,2026-03-24T15:11:43Z,2026-03-24
ac19e71da590af0a_859,ac19e71da590af0a,R114792-03,W118892,AB24ROOM,30,-27,0,1,PASS,1,1,74,0,859,0,2026-03-24T15:11:43Z,2026-03-24
ac19e71da590af0a_860,ac19e71da590af0a,R114792-03,W118892,AB24ROOM,31,-27,0,1,PASS,1,1,72,0,860,0,2026-03-24T15:11:43Z,2026-03-24
ac19e71da590af0a_861,ac19e71da590af0a,R114792-03,W118892,AB24ROOM,32,-27,0,1,PASS,1,1,72,0,861,0,2026-03-24T15:11:43Z,2026-03-24
ac19e71da590af0a_862,ac19e71da590af0a,R114792-03,W118892,AB24ROOM,33,-27,0,1,PASS,1,1,72,0,862,0,2026-03-24T15:11:43Z,2026-03-24
ac19e71da590af0a_863,ac19e71da590af0a,R114792-03,W118892,AB24ROOM,34,-27,0,1,PASS,1,1,72,0,863,0,2026-03-24T15:11:43Z,2026-03-24
ac19e71da590af0a_864,ac19e71da590af0a,R114792-03,W118892,AB24ROOM,35,-27,0,1,PASS,1,1,72,0,864,0,2026-03-24T15:11:43Z,2026-03-24
ac19e71da590af0a_865,ac19e71da590af0a,R114792-03,W118892,AB24ROOM,36,-27,0,1,PASS,1,1,74,0,865,0,2026-03-24T15:11:43Z,2026-03-24
ac19e71da590af0a_866,ac19e71da590af0a,R114792-03,W118892,AB24ROOM,37,-27,0,1,PASS,1,1,72,0,866,0,2026-03-24T15:11:43Z,2026-03-24
ac19e71da590af0a_867,ac19e71da590af0a,R114792-03,W118892,AB24ROOM,38,-27,0,1,PASS,1,1,72,0,867,0,2026-03-24T15:11:43Z,2026-03-24
ac19e71da590af0a_868,ac19e71da590af0a,R114792-03,W118892,AB24ROOM,39,-27,0,1,PASS,1,1,72,0,868,0,2026-03-24T15:11:43Z,2026-03-24
ac19e71da590af0a_869,ac19e71da590af0a,R114792-03,W118892,AB24ROOM,40,-27,0,1,PASS,1,1,72,0,869,0,2026-03-24T15:11:43Z,2026-03-24
ac19e71da590af0a_870,ac19e71da590af0a,R114792-03,W118892,AB24ROOM,41,-27,0,1,PASS,1,1,72,0,870,0,2026-03-24T15:11:43Z,2026-03-24
ac19e71da590af0a_871,ac19e71da590af0a,R114792-03,W118892,AB24ROOM,42,-27,0,1,PASS,1,1,74,0,871,0,2026-03-24T15:11:43Z,2026-03-24
ac19e71da590af0a_872,ac19e71da590af0a,R114792-03,W118892,AB24ROOM,43,-27,0,1,PASS,1,1,72,0,872,0,2026-03-24T15:11:43Z,2026-03-24
ac19e71da590af0a_873,ac19e71da590af0a,R114792-03,W118892,AB24ROOM,44,-27,0,1,PASS,1,1,72,0,873,0,2026-03-24T15:11:43Z,2026-03-24
ac19e71da590af0a_874,ac19e71da590af0a,R114792-03,W118892,AB24ROOM,45,-27,0,1,PASS,1,1,72,0,874,0,2026-03-24T15:11:43Z,2026-03-24
ac19e71da590af0a_875,ac19e71da590af0a,R114792-03,W118892,AB24ROOM,45,-28,0,1,PASS,1,1,72,0,875,0,2026-03-24T15:11:43Z,2026-03-24
ac19e71da590af0a_876,ac19e71da590af0a,R114792-03,W118892,AB24ROOM,44,-28,0,1,PASS,1,1,72,0,876,0,2026-03-24T15:11:43Z,2026-03-24
ac19e71da590af0a_877,ac19e71da590af0a,R114792-03,W118892,AB24ROOM,43,-28,0,1,PASS,1,1,74,0,877,0,2026-03-24T15:11:43Z,2026-03-24
ac19e71da590af0a_878,ac19e71da590af0a,R114792-03,W118892,AB24ROOM,42,-28,0,1,PASS,1,1,72,0,878,0,2026-03-24T15:11:43Z,2026-03-24
ac19e71da590af0a_879,ac19e71da590af0a,R114792-03,W118892,AB24ROOM,41,-28,0,1,FAIL,8,8,32,0,879,0,2026-03-24T15:11:43Z,2026-03-24
ac19e71da590af0a_880,ac19e71da590af0a,R114792-03,W118892,AB24ROOM,40,-28,0,1,PASS,1,1,74,0,880,0,2026-03-24T15:11:43Z,2026-03-24
ac19e71da590af0a_881,ac19e71da590af0a,R114792-03,W118892,AB24ROOM,39,-28,0,1,PASS,1,1,72,0,881,0,2026-03-24T15:11:43Z,2026-03-24
ac19e71da590af0a_882,ac19e71da590af0a,R114792-03,W118892,AB24ROOM,38,-28,0,1,PASS,1,1,72,0,882,0,2026-03-24T15:11:43Z,2026-03-24
ac19e71da590af0a_883,ac19e71da590af0a,R114792-03,W118892,AB24ROOM,37,-28,0,1,PASS,1,1,72,0,883,0,2026-03-24T15:11:43Z,2026-03-24
ac19e71da590af0a_884,ac19e71da590af0a,R114792-03,W118892,AB24ROOM,36,-28,0,1,PASS,1,1,72,0,884,0,2026-03-24T15:11:43Z,2026-03-24
ac19e71da590af0a_885,ac19e71da590af0a,R114792-03,W118892,AB24ROOM,35,-28,0,1,PASS,1,1,72,0,885,0,2026-03-24T15:11:43Z,2026-03-24
ac19e71da590af0a_886,ac19e71da590af0a,R114792-03,W118892,AB24ROOM,34,-28,0,1,PASS,1,1,74,0,886,0,2026-03-24T15:11:43Z,2026-03-24
ac19e71da590af0a_887,ac19e71da590af0a,R114792-03,W118892,AB24ROOM,33,-28,0,1,PASS,1,1,72,0,887,0,2026-03-24T15:11:43Z,2026-03-24
ac19e71da590af0a_888,ac19e71da590af0a,R114792-03,W118892,AB24ROOM,32,-28,0,1,PASS,1,1,72,0,888,0,2026-03-24T15:11:43Z,2026-03-24
ac19e71da590af0a_889,ac19e71da590af0a,R114792-03,W118892,AB24ROOM,31,-28,0,1,PASS,1,1,72,0,889,0,2026-03-24T15:11:43Z,2026-03-24
ac19e71da590af0a_890,ac19e71da590af0a,R114792-03,W118892,AB24ROOM,30,-28,0,1,PASS,1,1,72,0,890,0,2026-03-24T15:11:43Z,2026-03-24
ac19e71da590af0a_891,ac19e71da590af0a,R114792-03,W118892,AB24ROOM,29,-28,0,1,PASS,1,1,54,0,891,0,2026-03-24T15:11:43Z,2026-03-24
ac19e71da590af0a_892,ac19e71da590af0a,R114792-03,W118892,AB24ROOM,28,-28,0,1,PASS,1,1,74,0,892,0,2026-03-24T15:11:43Z,2026-03-24
ac19e71da590af0a_893,ac19e71da590af0a,R114792-03,W118892,AB24ROOM,27,-28,0,1,PASS,1,1,72,0,893,0,2026-03-24T15:11:43Z,2026-03-24
ac19e71da590af0a_894,ac19e71da590af0a,R114792-03,W118892,AB24ROOM,26,-28,0,1,PASS,1,1,72,0,894,0,2026-03-24T15:11:43Z,2026-03-24
ac19e71da590af0a_895,ac19e71da590af0a,R114792-03,W118892,AB24ROOM,25,-28,0,1,PASS,1,1,72,0,895,0,2026-03-24T15:11:43Z,2026-03-24
ac19e71da590af0a_896,ac19e71da590af0a,R114792-03,W118892,AB24ROOM,24,-28,0,1,PASS,1,1,72,0,896,0,2026-03-24T15:11:43Z,2026-03-24
ac19e71da590af0a_897,ac19e71da590af0a,R114792-03,W118892,AB24ROOM,23,-28,0,1,PASS,1,1,72,0,897,0,2026-03-24T15:11:43Z,2026-03-24
ac19e71da590af0a_898,ac19e71da590af0a,R114792-03,W118892,AB24ROOM,22,-28,0,1,PASS,1,1,74,0,898,0,2026-03-24T15:11:43Z,2026-03-24
ac19e71da590af0a_899,ac19e71da590af0a,R114792-03,W118892,AB24ROOM,21,-28,0,1,PASS,1,1,72,0,899,0,2026-03-24T15:11:43Z,2026-03-24
ac19e71da590af0a_900,ac19e71da590af0a,R114792-03,W118892,AB24ROOM,20,-28,0,1,PASS,1,1,72,0,900,0,2026-03-24T15:11:43Z,2026-03-24
ac19e71da590af0a_901,ac19e71da590af0a,R114792-03,W118892,AB24ROOM,19,-28,0,1,PASS,1,1,72,0,901,0,2026-03-24T15:11:43Z,2026-03-24
ac19e71da590af0a_902,ac19e71da590af0a,R114792-03,W118892,AB24ROOM,18,-28,0,1,PASS,1,1,72,0,902,0,2026-03-24T15:11:43Z,2026-03-24
ac19e71da590af0a_903,ac19e71da590af0a,R114792-03,W118892,AB24ROOM,17,-28,0,1,PASS,1,1,72,0,903,0,2026-03-24T15:11:43Z,2026-03-24
ac19e71da590af0a_904,ac19e71da590af0a,R114792-03,W118892,AB24ROOM,16,-28,0,1,PASS,1,1,74,0,904,0,2026-03-24T15:11:43Z,2026-03-24
ac19e71da590af0a_905,ac19e71da590af0a,R114792-03,W118892,AB24ROOM,15,-28,0,1,FAIL,20,20,62,0,905,0,2026-03-24T15:11:43Z,2026-03-24
ac19e71da590af0a_906,ac19e71da590af0a,R114792-03,W118892,AB24ROOM,14,-28,0,1,PASS,1,1,74,0,906,0,2026-03-24T15:11:43Z,2026-03-24
ac19e71da590af0a_907,ac19e71da590af0a,R114792-03,W118892,AB24ROOM,13,-28,0,1,PASS,1,1,72,0,907,0,2026-03-24T15:11:43Z,2026-03-24
ac19e71da590af0a_908,ac19e71da590af0a,R114792-03,W118892,AB24ROOM,12,-28,0,1,PASS,1,1,72,0,908,0,2026-03-24T15:11:43Z,2026-03-24
ac19e71da590af0a_909,ac19e71da590af0a,R114792-03,W118892,AB24ROOM,11,-28,0,1,PASS,1,1,72,0,909,0,2026-03-24T15:11:43Z,2026-03-24
ac19e71da590af0a_910,ac19e71da590af0a,R114792-03,W118892,AB24ROOM,10,-28,0,1,PASS,1,1,72,0,910,0,2026-03-24T15:11:43Z,2026-03-24
ac19e71da590af0a_911,ac19e71da590af0a,R114792-03,W118892,AB24ROOM,9,-28,0,1,PASS,1,1,72,0,911,0,2026-03-24T15:11:43Z,2026-03-24
ac19e71da590af0a_912,ac19e71da590af0a,R114792-03,W118892,AB24ROOM,8,-28,0,1,PASS,1,1,74,0,912,0,2026-03-24T15:11:43Z,2026-03-24
ac19e71da590af0a_913,ac19e71da590af0a,R114792-03,W118892,AB24ROOM,7,-28,0,1,PASS,1,1,72,0,913,0,2026-03-24T15:11:43Z,2026-03-24
ac19e71da590af0a_914,ac19e71da590af0a,R114792-03,W118892,AB24ROOM,6,-28,0,1,PASS,1,1,72,0,914,0,2026-03-24T15:11:43Z,2026-03-24
ac19e71da590af0a_915,ac19e71da590af0a,R114792-03,W118892,AB24ROOM,5,-28,0,1,PASS,1,1,72,0,915,0,2026-03-24T15:11:43Z,2026-03-24
ac19e71da590af0a_916,ac19e71da590af0a,R114792-03,W118892,AB24ROOM,4,-28,0,1,FAIL,17,17,61,0,916,0,2026-03-24T15:11:43Z,2026-03-24
ac19e71da590af0a_917,ac19e71da590af0a,R114792-03,W118892,AB24ROOM,4,-29,0,1,FAIL,8,8,32,0,917,0,2026-03-24T15:11:43Z,2026-03-24
ac19e71da590af0a_918,ac19e71da590af0a,R114792-03,W118892,AB24ROOM,5,-29,0,1,FAIL,8,8,29,0,918,0,2026-03-24T15:11:43Z,2026-03-24
ac19e71da590af0a_919,ac19e71da590af0a,R114792-03,W118892,AB24ROOM,6,-29,0,1,PASS,1,1,74,0,919,0,2026-03-24T15:11:43Z,2026-03-24
ac19e71da590af0a_920,ac19e71da590af0a,R114792-03,W118892,AB24ROOM,7,-29,0,1,PASS,1,1,72,0,920,0,2026-03-24T15:11:43Z,2026-03-24
ac19e71da590af0a_921,ac19e71da590af0a,R114792-03,W118892,AB24ROOM,8,-29,0,1,PASS,1,1,72,0,921,0,2026-03-24T15:11:43Z,2026-03-24
ac19e71da590af0a_922,ac19e71da590af0a,R114792-03,W118892,AB24ROOM,9,-29,0,1,PASS,1,1,72,0,922,0,2026-03-24T15:11:43Z,2026-03-24
ac19e71da590af0a_923,ac19e71da590af0a,R114792-03,W118892,AB24ROOM,10,-29,0,1,PASS,1,1,72,0,923,0,2026-03-24T15:11:43Z,2026-03-24
ac19e71da590af0a_924,ac19e71da590af0a,R114792-03,W118892,AB24ROOM,11,-29,0,1,PASS,1,1,72,0,924,0,2026-03-24T15:11:43Z,2026-03-24
ac19e71da590af0a_925,ac19e71da590af0a,R114792-03,W118892,AB24ROOM,12,-29,0,1,PASS,1,1,56,0,925,0,2026-03-24T15:11:43Z,2026-03-24
ac19e71da590af0a_926,ac19e71da590af0a,R114792-03,W118892,AB24ROOM,13,-29,0,1,PASS,1,1,72,0,926,0,2026-03-24T15:11:43Z,2026-03-24
ac19e71da590af0a_927,ac19e71da590af0a,R114792-03,W118892,AB24ROOM,14,-29,0,1,PASS,1,1,72,0,927,0,2026-03-24T15:11:43Z,2026-03-24
ac19e71da590af0a_928,ac19e71da590af0a,R114792-03,W118892,AB24ROOM,15,-29,0,1,PASS,1,1,72,0,928,0,2026-03-24T15:11:43Z,2026-03-24
ac19e71da590af0a_929,ac19e71da590af0a,R114792-03,W118892,AB24ROOM,16,-29,0,1,PASS,1,1,72,0,929,0,2026-03-24T15:11:43Z,2026-03-24
ac19e71da590af0a_930,ac19e71da590af0a,R114792-03,W118892,AB24ROOM,17,-29,0,1,FAIL,8,8,32,0,930,0,2026-03-24T15:11:43Z,2026-03-24
ac19e71da590af0a_931,ac19e71da590af0a,R114792-03,W118892,AB24ROOM,18,-29,0,1,PASS,1,1,74,0,931,0,2026-03-24T15:11:43Z,2026-03-24
ac19e71da590af0a_932,ac19e71da590af0a,R114792-03,W118892,AB24ROOM,19,-29,0,1,PASS,1,1,72,0,932,0,2026-03-24T15:11:43Z,2026-03-24
ac19e71da590af0a_933,ac19e71da590af0a,R114792-03,W118892,AB24ROOM,20,-29,0,1,PASS,1,1,72,0,933,0,2026-03-24T15:11:43Z,2026-03-24
ac19e71da590af0a_934,ac19e71da590af0a,R114792-03,W118892,AB24ROOM,21,-29,0,1,FAIL,8,8,32,0,934,0,2026-03-24T15:11:43Z,2026-03-24
ac19e71da590af0a_935,ac19e71da590af0a,R114792-03,W118892,AB24ROOM,22,-29,0,1,PASS,1,1,74,0,935,0,2026-03-24T15:11:43Z,2026-03-24
ac19e71da590af0a_936,ac19e71da590af0a,R114792-03,W118892,AB24ROOM,23,-29,0,1,PASS,1,1,72,0,936,0,2026-03-24T15:11:43Z,2026-03-24
ac19e71da590af0a_937,ac19e71da590af0a,R114792-03,W118892,AB24ROOM,24,-29,0,1,PASS,1,1,72,0,937,0,2026-03-24T15:11:43Z,2026-03-24
ac19e71da590af0a_938,ac19e71da590af0a,R114792-03,W118892,AB24ROOM,25,-29,0,1,PASS,1,1,72,0,938,0,2026-03-24T15:11:43Z,2026-03-24
ac19e71da590af0a_939,ac19e71da590af0a,R114792-03,W118892,AB24ROOM,26,-29,0,1,PASS,1,1,72,0,939,0,2026-03-24T15:11:43Z,2026-03-24
ac19e71da590af0a_940,ac19e71da590af0a,R114792-03,W118892,AB24ROOM,27,-29,0,1,PASS,1,1,72,0,940,0,2026-03-24T15:11:43Z,2026-03-24
ac19e71da590af0a_941,ac19e71da590af0a,R114792-03,W118892,AB24ROOM,28,-29,0,1,PASS,1,1,74,0,941,0,2026-03-24T15:11:43Z,2026-03-24
ac19e71da590af0a_942,ac19e71da590af0a,R114792-03,W118892,AB24ROOM,29,-29,0,1,PASS,1,1,72,0,942,0,2026-03-24T15:11:43Z,2026-03-24
ac19e71da590af0a_943,ac19e71da590af0a,R114792-03,W118892,AB24ROOM,30,-29,0,1,FAIL,20,20,62,0,943,0,2026-03-24T15:11:43Z,2026-03-24
ac19e71da590af0a_944,ac19e71da590af0a,R114792-03,W118892,AB24ROOM,31,-29,0,1,PASS,1,1,74,0,944,0,2026-03-24T15:11:43Z,2026-03-24
ac19e71da590af0a_945,ac19e71da590af0a,R114792-03,W118892,AB24ROOM,32,-29,0,1,FAIL,20,20,62,0,945,0,2026-03-24T15:11:43Z,2026-03-24
ac19e71da590af0a_946,ac19e71da590af0a,R114792-03,W118892,AB24ROOM,33,-29,0,1,PASS,1,1,74,0,946,0,2026-03-24T15:11:43Z,2026-03-24
ac19e71da590af0a_947,ac19e71da590af0a,R114792-03,W118892,AB24ROOM,34,-29,0,1,PASS,1,1,72,0,947,0,2026-03-24T15:11:43Z,2026-03-24
ac19e71da590af0a_948,ac19e71da590af0a,R114792-03,W118892,AB24ROOM,35,-29,0,1,PASS,1,1,72,0,948,0,2026-03-24T15:11:43Z,2026-03-24
ac19e71da590af0a_949,ac19e71da590af0a,R114792-03,W118892,AB24ROOM,36,-29,0,1,FAIL,8,8,32,0,949,0,2026-03-24T15:11:43Z,2026-03-24
ac19e71da590af0a_950,ac19e71da590af0a,R114792-03,W118892,AB24ROOM,37,-29,0,1,PASS,1,1,74,0,950,0,2026-03-24T15:11:43Z,2026-03-24
ac19e71da590af0a_951,ac19e71da590af0a,R114792-03,W118892,AB24ROOM,38,-29,0,1,PASS,1,1,72,0,951,0,2026-03-24T15:11:43Z,2026-03-24
ac19e71da590af0a_952,ac19e71da590af0a,R114792-03,W118892,AB24ROOM,39,-29,0,1,PASS,1,1,72,0,952,0,2026-03-24T15:11:43Z,2026-03-24
ac19e71da590af0a_953,ac19e71da590af0a,R114792-03,W118892,AB24ROOM,40,-29,0,1,PASS,1,1,72,0,953,0,2026-03-24T15:11:43Z,2026-03-24
ac19e71da590af0a_954,ac19e71da590af0a,R114792-03,W118892,AB24ROOM,41,-29,0,1,PASS,1,1,72,0,954,0,2026-03-24T15:11:43Z,2026-03-24
ac19e71da590af0a_955,ac19e71da590af0a,R114792-03,W118892,AB24ROOM,42,-29,0,1,FAIL,20,20,62,0,955,0,2026-03-24T15:11:43Z,2026-03-24
ac19e71da590af0a_956,ac19e71da590af0a,R114792-03,W118892,AB24ROOM,43,-29,0,1,PASS,1,1,74,0,956,0,2026-03-24T15:11:43Z,2026-03-24
ac19e71da590af0a_957,ac19e71da590af0a,R114792-03,W118892,AB24ROOM,44,-29,0,1,PASS,1,1,72,0,957,0,2026-03-24T15:11:43Z,2026-03-24
ac19e71da590af0a_958,ac19e71da590af0a,R114792-03,W118892,AB24ROOM,45,-29,0,1,PASS,1,1,72,0,958,0,2026-03-24T15:11:43Z,2026-03-24
ac19e71da590af0a_959,ac19e71da590af0a,R114792-03,W118892,AB24ROOM,45,-30,0,1,PASS,1,1,72,0,959,0,2026-03-24T15:11:43Z,2026-03-24
ac19e71da590af0a_960,ac19e71da590af0a,R114792-03,W118892,AB24ROOM,44,-30,0,1,PASS,1,1,72,0,960,0,2026-03-24T15:11:43Z,2026-03-24
ac19e71da590af0a_961,ac19e71da590af0a,R114792-03,W118892,AB24ROOM,43,-30,0,1,PASS,1,1,72,0,961,0,2026-03-24T15:11:43Z,2026-03-24
ac19e71da590af0a_962,ac19e71da590af0a,R114792-03,W118892,AB24ROOM,42,-30,0,1,PASS,1,1,74,0,962,0,2026-03-24T15:11:43Z,2026-03-24
ac19e71da590af0a_963,ac19e71da590af0a,R114792-03,W118892,AB24ROOM,41,-30,0,1,PASS,1,1,72,0,963,0,2026-03-24T15:11:43Z,2026-03-24
ac19e71da590af0a_964,ac19e71da590af0a,R114792-03,W118892,AB24ROOM,40,-30,0,1,FAIL,8,8,32,0,964,0,2026-03-24T15:11:43Z,2026-03-24
ac19e71da590af0a_965,ac19e71da590af0a,R114792-03,W118892,AB24ROOM,39,-30,0,1,PASS,1,1,74,0,965,0,2026-03-24T15:11:43Z,2026-03-24
ac19e71da590af0a_966,ac19e71da590af0a,R114792-03,W118892,AB24ROOM,38,-30,0,1,PASS,1,1,72,0,966,0,2026-03-24T15:11:43Z,2026-03-24
ac19e71da590af0a_967,ac19e71da590af0a,R114792-03,W118892,AB24ROOM,37,-30,0,1,PASS,1,1,72,0,967,0,2026-03-24T15:11:43Z,2026-03-24
ac19e71da590af0a_968,ac19e71da590af0a,R114792-03,W118892,AB24ROOM,36,-30,0,1,PASS,1,1,72,0,968,0,2026-03-24T15:11:43Z,2026-03-24
ac19e71da590af0a_969,ac19e71da590af0a,R114792-03,W118892,AB24ROOM,35,-30,0,1,PASS,1,1,72,0,969,0,2026-03-24T15:11:43Z,2026-03-24
ac19e71da590af0a_970,ac19e71da590af0a,R114792-03,W118892,AB24ROOM,34,-30,0,1,PASS,1,1,72,0,970,0,2026-03-24T15:11:43Z,2026-03-24
ac19e71da590af0a_971,ac19e71da590af0a,R114792-03,W118892,AB24ROOM,33,-30,0,1,PASS,1,1,74,0,971,0,2026-03-24T15:11:43Z,2026-03-24
ac19e71da590af0a_972,ac19e71da590af0a,R114792-03,W118892,AB24ROOM,32,-30,0,1,PASS,1,1,72,0,972,0,2026-03-24T15:11:43Z,2026-03-24
ac19e71da590af0a_973,ac19e71da590af0a,R114792-03,W118892,AB24ROOM,31,-30,0,1,PASS,1,1,72,0,973,0,2026-03-24T15:11:43Z,2026-03-24
ac19e71da590af0a_974,ac19e71da590af0a,R114792-03,W118892,AB24ROOM,30,-30,0,1,PASS,1,1,72,0,974,0,2026-03-24T15:11:43Z,2026-03-24
ac19e71da590af0a_975,ac19e71da590af0a,R114792-03,W118892,AB24ROOM,29,-30,0,1,PASS,1,1,72,0,975,0,2026-03-24T15:11:43Z,2026-03-24
ac19e71da590af0a_976,ac19e71da590af0a,R114792-03,W118892,AB24ROOM,28,-30,0,1,PASS,1,1,72,0,976,0,2026-03-24T15:11:43Z,2026-03-24
ac19e71da590af0a_977,ac19e71da590af0a,R114792-03,W118892,AB24ROOM,27,-30,0,1,PASS,1,1,74,0,977,0,2026-03-24T15:11:43Z,2026-03-24
ac19e71da590af0a_978,ac19e71da590af0a,R114792-03,W118892,AB24ROOM,26,-30,0,1,FAIL,20,20,62,0,978,0,2026-03-24T15:11:43Z,2026-03-24
ac19e71da590af0a_979,ac19e71da590af0a,R114792-03,W118892,AB24ROOM,25,-30,0,1,PASS,1,1,74,0,979,0,2026-03-24T15:11:43Z,2026-03-24
ac19e71da590af0a_980,ac19e71da590af0a,R114792-03,W118892,AB24ROOM,24,-30,0,1,PASS,1,1,72,0,980,0,2026-03-24T15:11:43Z,2026-03-24
ac19e71da590af0a_981,ac19e71da590af0a,R114792-03,W118892,AB24ROOM,23,-30,0,1,PASS,1,1,72,0,981,0,2026-03-24T15:11:43Z,2026-03-24
ac19e71da590af0a_982,ac19e71da590af0a,R114792-03,W118892,AB24ROOM,22,-30,0,1,PASS,1,1,72,0,982,0,2026-03-24T15:11:43Z,2026-03-24
ac19e71da590af0a_983,ac19e71da590af0a,R114792-03,W118892,AB24ROOM,21,-30,0,1,PASS,1,1,72,0,983,0,2026-03-24T15:11:43Z,2026-03-24
ac19e71da590af0a_984,ac19e71da590af0a,R114792-03,W118892,AB24ROOM,20,-30,0,1,PASS,1,1,72,0,984,0,2026-03-24T15:11:43Z,2026-03-24
ac19e71da590af0a_985,ac19e71da590af0a,R114792-03,W118892,AB24ROOM,19,-30,0,1,PASS,1,1,74,0,985,0,2026-03-24T15:11:43Z,2026-03-24
ac19e71da590af0a_986,ac19e71da590af0a,R114792-03,W118892,AB24ROOM,18,-30,0,1,PASS,1,1,72,0,986,0,2026-03-24T15:11:43Z,2026-03-24
ac19e71da590af0a_987,ac19e71da590af0a,R114792-03,W118892,AB24ROOM,17,-30,0,1,FAIL,10,10,11,0,987,0,2026-03-24T15:11:43Z,2026-03-24
ac19e71da590af0a_988,ac19e71da590af0a,R114792-03,W118892,AB24ROOM,16,-30,0,1,PASS,1,1,74,0,988,0,2026-03-24T15:11:43Z,2026-03-24
ac19e71da590af0a_989,ac19e71da590af0a,R114792-03,W118892,AB24ROOM,15,-30,0,1,PASS,1,1,72,0,989,0,2026-03-24T15:11:43Z,2026-03-24
ac19e71da590af0a_990,ac19e71da590af0a,R114792-03,W118892,AB24ROOM,14,-30,0,1,PASS,1,1,72,0,990,0,2026-03-24T15:11:43Z,2026-03-24
ac19e71da590af0a_991,ac19e71da590af0a,R114792-03,W118892,AB24ROOM,13,-30,0,1,PASS,1,1,72,0,991,0,2026-03-24T15:11:43Z,2026-03-24
ac19e71da590af0a_992,ac19e71da590af0a,R114792-03,W118892,AB24ROOM,12,-30,0,1,PASS,1,1,72,0,992,0,2026-03-24T15:11:43Z,2026-03-24
ac19e71da590af0a_993,ac19e71da590af0a,R114792-03,W118892,AB24ROOM,11,-30,0,1,PASS,1,1,72,0,993,0,2026-03-24T15:11:43Z,2026-03-24
ac19e71da590af0a_994,ac19e71da590af0a,R114792-03,W118892,AB24ROOM,10,-30,0,1,PASS,1,1,74,0,994,0,2026-03-24T15:11:43Z,2026-03-24
ac19e71da590af0a_995,ac19e71da590af0a,R114792-03,W118892,AB24ROOM,9,-30,0,1,PASS,1,1,72,0,995,0,2026-03-24T15:11:43Z,2026-03-24
ac19e71da590af0a_996,ac19e71da590af0a,R114792-03,W118892,AB24ROOM,8,-30,0,1,PASS,1,1,72,0,996,0,2026-03-24T15:11:43Z,2026-03-24
ac19e71da590af0a_997,ac19e71da590af0a,R114792-03,W118892,AB24ROOM,7,-30,0,1,PASS,1,1,72,0,997,0,2026-03-24T15:11:43Z,2026-03-24
ac19e71da590af0a_998,ac19e71da590af0a,R114792-03,W118892,AB24ROOM,6,-30,0,1,PASS,1,1,72,0,998,0,2026-03-24T15:11:43Z,2026-03-24
ac19e71da590af0a_999,ac19e71da590af0a,R114792-03,W118892,AB24ROOM,5,-30,0,1,PASS,1,1,72,0,999,0,2026-03-24T15:11:43Z,2026-03-24
ac19e71da590af0a_1000,ac19e71da590af0a,R114792-03,W118892,AB24ROOM,4,-30,0,1,PASS,1,1,74,0,1000,0,2026-03-24T15:11:43Z,2026-03-24
ac19e71da590af0a_1001,ac19e71da590af0a,R114792-03,W118892,AB24ROOM,5,-31,0,1,PASS,1,1,72,0,1001,0,2026-03-24T15:11:43Z,2026-03-24
ac19e71da590af0a_1002,ac19e71da590af0a,R114792-03,W118892,AB24ROOM,6,-31,0,1,PASS,1,1,72,0,1002,0,2026-03-24T15:11:43Z,2026-03-24
ac19e71da590af0a_1003,ac19e71da590af0a,R114792-03,W118892,AB24ROOM,7,-31,0,1,PASS,1,1,72,0,1003,0,2026-03-24T15:11:43Z,2026-03-24
ac19e71da590af0a_1004,ac19e71da590af0a,R114792-03,W118892,AB24ROOM,8,-31,0,1,PASS,1,1,72,0,1004,0,2026-03-24T15:11:43Z,2026-03-24
ac19e71da590af0a_1005,ac19e71da590af0a,R114792-03,W118892,AB24ROOM,9,-31,0,1,PASS,1,1,72,0,1005,0,2026-03-24T15:11:43Z,2026-03-24
ac19e71da590af0a_1006,ac19e71da590af0a,R114792-03,W118892,AB24ROOM,10,-31,0,1,PASS,1,1,74,0,1006,0,2026-03-24T15:11:43Z,2026-03-24
ac19e71da590af0a_1007,ac19e71da590af0a,R114792-03,W118892,AB24ROOM,11,-31,0,1,PASS,1,1,72,0,1007,0,2026-03-24T15:11:43Z,2026-03-24
ac19e71da590af0a_1008,ac19e71da590af0a,R114792-03,W118892,AB24ROOM,12,-31,0,1,PASS,1,1,72,0,1008,0,2026-03-24T15:11:43Z,2026-03-24
ac19e71da590af0a_1009,ac19e71da590af0a,R114792-03,W118892,AB24ROOM,13,-31,0,1,PASS,1,1,72,0,1009,0,2026-03-24T15:11:43Z,2026-03-24
ac19e71da590af0a_1010,ac19e71da590af0a,R114792-03,W118892,AB24ROOM,14,-31,0,1,FAIL,10,10,11,0,1010,0,2026-03-24T15:11:43Z,2026-03-24
ac19e71da590af0a_1011,ac19e71da590af0a,R114792-03,W118892,AB24ROOM,15,-31,0,1,FAIL,10,10,11,0,1011,0,2026-03-24T15:11:43Z,2026-03-24
ac19e71da590af0a_1012,ac19e71da590af0a,R114792-03,W118892,AB24ROOM,16,-31,0,1,PASS,1,1,74,0,1012,0,2026-03-24T15:11:43Z,2026-03-24
ac19e71da590af0a_1013,ac19e71da590af0a,R114792-03,W118892,AB24ROOM,17,-31,0,1,FAIL,2,2,54,0,1013,0,2026-03-24T15:11:43Z,2026-03-24
ac19e71da590af0a_1014,ac19e71da590af0a,R114792-03,W118892,AB24ROOM,18,-31,0,1,PASS,1,1,74,0,1014,0,2026-03-24T15:11:43Z,2026-03-24
ac19e71da590af0a_1015,ac19e71da590af0a,R114792-03,W118892,AB24ROOM,19,-31,0,1,PASS,1,1,72,0,1015,0,2026-03-24T15:11:43Z,2026-03-24
ac19e71da590af0a_1016,ac19e71da590af0a,R114792-03,W118892,AB24ROOM,20,-31,0,1,PASS,1,1,72,0,1016,0,2026-03-24T15:11:43Z,2026-03-24
ac19e71da590af0a_1017,ac19e71da590af0a,R114792-03,W118892,AB24ROOM,21,-31,0,1,PASS,1,1,72,0,1017,0,2026-03-24T15:11:43Z,2026-03-24
ac19e71da590af0a_1018,ac19e71da590af0a,R114792-03,W118892,AB24ROOM,22,-31,0,1,PASS,1,1,72,0,1018,0,2026-03-24T15:11:43Z,2026-03-24
ac19e71da590af0a_1019,ac19e71da590af0a,R114792-03,W118892,AB24ROOM,23,-31,0,1,PASS,1,1,72,0,1019,0,2026-03-24T15:11:43Z,2026-03-24
ac19e71da590af0a_1020,ac19e71da590af0a,R114792-03,W118892,AB24ROOM,24,-31,0,1,PASS,1,1,74,0,1020,0,2026-03-24T15:11:43Z,2026-03-24
ac19e71da590af0a_1021,ac19e71da590af0a,R114792-03,W118892,AB24ROOM,25,-31,0,1,PASS,1,1,72,0,1021,0,2026-03-24T15:11:43Z,2026-03-24
ac19e71da590af0a_1022,ac19e71da590af0a,R114792-03,W118892,AB24ROOM,26,-31,0,1,PASS,1,1,54,0,1022,0,2026-03-24T15:11:43Z,2026-03-24
ac19e71da590af0a_1023,ac19e71da590af0a,R114792-03,W118892,AB24ROOM,27,-31,0,1,PASS,1,1,72,0,1023,0,2026-03-24T15:11:43Z,2026-03-24
ac19e71da590af0a_1024,ac19e71da590af0a,R114792-03,W118892,AB24ROOM,28,-31,0,1,PASS,1,1,72,0,1024,0,2026-03-24T15:11:43Z,2026-03-24
ac19e71da590af0a_1025,ac19e71da590af0a,R114792-03,W118892,AB24ROOM,29,-31,0,1,PASS,1,1,72,0,1025,0,2026-03-24T15:11:43Z,2026-03-24
ac19e71da590af0a_1026,ac19e71da590af0a,R114792-03,W118892,AB24ROOM,30,-31,0,1,PASS,1,1,74,0,1026,0,2026-03-24T15:11:43Z,2026-03-24
ac19e71da590af0a_1027,ac19e71da590af0a,R114792-03,W118892,AB24ROOM,31,-31,0,1,FAIL,8,8,32,0,1027,0,2026-03-24T15:11:43Z,2026-03-24
ac19e71da590af0a_1028,ac19e71da590af0a,R114792-03,W118892,AB24ROOM,32,-31,0,1,PASS,1,1,74,0,1028,0,2026-03-24T15:11:43Z,2026-03-24
ac19e71da590af0a_1029,ac19e71da590af0a,R114792-03,W118892,AB24ROOM,33,-31,0,1,PASS,1,1,72,0,1029,0,2026-03-24T15:11:43Z,2026-03-24
ac19e71da590af0a_1030,ac19e71da590af0a,R114792-03,W118892,AB24ROOM,34,-31,0,1,PASS,1,1,72,0,1030,0,2026-03-24T15:11:43Z,2026-03-24
ac19e71da590af0a_1031,ac19e71da590af0a,R114792-03,W118892,AB24ROOM,35,-31,0,1,PASS,1,1,72,0,1031,0,2026-03-24T15:11:43Z,2026-03-24
ac19e71da590af0a_1032,ac19e71da590af0a,R114792-03,W118892,AB24ROOM,36,-31,0,1,PASS,1,1,72,0,1032,0,2026-03-24T15:11:43Z,2026-03-24
ac19e71da590af0a_1033,ac19e71da590af0a,R114792-03,W118892,AB24ROOM,37,-31,0,1,PASS,1,1,72,0,1033,0,2026-03-24T15:11:43Z,2026-03-24
ac19e71da590af0a_1034,ac19e71da590af0a,R114792-03,W118892,AB24ROOM,38,-31,0,1,PASS,1,1,74,0,1034,0,2026-03-24T15:11:43Z,2026-03-24
ac19e71da590af0a_1035,ac19e71da590af0a,R114792-03,W118892,AB24ROOM,39,-31,0,1,FAIL,20,20,62,0,1035,0,2026-03-24T15:11:43Z,2026-03-24
ac19e71da590af0a_1036,ac19e71da590af0a,R114792-03,W118892,AB24ROOM,40,-31,0,1,PASS,1,1,74,0,1036,0,2026-03-24T15:11:43Z,2026-03-24
ac19e71da590af0a_1037,ac19e71da590af0a,R114792-03,W118892,AB24ROOM,41,-31,0,1,PASS,1,1,72,0,1037,0,2026-03-24T15:11:43Z,2026-03-24
ac19e71da590af0a_1038,ac19e71da590af0a,R114792-03,W118892,AB24ROOM,42,-31,0,1,PASS,1,1,72,0,1038,0,2026-03-24T15:11:43Z,2026-03-24
ac19e71da590af0a_1039,ac19e71da590af0a,R114792-03,W118892,AB24ROOM,43,-31,0,1,PASS,1,1,72,0,1039,0,2026-03-24T15:11:43Z,2026-03-24
ac19e71da590af0a_1040,ac19e71da590af0a,R114792-03,W118892,AB24ROOM,44,-31,0,1,PASS,1,1,72,0,1040,0,2026-03-24T15:11:43Z,2026-03-24
ac19e71da590af0a_1041,ac19e71da590af0a,R114792-03,W118892,AB24ROOM,45,-31,0,1,PASS,1,1,72,0,1041,0,2026-03-24T15:11:43Z,2026-03-24
ac19e71da590af0a_1042,ac19e71da590af0a,R114792-03,W118892,AB24ROOM,45,-32,0,1,PASS,1,1,74,0,1042,0,2026-03-24T15:11:43Z,2026-03-24
ac19e71da590af0a_1043,ac19e71da590af0a,R114792-03,W118892,AB24ROOM,44,-32,0,1,PASS,1,1,72,0,1043,0,2026-03-24T15:11:43Z,2026-03-24
ac19e71da590af0a_1044,ac19e71da590af0a,R114792-03,W118892,AB24ROOM,43,-32,0,1,PASS,1,1,72,0,1044,0,2026-03-24T15:11:43Z,2026-03-24
ac19e71da590af0a_1045,ac19e71da590af0a,R114792-03,W118892,AB24ROOM,42,-32,0,1,PASS,1,1,72,0,1045,0,2026-03-24T15:11:43Z,2026-03-24
ac19e71da590af0a_1046,ac19e71da590af0a,R114792-03,W118892,AB24ROOM,41,-32,0,1,PASS,1,1,72,0,1046,0,2026-03-24T15:11:43Z,2026-03-24
ac19e71da590af0a_1047,ac19e71da590af0a,R114792-03,W118892,AB24ROOM,40,-32,0,1,PASS,1,1,54,0,1047,0,2026-03-24T15:11:43Z,2026-03-24
ac19e71da590af0a_1048,ac19e71da590af0a,R114792-03,W118892,AB24ROOM,39,-32,0,1,PASS,1,1,74,0,1048,0,2026-03-24T15:11:43Z,2026-03-24
ac19e71da590af0a_1049,ac19e71da590af0a,R114792-03,W118892,AB24ROOM,38,-32,0,1,PASS,1,1,72,0,1049,0,2026-03-24T15:11:43Z,2026-03-24
ac19e71da590af0a_1050,ac19e71da590af0a,R114792-03,W118892,AB24ROOM,37,-32,0,1,PASS,1,1,72,0,1050,0,2026-03-24T15:11:43Z,2026-03-24
ac19e71da590af0a_1051,ac19e71da590af0a,R114792-03,W118892,AB24ROOM,36,-32,0,1,PASS,1,1,72,0,1051,0,2026-03-24T15:11:43Z,2026-03-24
ac19e71da590af0a_1052,ac19e71da590af0a,R114792-03,W118892,AB24ROOM,35,-32,0,1,PASS,1,1,72,0,1052,0,2026-03-24T15:11:43Z,2026-03-24
ac19e71da590af0a_1053,ac19e71da590af0a,R114792-03,W118892,AB24ROOM,34,-32,0,1,PASS,1,1,72,0,1053,0,2026-03-24T15:11:43Z,2026-03-24
ac19e71da590af0a_1054,ac19e71da590af0a,R114792-03,W118892,AB24ROOM,33,-32,0,1,PASS,1,1,74,0,1054,0,2026-03-24T15:11:43Z,2026-03-24
ac19e71da590af0a_1055,ac19e71da590af0a,R114792-03,W118892,AB24ROOM,32,-32,0,1,FAIL,20,20,62,0,1055,0,2026-03-24T15:11:43Z,2026-03-24
ac19e71da590af0a_1056,ac19e71da590af0a,R114792-03,W118892,AB24ROOM,31,-32,0,1,PASS,1,1,74,0,1056,0,2026-03-24T15:11:43Z,2026-03-24
ac19e71da590af0a_1057,ac19e71da590af0a,R114792-03,W118892,AB24ROOM,30,-32,0,1,PASS,1,1,72,0,1057,0,2026-03-24T15:11:43Z,2026-03-24
ac19e71da590af0a_1058,ac19e71da590af0a,R114792-03,W118892,AB24ROOM,29,-32,0,1,PASS,1,1,72,0,1058,0,2026-03-24T15:11:43Z,2026-03-24
ac19e71da590af0a_1059,ac19e71da590af0a,R114792-03,W118892,AB24ROOM,28,-32,0,1,FAIL,20,20,62,0,1059,0,2026-03-24T15:11:43Z,2026-03-24
ac19e71da590af0a_1060,ac19e71da590af0a,R114792-03,W118892,AB24ROOM,27,-32,0,1,PASS,1,1,74,0,1060,0,2026-03-24T15:11:43Z,2026-03-24
ac19e71da590af0a_1061,ac19e71da590af0a,R114792-03,W118892,AB24ROOM,26,-32,0,1,PASS,1,1,72,0,1061,0,2026-03-24T15:11:43Z,2026-03-24
ac19e71da590af0a_1062,ac19e71da590af0a,R114792-03,W118892,AB24ROOM,25,-32,0,1,FAIL,20,20,62,0,1062,0,2026-03-24T15:11:43Z,2026-03-24
ac19e71da590af0a_1063,ac19e71da590af0a,R114792-03,W118892,AB24ROOM,24,-32,0,1,FAIL,2,2,39,0,1063,0,2026-03-24T15:11:43Z,2026-03-24
ac19e71da590af0a_1064,ac19e71da590af0a,R114792-03,W118892,AB24ROOM,23,-32,0,1,FAIL,20,20,64,0,1064,0,2026-03-24T15:11:43Z,2026-03-24
ac19e71da590af0a_1065,ac19e71da590af0a,R114792-03,W118892,AB24ROOM,22,-32,0,1,PASS,1,1,74,0,1065,0,2026-03-24T15:11:43Z,2026-03-24
ac19e71da590af0a_1066,ac19e71da590af0a,R114792-03,W118892,AB24ROOM,21,-32,0,1,PASS,1,1,72,0,1066,0,2026-03-24T15:11:43Z,2026-03-24
ac19e71da590af0a_1067,ac19e71da590af0a,R114792-03,W118892,AB24ROOM,20,-32,0,1,FAIL,8,8,32,0,1067,0,2026-03-24T15:11:43Z,2026-03-24
ac19e71da590af0a_1068,ac19e71da590af0a,R114792-03,W118892,AB24ROOM,19,-32,0,1,PASS,1,1,74,0,1068,0,2026-03-24T15:11:43Z,2026-03-24
ac19e71da590af0a_1069,ac19e71da590af0a,R114792-03,W118892,AB24ROOM,18,-32,0,1,FAIL,2,2,51,0,1069,0,2026-03-24T15:11:43Z,2026-03-24
ac19e71da590af0a_1070,ac19e71da590af0a,R114792-03,W118892,AB24ROOM,17,-32,0,1,PASS,1,1,74,0,1070,0,2026-03-24T15:11:43Z,2026-03-24
ac19e71da590af0a_1071,ac19e71da590af0a,R114792-03,W118892,AB24ROOM,16,-32,0,1,PASS,1,1,72,0,1071,0,2026-03-24T15:11:43Z,2026-03-24
ac19e71da590af0a_1072,ac19e71da590af0a,R114792-03,W118892,AB24ROOM,15,-32,0,1,PASS,1,1,72,0,1072,0,2026-03-24T15:11:43Z,2026-03-24
ac19e71da590af0a_1073,ac19e71da590af0a,R114792-03,W118892,AB24ROOM,14,-32,0,1,PASS,1,1,72,0,1073,0,2026-03-24T15:11:43Z,2026-03-24
ac19e71da590af0a_1074,ac19e71da590af0a,R114792-03,W118892,AB24ROOM,13,-32,0,1,PASS,1,1,72,0,1074,0,2026-03-24T15:11:43Z,2026-03-24
ac19e71da590af0a_1075,ac19e71da590af0a,R114792-03,W118892,AB24ROOM,12,-32,0,1,PASS,1,1,72,0,1075,0,2026-03-24T15:11:43Z,2026-03-24
ac19e71da590af0a_1076,ac19e71da590af0a,R114792-03,W118892,AB24ROOM,11,-32,0,1,PASS,1,1,74,0,1076,0,2026-03-24T15:11:43Z,2026-03-24
ac19e71da590af0a_1077,ac19e71da590af0a,R114792-03,W118892,AB24ROOM,10,-32,0,1,PASS,1,1,72,0,1077,0,2026-03-24T15:11:43Z,2026-03-24
ac19e71da590af0a_1078,ac19e71da590af0a,R114792-03,W118892,AB24ROOM,9,-32,0,1,PASS,1,1,72,0,1078,0,2026-03-24T15:11:43Z,2026-03-24
ac19e71da590af0a_1079,ac19e71da590af0a,R114792-03,W118892,AB24ROOM,8,-32,0,1,PASS,1,1,72,0,1079,0,2026-03-24T15:11:43Z,2026-03-24
ac19e71da590af0a_1080,ac19e71da590af0a,R114792-03,W118892,AB24ROOM,7,-32,0,1,PASS,1,1,72,0,1080,0,2026-03-24T15:11:43Z,2026-03-24
ac19e71da590af0a_1081,ac19e71da590af0a,R114792-03,W118892,AB24ROOM,6,-32,0,1,PASS,1,1,72,0,1081,0,2026-03-24T15:11:43Z,2026-03-24
ac19e71da590af0a_1082,ac19e71da590af0a,R114792-03,W118892,AB24ROOM,5,-32,0,1,PASS,1,1,74,0,1082,0,2026-03-24T15:11:43Z,2026-03-24
ac19e71da590af0a_1083,ac19e71da590af0a,R114792-03,W118892,AB24ROOM,5,-33,0,1,FAIL,5,5,1,0,1083,0,2026-03-24T15:11:43Z,2026-03-24
ac19e71da590af0a_1084,ac19e71da590af0a,R114792-03,W118892,AB24ROOM,6,-33,0,1,PASS,1,1,74,0,1084,0,2026-03-24T15:11:43Z,2026-03-24
ac19e71da590af0a_1085,ac19e71da590af0a,R114792-03,W118892,AB24ROOM,7,-33,0,1,PASS,1,1,72,0,1085,0,2026-03-24T15:11:43Z,2026-03-24
ac19e71da590af0a_1086,ac19e71da590af0a,R114792-03,W118892,AB24ROOM,8,-33,0,1,PASS,1,1,72,0,1086,0,2026-03-24T15:11:43Z,2026-03-24
ac19e71da590af0a_1087,ac19e71da590af0a,R114792-03,W118892,AB24ROOM,9,-33,0,1,PASS,1,1,72,0,1087,0,2026-03-24T15:11:43Z,2026-03-24
ac19e71da590af0a_1088,ac19e71da590af0a,R114792-03,W118892,AB24ROOM,10,-33,0,1,PASS,1,1,72,0,1088,0,2026-03-24T15:11:43Z,2026-03-24
ac19e71da590af0a_1089,ac19e71da590af0a,R114792-03,W118892,AB24ROOM,11,-33,0,1,PASS,1,1,72,0,1089,0,2026-03-24T15:11:43Z,2026-03-24
ac19e71da590af0a_1090,ac19e71da590af0a,R114792-03,W118892,AB24ROOM,12,-33,0,1,PASS,1,1,74,0,1090,0,2026-03-24T15:11:43Z,2026-03-24
ac19e71da590af0a_1091,ac19e71da590af0a,R114792-03,W118892,AB24ROOM,13,-33,0,1,PASS,1,1,72,0,1091,0,2026-03-24T15:11:43Z,2026-03-24
ac19e71da590af0a_1092,ac19e71da590af0a,R114792-03,W118892,AB24ROOM,14,-33,0,1,PASS,1,1,72,0,1092,0,2026-03-24T15:11:43Z,2026-03-24
ac19e71da590af0a_1093,ac19e71da590af0a,R114792-03,W118892,AB24ROOM,15,-33,0,1,FAIL,20,20,62,0,1093,0,2026-03-24T15:11:43Z,2026-03-24
ac19e71da590af0a_1094,ac19e71da590af0a,R114792-03,W118892,AB24ROOM,16,-33,0,1,PASS,1,1,74,0,1094,0,2026-03-24T15:11:43Z,2026-03-24
ac19e71da590af0a_1095,ac19e71da590af0a,R114792-03,W118892,AB24ROOM,17,-33,0,1,PASS,1,1,72,0,1095,0,2026-03-24T15:11:43Z,2026-03-24
ac19e71da590af0a_1096,ac19e71da590af0a,R114792-03,W118892,AB24ROOM,18,-33,0,1,PASS,1,1,72,0,1096,0,2026-03-24T15:11:43Z,2026-03-24
ac19e71da590af0a_1097,ac19e71da590af0a,R114792-03,W118892,AB24ROOM,19,-33,0,1,PASS,1,1,72,0,1097,0,2026-03-24T15:11:43Z,2026-03-24
ac19e71da590af0a_1098,ac19e71da590af0a,R114792-03,W118892,AB24ROOM,20,-33,0,1,PASS,1,1,72,0,1098,0,2026-03-24T15:11:43Z,2026-03-24
ac19e71da590af0a_1099,ac19e71da590af0a,R114792-03,W118892,AB24ROOM,21,-33,0,1,PASS,1,1,72,0,1099,0,2026-03-24T15:11:43Z,2026-03-24
ac19e71da590af0a_1100,ac19e71da590af0a,R114792-03,W118892,AB24ROOM,22,-33,0,1,PASS,1,1,74,0,1100,0,2026-03-24T15:11:43Z,2026-03-24
ac19e71da590af0a_1101,ac19e71da590af0a,R114792-03,W118892,AB24ROOM,23,-33,0,1,PASS,1,1,72,0,1101,0,2026-03-24T15:11:43Z,2026-03-24
ac19e71da590af0a_1102,ac19e71da590af0a,R114792-03,W118892,AB24ROOM,24,-33,0,1,PASS,1,1,72,0,1102,0,2026-03-24T15:11:43Z,2026-03-24
ac19e71da590af0a_1103,ac19e71da590af0a,R114792-03,W118892,AB24ROOM,25,-33,0,1,PASS,1,1,72,0,1103,0,2026-03-24T15:11:43Z,2026-03-24
ac19e71da590af0a_1104,ac19e71da590af0a,R114792-03,W118892,AB24ROOM,26,-33,0,1,FAIL,2,2,51,0,1104,0,2026-03-24T15:11:43Z,2026-03-24
ac19e71da590af0a_1105,ac19e71da590af0a,R114792-03,W118892,AB24ROOM,27,-33,0,1,FAIL,20,20,64,0,1105,0,2026-03-24T15:11:43Z,2026-03-24
ac19e71da590af0a_1106,ac19e71da590af0a,R114792-03,W118892,AB24ROOM,28,-33,0,1,PASS,1,1,74,0,1106,0,2026-03-24T15:11:43Z,2026-03-24
ac19e71da590af0a_1107,ac19e71da590af0a,R114792-03,W118892,AB24ROOM,29,-33,0,1,PASS,1,1,72,0,1107,0,2026-03-24T15:11:43Z,2026-03-24
ac19e71da590af0a_1108,ac19e71da590af0a,R114792-03,W118892,AB24ROOM,30,-33,0,1,FAIL,2,2,51,0,1108,0,2026-03-24T15:11:43Z,2026-03-24
ac19e71da590af0a_1109,ac19e71da590af0a,R114792-03,W118892,AB24ROOM,31,-33,0,1,PASS,1,1,74,0,1109,0,2026-03-24T15:11:43Z,2026-03-24
ac19e71da590af0a_1110,ac19e71da590af0a,R114792-03,W118892,AB24ROOM,32,-33,0,1,PASS,1,1,72,0,1110,0,2026-03-24T15:11:43Z,2026-03-24
ac19e71da590af0a_1111,ac19e71da590af0a,R114792-03,W118892,AB24ROOM,33,-33,0,1,PASS,1,1,72,0,1111,0,2026-03-24T15:11:43Z,2026-03-24
ac19e71da590af0a_1112,ac19e71da590af0a,R114792-03,W118892,AB24ROOM,34,-33,0,1,PASS,1,1,72,0,1112,0,2026-03-24T15:11:43Z,2026-03-24
ac19e71da590af0a_1113,ac19e71da590af0a,R114792-03,W118892,AB24ROOM,35,-33,0,1,PASS,1,1,72,0,1113,0,2026-03-24T15:11:43Z,2026-03-24
ac19e71da590af0a_1114,ac19e71da590af0a,R114792-03,W118892,AB24ROOM,36,-33,0,1,FAIL,20,20,62,0,1114,0,2026-03-24T15:11:43Z,2026-03-24
ac19e71da590af0a_1115,ac19e71da590af0a,R114792-03,W118892,AB24ROOM,37,-33,0,1,FAIL,17,17,63,0,1115,0,2026-03-24T15:11:43Z,2026-03-24
ac19e71da590af0a_1116,ac19e71da590af0a,R114792-03,W118892,AB24ROOM,38,-33,0,1,FAIL,20,20,64,0,1116,0,2026-03-24T15:11:43Z,2026-03-24
ac19e71da590af0a_1117,ac19e71da590af0a,R114792-03,W118892,AB24ROOM,39,-33,0,1,FAIL,8,8,32,0,1117,0,2026-03-24T15:11:43Z,2026-03-24
ac19e71da590af0a_1118,ac19e71da590af0a,R114792-03,W118892,AB24ROOM,40,-33,0,1,PASS,1,1,74,0,1118,0,2026-03-24T15:11:43Z,2026-03-24
ac19e71da590af0a_1119,ac19e71da590af0a,R114792-03,W118892,AB24ROOM,41,-33,0,1,PASS,1,1,72,0,1119,0,2026-03-24T15:11:43Z,2026-03-24
ac19e71da590af0a_1120,ac19e71da590af0a,R114792-03,W118892,AB24ROOM,42,-33,0,1,PASS,1,1,72,0,1120,0,2026-03-24T15:11:43Z,2026-03-24
ac19e71da590af0a_1121,ac19e71da590af0a,R114792-03,W118892,AB24ROOM,43,-33,0,1,FAIL,20,20,62,0,1121,0,2026-03-24T15:11:43Z,2026-03-24
ac19e71da590af0a_1122,ac19e71da590af0a,R114792-03,W118892,AB24ROOM,44,-33,0,1,PASS,1,1,74,0,1122,0,2026-03-24T15:11:43Z,2026-03-24
ac19e71da590af0a_1123,ac19e71da590af0a,R114792-03,W118892,AB24ROOM,44,-34,0,1,PASS,1,1,72,0,1123,0,2026-03-24T15:11:43Z,2026-03-24
ac19e71da590af0a_1124,ac19e71da590af0a,R114792-03,W118892,AB24ROOM,43,-34,0,1,FAIL,8,8,32,0,1124,0,2026-03-24T15:11:43Z,2026-03-24
ac19e71da590af0a_1125,ac19e71da590af0a,R114792-03,W118892,AB24ROOM,42,-34,0,1,PASS,1,1,74,0,1125,0,2026-03-24T15:11:43Z,2026-03-24
ac19e71da590af0a_1126,ac19e71da590af0a,R114792-03,W118892,AB24ROOM,41,-34,0,1,PASS,1,1,72,0,1126,0,2026-03-24T15:11:43Z,2026-03-24
ac19e71da590af0a_1127,ac19e71da590af0a,R114792-03,W118892,AB24ROOM,40,-34,0,1,PASS,1,1,72,0,1127,0,2026-03-24T15:11:43Z,2026-03-24
ac19e71da590af0a_1128,ac19e71da590af0a,R114792-03,W118892,AB24ROOM,39,-34,0,1,FAIL,8,8,32,0,1128,0,2026-03-24T15:11:43Z,2026-03-24
ac19e71da590af0a_1129,ac19e71da590af0a,R114792-03,W118892,AB24ROOM,38,-34,0,1,PASS,1,1,74,0,1129,0,2026-03-24T15:11:43Z,2026-03-24
ac19e71da590af0a_1130,ac19e71da590af0a,R114792-03,W118892,AB24ROOM,37,-34,0,1,PASS,1,1,72,0,1130,0,2026-03-24T15:11:43Z,2026-03-24
ac19e71da590af0a_1131,ac19e71da590af0a,R114792-03,W118892,AB24ROOM,36,-34,0,1,PASS,1,1,72,0,1131,0,2026-03-24T15:11:43Z,2026-03-24
ac19e71da590af0a_1132,ac19e71da590af0a,R114792-03,W118892,AB24ROOM,35,-34,0,1,PASS,1,1,72,0,1132,0,2026-03-24T15:11:43Z,2026-03-24
ac19e71da590af0a_1133,ac19e71da590af0a,R114792-03,W118892,AB24ROOM,34,-34,0,1,PASS,1,1,72,0,1133,0,2026-03-24T15:11:43Z,2026-03-24
ac19e71da590af0a_1134,ac19e71da590af0a,R114792-03,W118892,AB24ROOM,33,-34,0,1,PASS,1,1,72,0,1134,0,2026-03-24T15:11:43Z,2026-03-24
ac19e71da590af0a_1135,ac19e71da590af0a,R114792-03,W118892,AB24ROOM,32,-34,0,1,PASS,1,1,74,0,1135,0,2026-03-24T15:11:43Z,2026-03-24
ac19e71da590af0a_1136,ac19e71da590af0a,R114792-03,W118892,AB24ROOM,31,-34,0,1,PASS,1,1,72,0,1136,0,2026-03-24T15:11:43Z,2026-03-24
ac19e71da590af0a_1137,ac19e71da590af0a,R114792-03,W118892,AB24ROOM,30,-34,0,1,PASS,1,1,72,0,1137,0,2026-03-24T15:11:43Z,2026-03-24
ac19e71da590af0a_1138,ac19e71da590af0a,R114792-03,W118892,AB24ROOM,29,-34,0,1,PASS,1,1,72,0,1138,0,2026-03-24T15:11:43Z,2026-03-24
ac19e71da590af0a_1139,ac19e71da590af0a,R114792-03,W118892,AB24ROOM,28,-34,0,1,PASS,1,1,72,0,1139,0,2026-03-24T15:11:43Z,2026-03-24
ac19e71da590af0a_1140,ac19e71da590af0a,R114792-03,W118892,AB24ROOM,27,-34,0,1,PASS,1,1,72,0,1140,0,2026-03-24T15:11:43Z,2026-03-24
ac19e71da590af0a_1141,ac19e71da590af0a,R114792-03,W118892,AB24ROOM,26,-34,0,1,PASS,1,1,74,0,1141,0,2026-03-24T15:11:43Z,2026-03-24
ac19e71da590af0a_1142,ac19e71da590af0a,R114792-03,W118892,AB24ROOM,25,-34,0,1,PASS,1,1,72,0,1142,0,2026-03-24T15:11:43Z,2026-03-24
ac19e71da590af0a_1143,ac19e71da590af0a,R114792-03,W118892,AB24ROOM,24,-34,0,1,PASS,1,1,72,0,1143,0,2026-03-24T15:11:43Z,2026-03-24
ac19e71da590af0a_1144,ac19e71da590af0a,R114792-03,W118892,AB24ROOM,23,-34,0,1,PASS,1,1,54,0,1144,0,2026-03-24T15:11:43Z,2026-03-24
ac19e71da590af0a_1145,ac19e71da590af0a,R114792-03,W118892,AB24ROOM,22,-34,0,1,PASS,1,1,72,0,1145,0,2026-03-24T15:11:43Z,2026-03-24
ac19e71da590af0a_1146,ac19e71da590af0a,R114792-03,W118892,AB24ROOM,21,-34,0,1,PASS,1,1,72,0,1146,0,2026-03-24T15:11:43Z,2026-03-24
ac19e71da590af0a_1147,ac19e71da590af0a,R114792-03,W118892,AB24ROOM,20,-34,0,1,PASS,1,1,74,0,1147,0,2026-03-24T15:11:43Z,2026-03-24
ac19e71da590af0a_1148,ac19e71da590af0a,R114792-03,W118892,AB24ROOM,19,-34,0,1,PASS,1,1,72,0,1148,0,2026-03-24T15:11:43Z,2026-03-24
ac19e71da590af0a_1149,ac19e71da590af0a,R114792-03,W118892,AB24ROOM,18,-34,0,1,PASS,1,1,72,0,1149,0,2026-03-24T15:11:43Z,2026-03-24
ac19e71da590af0a_1150,ac19e71da590af0a,R114792-03,W118892,AB24ROOM,17,-34,0,1,PASS,1,1,72,0,1150,0,2026-03-24T15:11:43Z,2026-03-24
ac19e71da590af0a_1151,ac19e71da590af0a,R114792-03,W118892,AB24ROOM,16,-34,0,1,PASS,1,1,72,0,1151,0,2026-03-24T15:11:43Z,2026-03-24
ac19e71da590af0a_1152,ac19e71da590af0a,R114792-03,W118892,AB24ROOM,15,-34,0,1,PASS,1,1,72,0,1152,0,2026-03-24T15:11:43Z,2026-03-24
ac19e71da590af0a_1153,ac19e71da590af0a,R114792-03,W118892,AB24ROOM,14,-34,0,1,PASS,1,1,74,0,1153,0,2026-03-24T15:11:43Z,2026-03-24
ac19e71da590af0a_1154,ac19e71da590af0a,R114792-03,W118892,AB24ROOM,13,-34,0,1,PASS,1,1,72,0,1154,0,2026-03-24T15:11:43Z,2026-03-24
ac19e71da590af0a_1155,ac19e71da590af0a,R114792-03,W118892,AB24ROOM,12,-34,0,1,PASS,1,1,72,0,1155,0,2026-03-24T15:11:43Z,2026-03-24
ac19e71da590af0a_1156,ac19e71da590af0a,R114792-03,W118892,AB24ROOM,11,-34,0,1,PASS,1,1,72,0,1156,0,2026-03-24T15:11:43Z,2026-03-24
ac19e71da590af0a_1157,ac19e71da590af0a,R114792-03,W118892,AB24ROOM,10,-34,0,1,PASS,1,1,72,0,1157,0,2026-03-24T15:11:43Z,2026-03-24
ac19e71da590af0a_1158,ac19e71da590af0a,R114792-03,W118892,AB24ROOM,9,-34,0,1,PASS,1,1,72,0,1158,0,2026-03-24T15:11:43Z,2026-03-24
ac19e71da590af0a_1159,ac19e71da590af0a,R114792-03,W118892,AB24ROOM,8,-34,0,1,FAIL,16,16,60,0,1159,0,2026-03-24T15:11:43Z,2026-03-24
ac19e71da590af0a_1160,ac19e71da590af0a,R114792-03,W118892,AB24ROOM,7,-34,0,1,PASS,1,1,74,0,1160,0,2026-03-24T15:11:43Z,2026-03-24
ac19e71da590af0a_1161,ac19e71da590af0a,R114792-03,W118892,AB24ROOM,6,-34,0,1,PASS,1,1,72,0,1161,0,2026-03-24T15:11:43Z,2026-03-24
ac19e71da590af0a_1162,ac19e71da590af0a,R114792-03,W118892,AB24ROOM,7,-35,0,1,PASS,1,1,72,0,1162,0,2026-03-24T15:11:43Z,2026-03-24
ac19e71da590af0a_1163,ac19e71da590af0a,R114792-03,W118892,AB24ROOM,8,-35,0,1,PASS,1,1,72,0,1163,0,2026-03-24T15:11:43Z,2026-03-24
ac19e71da590af0a_1164,ac19e71da590af0a,R114792-03,W118892,AB24ROOM,9,-35,0,1,PASS,1,1,72,0,1164,0,2026-03-24T15:11:43Z,2026-03-24
ac19e71da590af0a_1165,ac19e71da590af0a,R114792-03,W118892,AB24ROOM,10,-35,0,1,PASS,1,1,54,0,1165,0,2026-03-24T15:11:43Z,2026-03-24
ac19e71da590af0a_1166,ac19e71da590af0a,R114792-03,W118892,AB24ROOM,11,-35,0,1,PASS,1,1,74,0,1166,0,2026-03-24T15:11:43Z,2026-03-24
ac19e71da590af0a_1167,ac19e71da590af0a,R114792-03,W118892,AB24ROOM,12,-35,0,1,PASS,1,1,72,0,1167,0,2026-03-24T15:11:43Z,2026-03-24
ac19e71da590af0a_1168,ac19e71da590af0a,R114792-03,W118892,AB24ROOM,13,-35,0,1,PASS,1,1,72,0,1168,0,2026-03-24T15:11:43Z,2026-03-24
ac19e71da590af0a_1169,ac19e71da590af0a,R114792-03,W118892,AB24ROOM,14,-35,0,1,PASS,1,1,72,0,1169,0,2026-03-24T15:11:43Z,2026-03-24
ac19e71da590af0a_1170,ac19e71da590af0a,R114792-03,W118892,AB24ROOM,15,-35,0,1,PASS,1,1,72,0,1170,0,2026-03-24T15:11:43Z,2026-03-24
ac19e71da590af0a_1171,ac19e71da590af0a,R114792-03,W118892,AB24ROOM,16,-35,0,1,PASS,1,1,72,0,1171,0,2026-03-24T15:11:43Z,2026-03-24
ac19e71da590af0a_1172,ac19e71da590af0a,R114792-03,W118892,AB24ROOM,17,-35,0,1,PASS,1,1,74,0,1172,0,2026-03-24T15:11:43Z,2026-03-24
ac19e71da590af0a_1173,ac19e71da590af0a,R114792-03,W118892,AB24ROOM,18,-35,0,1,PASS,1,1,72,0,1173,0,2026-03-24T15:11:43Z,2026-03-24
ac19e71da590af0a_1174,ac19e71da590af0a,R114792-03,W118892,AB24ROOM,19,-35,0,1,PASS,1,1,72,0,1174,0,2026-03-24T15:11:43Z,2026-03-24
ac19e71da590af0a_1175,ac19e71da590af0a,R114792-03,W118892,AB24ROOM,20,-35,0,1,PASS,1,1,72,0,1175,0,2026-03-24T15:11:43Z,2026-03-24
ac19e71da590af0a_1176,ac19e71da590af0a,R114792-03,W118892,AB24ROOM,21,-35,0,1,PASS,1,1,72,0,1176,0,2026-03-24T15:11:43Z,2026-03-24
ac19e71da590af0a_1177,ac19e71da590af0a,R114792-03,W118892,AB24ROOM,22,-35,0,1,PASS,1,1,54,0,1177,0,2026-03-24T15:11:43Z,2026-03-24
ac19e71da590af0a_1178,ac19e71da590af0a,R114792-03,W118892,AB24ROOM,23,-35,0,1,PASS,1,1,74,0,1178,0,2026-03-24T15:11:43Z,2026-03-24
ac19e71da590af0a_1179,ac19e71da590af0a,R114792-03,W118892,AB24ROOM,24,-35,0,1,PASS,1,1,54,0,1179,0,2026-03-24T15:11:43Z,2026-03-24
ac19e71da590af0a_1180,ac19e71da590af0a,R114792-03,W118892,AB24ROOM,25,-35,0,1,PASS,1,1,72,0,1180,0,2026-03-24T15:11:43Z,2026-03-24
ac19e71da590af0a_1181,ac19e71da590af0a,R114792-03,W118892,AB24ROOM,26,-35,0,1,PASS,1,1,72,0,1181,0,2026-03-24T15:11:43Z,2026-03-24
ac19e71da590af0a_1182,ac19e71da590af0a,R114792-03,W118892,AB24ROOM,27,-35,0,1,PASS,1,1,72,0,1182,0,2026-03-24T15:11:43Z,2026-03-24
ac19e71da590af0a_1183,ac19e71da590af0a,R114792-03,W118892,AB24ROOM,28,-35,0,1,PASS,1,1,72,0,1183,0,2026-03-24T15:11:43Z,2026-03-24
ac19e71da590af0a_1184,ac19e71da590af0a,R114792-03,W118892,AB24ROOM,29,-35,0,1,PASS,1,1,56,0,1184,0,2026-03-24T15:11:43Z,2026-03-24
ac19e71da590af0a_1185,ac19e71da590af0a,R114792-03,W118892,AB24ROOM,30,-35,0,1,PASS,1,1,54,0,1185,0,2026-03-24T15:11:43Z,2026-03-24
ac19e71da590af0a_1186,ac19e71da590af0a,R114792-03,W118892,AB24ROOM,31,-35,0,1,PASS,1,1,72,0,1186,0,2026-03-24T15:11:43Z,2026-03-24
ac19e71da590af0a_1187,ac19e71da590af0a,R114792-03,W118892,AB24ROOM,32,-35,0,1,PASS,1,1,72,0,1187,0,2026-03-24T15:11:43Z,2026-03-24
ac19e71da590af0a_1188,ac19e71da590af0a,R114792-03,W118892,AB24ROOM,33,-35,0,1,PASS,1,1,72,0,1188,0,2026-03-24T15:11:43Z,2026-03-24
ac19e71da590af0a_1189,ac19e71da590af0a,R114792-03,W118892,AB24ROOM,34,-35,0,1,PASS,1,1,72,0,1189,0,2026-03-24T15:11:43Z,2026-03-24
ac19e71da590af0a_1190,ac19e71da590af0a,R114792-03,W118892,AB24ROOM,35,-35,0,1,PASS,1,1,74,0,1190,0,2026-03-24T15:11:43Z,2026-03-24
ac19e71da590af0a_1191,ac19e71da590af0a,R114792-03,W118892,AB24ROOM,36,-35,0,1,PASS,1,1,54,0,1191,0,2026-03-24T15:11:43Z,2026-03-24
ac19e71da590af0a_1192,ac19e71da590af0a,R114792-03,W118892,AB24ROOM,37,-35,0,1,PASS,1,1,72,0,1192,0,2026-03-24T15:11:43Z,2026-03-24
ac19e71da590af0a_1193,ac19e71da590af0a,R114792-03,W118892,AB24ROOM,38,-35,0,1,PASS,1,1,72,0,1193,0,2026-03-24T15:11:43Z,2026-03-24
ac19e71da590af0a_1194,ac19e71da590af0a,R114792-03,W118892,AB24ROOM,39,-35,0,1,PASS,1,1,72,0,1194,0,2026-03-24T15:11:43Z,2026-03-24
ac19e71da590af0a_1195,ac19e71da590af0a,R114792-03,W118892,AB24ROOM,40,-35,0,1,PASS,1,1,72,0,1195,0,2026-03-24T15:11:43Z,2026-03-24
ac19e71da590af0a_1196,ac19e71da590af0a,R114792-03,W118892,AB24ROOM,41,-35,0,1,FAIL,10,10,11,0,1196,0,2026-03-24T15:11:43Z,2026-03-24
ac19e71da590af0a_1197,ac19e71da590af0a,R114792-03,W118892,AB24ROOM,42,-35,0,1,PASS,1,1,74,0,1197,0,2026-03-24T15:11:43Z,2026-03-24
ac19e71da590af0a_1198,ac19e71da590af0a,R114792-03,W118892,AB24ROOM,43,-35,0,1,PASS,1,1,72,0,1198,0,2026-03-24T15:11:43Z,2026-03-24
ac19e71da590af0a_1199,ac19e71da590af0a,R114792-03,W118892,AB24ROOM,44,-35,0,1,FAIL,5,5,1,0,1199,0,2026-03-24T15:11:43Z,2026-03-24
ac19e71da590af0a_1200,ac19e71da590af0a,R114792-03,W118892,AB24ROOM,43,-36,0,1,PASS,1,1,74,0,1200,0,2026-03-24T15:11:43Z,2026-03-24
ac19e71da590af0a_1201,ac19e71da590af0a,R114792-03,W118892,AB24ROOM,42,-36,0,1,PASS,1,1,72,0,1201,0,2026-03-24T15:11:43Z,2026-03-24
ac19e71da590af0a_1202,ac19e71da590af0a,R114792-03,W118892,AB24ROOM,41,-36,0,1,PASS,1,1,72,0,1202,0,2026-03-24T15:11:43Z,2026-03-24
ac19e71da590af0a_1203,ac19e71da590af0a,R114792-03,W118892,AB24ROOM,40,-36,0,1,PASS,1,1,72,0,1203,0,2026-03-24T15:11:43Z,2026-03-24
ac19e71da590af0a_1204,ac19e71da590af0a,R114792-03,W118892,AB24ROOM,37,-36,0,1,PASS,1,1,72,0,1204,0,2026-03-24T15:11:43Z,2026-03-24
ac19e71da590af0a_1205,ac19e71da590af0a,R114792-03,W118892,AB24ROOM,36,-36,0,1,PASS,1,1,72,0,1205,0,2026-03-24T15:11:43Z,2026-03-24
ac19e71da590af0a_1206,ac19e71da590af0a,R114792-03,W118892,AB24ROOM,35,-36,0,1,PASS,1,1,74,0,1206,0,2026-03-24T15:11:43Z,2026-03-24
ac19e71da590af0a_1207,ac19e71da590af0a,R114792-03,W118892,AB24ROOM,34,-36,0,1,PASS,1,1,72,0,1207,0,2026-03-24T15:11:43Z,2026-03-24
ac19e71da590af0a_1208,ac19e71da590af0a,R114792-03,W118892,AB24ROOM,33,-36,0,1,PASS,1,1,72,0,1208,0,2026-03-24T15:11:43Z,2026-03-24
ac19e71da590af0a_1209,ac19e71da590af0a,R114792-03,W118892,AB24ROOM,32,-36,0,1,PASS,1,1,72,0,1209,0,2026-03-24T15:11:43Z,2026-03-24
ac19e71da590af0a_1210,ac19e71da590af0a,R114792-03,W118892,AB24ROOM,31,-36,0,1,PASS,1,1,72,0,1210,0,2026-03-24T15:11:43Z,2026-03-24
ac19e71da590af0a_1211,ac19e71da590af0a,R114792-03,W118892,AB24ROOM,30,-36,0,1,PASS,1,1,72,0,1211,0,2026-03-24T15:11:43Z,2026-03-24
ac19e71da590af0a_1212,ac19e71da590af0a,R114792-03,W118892,AB24ROOM,29,-36,0,1,PASS,1,1,74,0,1212,0,2026-03-24T15:11:43Z,2026-03-24
ac19e71da590af0a_1213,ac19e71da590af0a,R114792-03,W118892,AB24ROOM,28,-36,0,1,PASS,1,1,72,0,1213,0,2026-03-24T15:11:43Z,2026-03-24
ac19e71da590af0a_1214,ac19e71da590af0a,R114792-03,W118892,AB24ROOM,27,-36,0,1,PASS,1,1,72,0,1214,0,2026-03-24T15:11:43Z,2026-03-24
ac19e71da590af0a_1215,ac19e71da590af0a,R114792-03,W118892,AB24ROOM,26,-36,0,1,PASS,1,1,72,0,1215,0,2026-03-24T15:11:43Z,2026-03-24
ac19e71da590af0a_1216,ac19e71da590af0a,R114792-03,W118892,AB24ROOM,25,-36,0,1,PASS,1,1,72,0,1216,0,2026-03-24T15:11:43Z,2026-03-24
ac19e71da590af0a_1217,ac19e71da590af0a,R114792-03,W118892,AB24ROOM,24,-36,0,1,PASS,1,1,72,0,1217,0,2026-03-24T15:11:43Z,2026-03-24
ac19e71da590af0a_1218,ac19e71da590af0a,R114792-03,W118892,AB24ROOM,23,-36,0,1,PASS,1,1,74,0,1218,0,2026-03-24T15:11:43Z,2026-03-24
ac19e71da590af0a_1219,ac19e71da590af0a,R114792-03,W118892,AB24ROOM,22,-36,0,1,FAIL,4,4,38,0,1219,0,2026-03-24T15:11:43Z,2026-03-24
ac19e71da590af0a_1220,ac19e71da590af0a,R114792-03,W118892,AB24ROOM,21,-36,0,1,PASS,1,1,74,0,1220,0,2026-03-24T15:11:43Z,2026-03-24
ac19e71da590af0a_1221,ac19e71da590af0a,R114792-03,W118892,AB24ROOM,20,-36,0,1,PASS,1,1,72,0,1221,0,2026-03-24T15:11:43Z,2026-03-24
ac19e71da590af0a_1222,ac19e71da590af0a,R114792-03,W118892,AB24ROOM,19,-36,0,1,PASS,1,1,72,0,1222,0,2026-03-24T15:11:43Z,2026-03-24
ac19e71da590af0a_1223,ac19e71da590af0a,R114792-03,W118892,AB24ROOM,18,-36,0,1,PASS,1,1,72,0,1223,0,2026-03-24T15:11:43Z,2026-03-24
ac19e71da590af0a_1224,ac19e71da590af0a,R114792-03,W118892,AB24ROOM,17,-36,0,1,PASS,1,1,72,0,1224,0,2026-03-24T15:11:43Z,2026-03-24
ac19e71da590af0a_1225,ac19e71da590af0a,R114792-03,W118892,AB24ROOM,16,-36,0,1,PASS,1,1,72,0,1225,0,2026-03-24T15:11:43Z,2026-03-24
ac19e71da590af0a_1226,ac19e71da590af0a,R114792-03,W118892,AB24ROOM,15,-36,0,1,PASS,1,1,74,0,1226,0,2026-03-24T15:11:43Z,2026-03-24
ac19e71da590af0a_1227,ac19e71da590af0a,R114792-03,W118892,AB24ROOM,14,-36,0,1,PASS,1,1,72,0,1227,0,2026-03-24T15:11:43Z,2026-03-24
ac19e71da590af0a_1228,ac19e71da590af0a,R114792-03,W118892,AB24ROOM,13,-36,0,1,PASS,1,1,72,0,1228,0,2026-03-24T15:11:43Z,2026-03-24
ac19e71da590af0a_1229,ac19e71da590af0a,R114792-03,W118892,AB24ROOM,10,-36,0,1,PASS,1,1,72,0,1229,0,2026-03-24T15:11:43Z,2026-03-24
ac19e71da590af0a_1230,ac19e71da590af0a,R114792-03,W118892,AB24ROOM,9,-36,0,1,FAIL,2,2,55,0,1230,0,2026-03-24T15:11:43Z,2026-03-24
ac19e71da590af0a_1231,ac19e71da590af0a,R114792-03,W118892,AB24ROOM,8,-36,0,1,PASS,1,1,74,0,1231,0,2026-03-24T15:11:43Z,2026-03-24
ac19e71da590af0a_1232,ac19e71da590af0a,R114792-03,W118892,AB24ROOM,8,-37,0,1,FAIL,2,2,37,0,1232,0,2026-03-24T15:11:43Z,2026-03-24
ac19e71da590af0a_1233,ac19e71da590af0a,R114792-03,W118892,AB24ROOM,9,-37,0,1,PASS,1,1,74,0,1233,0,2026-03-24T15:11:43Z,2026-03-24
ac19e71da590af0a_1234,ac19e71da590af0a,R114792-03,W118892,AB24ROOM,10,-37,0,1,PASS,1,1,72,0,1234,0,2026-03-24T15:11:43Z,2026-03-24
ac19e71da590af0a_1235,ac19e71da590af0a,R114792-03,W118892,AB24ROOM,13,-37,0,1,PASS,1,1,72,0,1235,0,2026-03-24T15:11:43Z,2026-03-24
ac19e71da590af0a_1236,ac19e71da590af0a,R114792-03,W118892,AB24ROOM,14,-37,0,1,PASS,1,1,72,0,1236,0,2026-03-24T15:11:43Z,2026-03-24
ac19e71da590af0a_1237,ac19e71da590af0a,R114792-03,W118892,AB24ROOM,15,-37,0,1,PASS,1,1,72,0,1237,0,2026-03-24T15:11:43Z,2026-03-24
ac19e71da590af0a_1238,ac19e71da590af0a,R114792-03,W118892,AB24ROOM,16,-37,0,1,PASS,1,1,72,0,1238,0,2026-03-24T15:11:43Z,2026-03-24
ac19e71da590af0a_1239,ac19e71da590af0a,R114792-03,W118892,AB24ROOM,17,-37,0,1,PASS,1,1,74,0,1239,0,2026-03-24T15:11:43Z,2026-03-24
ac19e71da590af0a_1240,ac19e71da590af0a,R114792-03,W118892,AB24ROOM,18,-37,0,1,PASS,1,1,72,0,1240,0,2026-03-24T15:11:43Z,2026-03-24
ac19e71da590af0a_1241,ac19e71da590af0a,R114792-03,W118892,AB24ROOM,19,-37,0,1,FAIL,2,2,51,0,1241,0,2026-03-24T15:11:43Z,2026-03-24
ac19e71da590af0a_1242,ac19e71da590af0a,R114792-03,W118892,AB24ROOM,20,-37,0,1,PASS,1,1,74,0,1242,0,2026-03-24T15:11:43Z,2026-03-24
ac19e71da590af0a_1243,ac19e71da590af0a,R114792-03,W118892,AB24ROOM,21,-37,0,1,PASS,1,1,72,0,1243,0,2026-03-24T15:11:43Z,2026-03-24
ac19e71da590af0a_1244,ac19e71da590af0a,R114792-03,W118892,AB24ROOM,22,-37,0,1,PASS,1,1,72,0,1244,0,2026-03-24T15:11:43Z,2026-03-24
ac19e71da590af0a_1245,ac19e71da590af0a,R114792-03,W118892,AB24ROOM,23,-37,0,1,PASS,1,1,72,0,1245,0,2026-03-24T15:11:43Z,2026-03-24
ac19e71da590af0a_1246,ac19e71da590af0a,R114792-03,W118892,AB24ROOM,24,-37,0,1,PASS,1,1,72,0,1246,0,2026-03-24T15:11:43Z,2026-03-24
ac19e71da590af0a_1247,ac19e71da590af0a,R114792-03,W118892,AB24ROOM,25,-37,0,1,PASS,1,1,72,0,1247,0,2026-03-24T15:11:43Z,2026-03-24
ac19e71da590af0a_1248,ac19e71da590af0a,R114792-03,W118892,AB24ROOM,26,-37,0,1,PASS,1,1,74,0,1248,0,2026-03-24T15:11:43Z,2026-03-24
ac19e71da590af0a_1249,ac19e71da590af0a,R114792-03,W118892,AB24ROOM,27,-37,0,1,PASS,1,1,72,0,1249,0,2026-03-24T15:11:43Z,2026-03-24
ac19e71da590af0a_1250,ac19e71da590af0a,R114792-03,W118892,AB24ROOM,28,-37,0,1,PASS,1,1,72,0,1250,0,2026-03-24T15:11:43Z,2026-03-24
ac19e71da590af0a_1251,ac19e71da590af0a,R114792-03,W118892,AB24ROOM,29,-37,0,1,PASS,1,1,72,0,1251,0,2026-03-24T15:11:43Z,2026-03-24
ac19e71da590af0a_1252,ac19e71da590af0a,R114792-03,W118892,AB24ROOM,30,-37,0,1,PASS,1,1,72,0,1252,0,2026-03-24T15:11:43Z,2026-03-24
ac19e71da590af0a_1253,ac19e71da590af0a,R114792-03,W118892,AB24ROOM,31,-37,0,1,PASS,1,1,72,0,1253,0,2026-03-24T15:11:43Z,2026-03-24
ac19e71da590af0a_1254,ac19e71da590af0a,R114792-03,W118892,AB24ROOM,32,-37,0,1,FAIL,8,8,32,0,1254,0,2026-03-24T15:11:43Z,2026-03-24
ac19e71da590af0a_1255,ac19e71da590af0a,R114792-03,W118892,AB24ROOM,33,-37,0,1,PASS,1,1,74,0,1255,0,2026-03-24T15:11:43Z,2026-03-24
ac19e71da590af0a_1256,ac19e71da590af0a,R114792-03,W118892,AB24ROOM,34,-37,0,1,PASS,1,1,72,0,1256,0,2026-03-24T15:11:43Z,2026-03-24
ac19e71da590af0a_1257,ac19e71da590af0a,R114792-03,W118892,AB24ROOM,35,-37,0,1,PASS,1,1,72,0,1257,0,2026-03-24T15:11:43Z,2026-03-24
ac19e71da590af0a_1258,ac19e71da590af0a,R114792-03,W118892,AB24ROOM,36,-37,0,1,PASS,1,1,72,0,1258,0,2026-03-24T15:11:43Z,2026-03-24
ac19e71da590af0a_1259,ac19e71da590af0a,R114792-03,W118892,AB24ROOM,37,-37,0,1,PASS,1,1,72,0,1259,0,2026-03-24T15:11:43Z,2026-03-24
ac19e71da590af0a_1260,ac19e71da590af0a,R114792-03,W118892,AB24ROOM,40,-37,0,1,PASS,1,1,72,0,1260,0,2026-03-24T15:11:43Z,2026-03-24
ac19e71da590af0a_1261,ac19e71da590af0a,R114792-03,W118892,AB24ROOM,41,-37,0,1,PASS,1,1,74,0,1261,0,2026-03-24T15:11:43Z,2026-03-24
ac19e71da590af0a_1262,ac19e71da590af0a,R114792-03,W118892,AB24ROOM,42,-37,0,1,PASS,1,1,72,0,1262,0,2026-03-24T15:11:43Z,2026-03-24
ac19e71da590af0a_1263,ac19e71da590af0a,R114792-03,W118892,AB24ROOM,41,-38,0,1,PASS,1,1,72,0,1263,0,2026-03-24T15:11:43Z,2026-03-24
ac19e71da590af0a_1264,ac19e71da590af0a,R114792-03,W118892,AB24ROOM,40,-38,0,1,PASS,1,1,72,0,1264,0,2026-03-24T15:11:43Z,2026-03-24
ac19e71da590af0a_1265,ac19e71da590af0a,R114792-03,W118892,AB24ROOM,39,-38,0,1,PASS,1,1,72,0,1265,0,2026-03-24T15:11:43Z,2026-03-24
ac19e71da590af0a_1266,ac19e71da590af0a,R114792-03,W118892,AB24ROOM,38,-38,0,1,PASS,1,1,72,0,1266,0,2026-03-24T15:11:43Z,2026-03-24
ac19e71da590af0a_1267,ac19e71da590af0a,R114792-03,W118892,AB24ROOM,37,-38,0,1,PASS,1,1,74,0,1267,0,2026-03-24T15:11:43Z,2026-03-24
ac19e71da590af0a_1268,ac19e71da590af0a,R114792-03,W118892,AB24ROOM,36,-38,0,1,PASS,1,1,72,0,1268,0,2026-03-24T15:11:43Z,2026-03-24
ac19e71da590af0a_1269,ac19e71da590af0a,R114792-03,W118892,AB24ROOM,35,-38,0,1,PASS,1,1,72,0,1269,0,2026-03-24T15:11:43Z,2026-03-24
ac19e71da590af0a_1270,ac19e71da590af0a,R114792-03,W118892,AB24ROOM,34,-38,0,1,PASS,1,1,72,0,1270,0,2026-03-24T15:11:43Z,2026-03-24
ac19e71da590af0a_1271,ac19e71da590af0a,R114792-03,W118892,AB24ROOM,33,-38,0,1,PASS,1,1,72,0,1271,0,2026-03-24T15:11:43Z,2026-03-24
ac19e71da590af0a_1272,ac19e71da590af0a,R114792-03,W118892,AB24ROOM,32,-38,0,1,PASS,1,1,72,0,1272,0,2026-03-24T15:11:43Z,2026-03-24
ac19e71da590af0a_1273,ac19e71da590af0a,R114792-03,W118892,AB24ROOM,31,-38,0,1,PASS,1,1,74,0,1273,0,2026-03-24T15:11:43Z,2026-03-24
ac19e71da590af0a_1274,ac19e71da590af0a,R114792-03,W118892,AB24ROOM,30,-38,0,1,PASS,1,1,72,0,1274,0,2026-03-24T15:11:43Z,2026-03-24
ac19e71da590af0a_1275,ac19e71da590af0a,R114792-03,W118892,AB24ROOM,29,-38,0,1,PASS,1,1,72,0,1275,0,2026-03-24T15:11:43Z,2026-03-24
ac19e71da590af0a_1276,ac19e71da590af0a,R114792-03,W118892,AB24ROOM,28,-38,0,1,PASS,1,1,72,0,1276,0,2026-03-24T15:11:43Z,2026-03-24
ac19e71da590af0a_1277,ac19e71da590af0a,R114792-03,W118892,AB24ROOM,27,-38,0,1,PASS,1,1,72,0,1277,0,2026-03-24T15:11:43Z,2026-03-24
ac19e71da590af0a_1278,ac19e71da590af0a,R114792-03,W118892,AB24ROOM,26,-38,0,1,PASS,1,1,72,0,1278,0,2026-03-24T15:11:43Z,2026-03-24
ac19e71da590af0a_1279,ac19e71da590af0a,R114792-03,W118892,AB24ROOM,25,-38,0,1,PASS,1,1,74,0,1279,0,2026-03-24T15:11:43Z,2026-03-24
ac19e71da590af0a_1280,ac19e71da590af0a,R114792-03,W118892,AB24ROOM,24,-38,0,1,PASS,1,1,72,0,1280,0,2026-03-24T15:11:43Z,2026-03-24
ac19e71da590af0a_1281,ac19e71da590af0a,R114792-03,W118892,AB24ROOM,23,-38,0,1,PASS,1,1,72,0,1281,0,2026-03-24T15:11:43Z,2026-03-24
ac19e71da590af0a_1282,ac19e71da590af0a,R114792-03,W118892,AB24ROOM,22,-38,0,1,PASS,1,1,72,0,1282,0,2026-03-24T15:11:43Z,2026-03-24
ac19e71da590af0a_1283,ac19e71da590af0a,R114792-03,W118892,AB24ROOM,21,-38,0,1,PASS,1,1,72,0,1283,0,2026-03-24T15:11:43Z,2026-03-24
ac19e71da590af0a_1284,ac19e71da590af0a,R114792-03,W118892,AB24ROOM,20,-38,0,1,PASS,1,1,72,0,1284,0,2026-03-24T15:11:43Z,2026-03-24
ac19e71da590af0a_1285,ac19e71da590af0a,R114792-03,W118892,AB24ROOM,19,-38,0,1,PASS,1,1,74,0,1285,0,2026-03-24T15:11:43Z,2026-03-24
ac19e71da590af0a_1286,ac19e71da590af0a,R114792-03,W118892,AB24ROOM,18,-38,0,1,PASS,1,1,72,0,1286,0,2026-03-24T15:11:43Z,2026-03-24
ac19e71da590af0a_1287,ac19e71da590af0a,R114792-03,W118892,AB24ROOM,17,-38,0,1,PASS,1,1,54,0,1287,0,2026-03-24T15:11:43Z,2026-03-24
ac19e71da590af0a_1288,ac19e71da590af0a,R114792-03,W118892,AB24ROOM,16,-38,0,1,PASS,1,1,72,0,1288,0,2026-03-24T15:11:43Z,2026-03-24
ac19e71da590af0a_1289,ac19e71da590af0a,R114792-03,W118892,AB24ROOM,15,-38,0,1,PASS,1,1,72,0,1289,0,2026-03-24T15:11:43Z,2026-03-24
ac19e71da590af0a_1290,ac19e71da590af0a,R114792-03,W118892,AB24ROOM,14,-38,0,1,PASS,1,1,72,0,1290,0,2026-03-24T15:11:43Z,2026-03-24
ac19e71da590af0a_1291,ac19e71da590af0a,R114792-03,W118892,AB24ROOM,13,-38,0,1,PASS,1,1,74,0,1291,0,2026-03-24T15:11:43Z,2026-03-24
ac19e71da590af0a_1292,ac19e71da590af0a,R114792-03,W118892,AB24ROOM,12,-38,0,1,PASS,1,1,72,0,1292,0,2026-03-24T15:11:43Z,2026-03-24
ac19e71da590af0a_1293,ac19e71da590af0a,R114792-03,W118892,AB24ROOM,11,-38,0,1,PASS,1,1,72,0,1293,0,2026-03-24T15:11:43Z,2026-03-24
ac19e71da590af0a_1294,ac19e71da590af0a,R114792-03,W118892,AB24ROOM,10,-38,0,1,PASS,1,1,72,0,1294,0,2026-03-24T15:11:43Z,2026-03-24
ac19e71da590af0a_1295,ac19e71da590af0a,R114792-03,W118892,AB24ROOM,9,-38,0,1,PASS,1,1,72,0,1295,0,2026-03-24T15:11:43Z,2026-03-24
ac19e71da590af0a_1296,ac19e71da590af0a,R114792-03,W118892,AB24ROOM,10,-39,0,1,PASS,1,1,72,0,1296,0,2026-03-24T15:11:43Z,2026-03-24
ac19e71da590af0a_1297,ac19e71da590af0a,R114792-03,W118892,AB24ROOM,11,-39,0,1,PASS,1,1,74,0,1297,0,2026-03-24T15:11:43Z,2026-03-24
ac19e71da590af0a_1298,ac19e71da590af0a,R114792-03,W118892,AB24ROOM,12,-39,0,1,PASS,1,1,72,0,1298,0,2026-03-24T15:11:43Z,2026-03-24
ac19e71da590af0a_1299,ac19e71da590af0a,R114792-03,W118892,AB24ROOM,13,-39,0,1,PASS,1,1,72,0,1299,0,2026-03-24T15:11:43Z,2026-03-24
ac19e71da590af0a_1300,ac19e71da590af0a,R114792-03,W118892,AB24ROOM,14,-39,0,1,PASS,1,1,72,0,1300,0,2026-03-24T15:11:43Z,2026-03-24
ac19e71da590af0a_1301,ac19e71da590af0a,R114792-03,W118892,AB24ROOM,15,-39,0,1,PASS,1,1,72,0,1301,0,2026-03-24T15:11:43Z,2026-03-24
ac19e71da590af0a_1302,ac19e71da590af0a,R114792-03,W118892,AB24ROOM,16,-39,0,1,PASS,1,1,72,0,1302,0,2026-03-24T15:11:43Z,2026-03-24
ac19e71da590af0a_1303,ac19e71da590af0a,R114792-03,W118892,AB24ROOM,17,-39,0,1,PASS,1,1,74,0,1303,0,2026-03-24T15:11:43Z,2026-03-24
ac19e71da590af0a_1304,ac19e71da590af0a,R114792-03,W118892,AB24ROOM,18,-39,0,1,FAIL,8,8,29,0,1304,0,2026-03-24T15:11:43Z,2026-03-24
ac19e71da590af0a_1305,ac19e71da590af0a,R114792-03,W118892,AB24ROOM,19,-39,0,1,PASS,1,1,74,0,1305,0,2026-03-24T15:11:43Z,2026-03-24
ac19e71da590af0a_1306,ac19e71da590af0a,R114792-03,W118892,AB24ROOM,20,-39,0,1,FAIL,8,8,29,0,1306,0,2026-03-24T15:11:43Z,2026-03-24
ac19e71da590af0a_1307,ac19e71da590af0a,R114792-03,W118892,AB24ROOM,21,-39,0,1,FAIL,20,20,64,0,1307,0,2026-03-24T15:11:43Z,2026-03-24
ac19e71da590af0a_1308,ac19e71da590af0a,R114792-03,W118892,AB24ROOM,22,-39,0,1,PASS,1,1,74,0,1308,0,2026-03-24T15:11:43Z,2026-03-24
ac19e71da590af0a_1309,ac19e71da590af0a,R114792-03,W118892,AB24ROOM,23,-39,0,1,PASS,1,1,72,0,1309,0,2026-03-24T15:11:43Z,2026-03-24
ac19e71da590af0a_1310,ac19e71da590af0a,R114792-03,W118892,AB24ROOM,24,-39,0,1,PASS,1,1,72,0,1310,0,2026-03-24T15:11:43Z,2026-03-24
ac19e71da590af0a_1311,ac19e71da590af0a,R114792-03,W118892,AB24ROOM,25,-39,0,1,PASS,1,1,72,0,1311,0,2026-03-24T15:11:43Z,2026-03-24
ac19e71da590af0a_1312,ac19e71da590af0a,R114792-03,W118892,AB24ROOM,26,-39,0,1,PASS,1,1,72,0,1312,0,2026-03-24T15:11:43Z,2026-03-24
ac19e71da590af0a_1313,ac19e71da590af0a,R114792-03,W118892,AB24ROOM,27,-39,0,1,PASS,1,1,72,0,1313,0,2026-03-24T15:11:43Z,2026-03-24
ac19e71da590af0a_1314,ac19e71da590af0a,R114792-03,W118892,AB24ROOM,28,-39,0,1,PASS,1,1,74,0,1314,0,2026-03-24T15:11:43Z,2026-03-24
ac19e71da590af0a_1315,ac19e71da590af0a,R114792-03,W118892,AB24ROOM,29,-39,0,1,PASS,1,1,54,0,1315,0,2026-03-24T15:11:43Z,2026-03-24
ac19e71da590af0a_1316,ac19e71da590af0a,R114792-03,W118892,AB24ROOM,30,-39,0,1,PASS,1,1,54,0,1316,0,2026-03-24T15:11:43Z,2026-03-24
ac19e71da590af0a_1317,ac19e71da590af0a,R114792-03,W118892,AB24ROOM,31,-39,0,1,PASS,1,1,72,0,1317,0,2026-03-24T15:11:43Z,2026-03-24
ac19e71da590af0a_1318,ac19e71da590af0a,R114792-03,W118892,AB24ROOM,32,-39,0,1,PASS,1,1,72,0,1318,0,2026-03-24T15:11:43Z,2026-03-24
ac19e71da590af0a_1319,ac19e71da590af0a,R114792-03,W118892,AB24ROOM,33,-39,0,1,PASS,1,1,72,0,1319,0,2026-03-24T15:11:43Z,2026-03-24
ac19e71da590af0a_1320,ac19e71da590af0a,R114792-03,W118892,AB24ROOM,34,-39,0,1,PASS,1,1,56,0,1320,0,2026-03-24T15:11:43Z,2026-03-24
ac19e71da590af0a_1321,ac19e71da590af0a,R114792-03,W118892,AB24ROOM,35,-39,0,1,PASS,1,1,72,0,1321,0,2026-03-24T15:11:43Z,2026-03-24
ac19e71da590af0a_1322,ac19e71da590af0a,R114792-03,W118892,AB24ROOM,36,-39,0,1,PASS,1,1,72,0,1322,0,2026-03-24T15:11:43Z,2026-03-24
ac19e71da590af0a_1323,ac19e71da590af0a,R114792-03,W118892,AB24ROOM,37,-39,0,1,PASS,1,1,72,0,1323,0,2026-03-24T15:11:43Z,2026-03-24
ac19e71da590af0a_1324,ac19e71da590af0a,R114792-03,W118892,AB24ROOM,38,-39,0,1,PASS,1,1,72,0,1324,0,2026-03-24T15:11:43Z,2026-03-24
ac19e71da590af0a_1325,ac19e71da590af0a,R114792-03,W118892,AB24ROOM,39,-39,0,1,PASS,1,1,72,0,1325,0,2026-03-24T15:11:43Z,2026-03-24
ac19e71da590af0a_1326,ac19e71da590af0a,R114792-03,W118892,AB24ROOM,40,-39,0,1,PASS,1,1,74,0,1326,0,2026-03-24T15:11:43Z,2026-03-24
ac19e71da590af0a_1327,ac19e71da590af0a,R114792-03,W118892,AB24ROOM,39,-40,0,1,PASS,1,1,72,0,1327,0,2026-03-24T15:11:43Z,2026-03-24
ac19e71da590af0a_1328,ac19e71da590af0a,R114792-03,W118892,AB24ROOM,38,-40,0,1,PASS,1,1,72,0,1328,0,2026-03-24T15:11:43Z,2026-03-24
ac19e71da590af0a_1329,ac19e71da590af0a,R114792-03,W118892,AB24ROOM,37,-40,0,1,PASS,1,1,72,0,1329,0,2026-03-24T15:11:43Z,2026-03-24
ac19e71da590af0a_1330,ac19e71da590af0a,R114792-03,W118892,AB24ROOM,36,-40,0,1,PASS,1,1,72,0,1330,0,2026-03-24T15:11:43Z,2026-03-24
ac19e71da590af0a_1331,ac19e71da590af0a,R114792-03,W118892,AB24ROOM,35,-40,0,1,PASS,1,1,72,0,1331,0,2026-03-24T15:11:43Z,2026-03-24
ac19e71da590af0a_1332,ac19e71da590af0a,R114792-03,W118892,AB24ROOM,34,-40,0,1,FAIL,20,20,64,0,1332,0,2026-03-24T15:11:43Z,2026-03-24
ac19e71da590af0a_1333,ac19e71da590af0a,R114792-03,W118892,AB24ROOM,33,-40,0,1,PASS,1,1,74,0,1333,0,2026-03-24T15:11:43Z,2026-03-24
ac19e71da590af0a_1334,ac19e71da590af0a,R114792-03,W118892,AB24ROOM,32,-40,0,1,PASS,1,1,72,0,1334,0,2026-03-24T15:11:43Z,2026-03-24
ac19e71da590af0a_1335,ac19e71da590af0a,R114792-03,W118892,AB24ROOM,31,-40,0,1,PASS,1,1,72,0,1335,0,2026-03-24T15:11:43Z,2026-03-24
ac19e71da590af0a_1336,ac19e71da590af0a,R114792-03,W118892,AB24ROOM,30,-40,0,1,PASS,1,1,72,0,1336,0,2026-03-24T15:11:43Z,2026-03-24
ac19e71da590af0a_1337,ac19e71da590af0a,R114792-03,W118892,AB24ROOM,29,-40,0,1,PASS,1,1,54,0,1337,0,2026-03-24T15:11:43Z,2026-03-24
ac19e71da590af0a_1338,ac19e71da590af0a,R114792-03,W118892,AB24ROOM,28,-40,0,1,PASS,1,1,54,0,1338,0,2026-03-24T15:11:43Z,2026-03-24
ac19e71da590af0a_1339,ac19e71da590af0a,R114792-03,W118892,AB24ROOM,27,-40,0,1,FAIL,8,8,35,0,1339,0,2026-03-24T15:11:43Z,2026-03-24
ac19e71da590af0a_1340,ac19e71da590af0a,R114792-03,W118892,AB24ROOM,26,-40,0,1,PASS,1,1,74,0,1340,0,2026-03-24T15:11:43Z,2026-03-24
ac19e71da590af0a_1341,ac19e71da590af0a,R114792-03,W118892,AB24ROOM,25,-40,0,1,PASS,1,1,72,0,1341,0,2026-03-24T15:11:43Z,2026-03-24
ac19e71da590af0a_1342,ac19e71da590af0a,R114792-03,W118892,AB24ROOM,24,-40,0,1,PASS,1,1,72,0,1342,0,2026-03-24T15:11:43Z,2026-03-24
ac19e71da590af0a_1343,ac19e71da590af0a,R114792-03,W118892,AB24ROOM,23,-40,0,1,PASS,1,1,54,0,1343,0,2026-03-24T15:11:43Z,2026-03-24
ac19e71da590af0a_1344,ac19e71da590af0a,R114792-03,W118892,AB24ROOM,22,-40,0,1,PASS,1,1,72,0,1344,0,2026-03-24T15:11:43Z,2026-03-24
ac19e71da590af0a_1345,ac19e71da590af0a,R114792-03,W118892,AB24ROOM,21,-40,0,1,PASS,1,1,72,0,1345,0,2026-03-24T15:11:43Z,2026-03-24
ac19e71da590af0a_1346,ac19e71da590af0a,R114792-03,W118892,AB24ROOM,20,-40,0,1,PASS,1,1,74,0,1346,0,2026-03-24T15:11:43Z,2026-03-24
ac19e71da590af0a_1347,ac19e71da590af0a,R114792-03,W118892,AB24ROOM,19,-40,0,1,PASS,1,1,72,0,1347,0,2026-03-24T15:11:43Z,2026-03-24
ac19e71da590af0a_1348,ac19e71da590af0a,R114792-03,W118892,AB24ROOM,18,-40,0,1,PASS,1,1,54,0,1348,0,2026-03-24T15:11:43Z,2026-03-24
ac19e71da590af0a_1349,ac19e71da590af0a,R114792-03,W118892,AB24ROOM,17,-40,0,1,PASS,1,1,72,0,1349,0,2026-03-24T15:11:43Z,2026-03-24
ac19e71da590af0a_1350,ac19e71da590af0a,R114792-03,W118892,AB24ROOM,16,-40,0,1,PASS,1,1,72,0,1350,0,2026-03-24T15:11:43Z,2026-03-24
ac19e71da590af0a_1351,ac19e71da590af0a,R114792-03,W118892,AB24ROOM,15,-40,0,1,PASS,1,1,72,0,1351,0,2026-03-24T15:11:43Z,2026-03-24
ac19e71da590af0a_1352,ac19e71da590af0a,R114792-03,W118892,AB24ROOM,14,-40,0,1,PASS,1,1,74,0,1352,0,2026-03-24T15:11:43Z,2026-03-24
ac19e71da590af0a_1353,ac19e71da590af0a,R114792-03,W118892,AB24ROOM,13,-40,0,1,PASS,1,1,72,0,1353,0,2026-03-24T15:11:43Z,2026-03-24
ac19e71da590af0a_1354,ac19e71da590af0a,R114792-03,W118892,AB24ROOM,12,-40,0,1,PASS,1,1,72,0,1354,0,2026-03-24T15:11:43Z,2026-03-24
ac19e71da590af0a_1355,ac19e71da590af0a,R114792-03,W118892,AB24ROOM,11,-40,0,1,PASS,1,1,72,0,1355,0,2026-03-24T15:11:43Z,2026-03-24
ac19e71da590af0a_1356,ac19e71da590af0a,R114792-03,W118892,AB24ROOM,12,-41,0,1,PASS,1,1,72,0,1356,0,2026-03-24T15:11:43Z,2026-03-24
ac19e71da590af0a_1357,ac19e71da590af0a,R114792-03,W118892,AB24ROOM,13,-41,0,1,PASS,1,1,72,0,1357,0,2026-03-24T15:11:43Z,2026-03-24
ac19e71da590af0a_1358,ac19e71da590af0a,R114792-03,W118892,AB24ROOM,14,-41,0,1,PASS,1,1,74,0,1358,0,2026-03-24T15:11:43Z,2026-03-24
ac19e71da590af0a_1359,ac19e71da590af0a,R114792-03,W118892,AB24ROOM,15,-41,0,1,PASS,1,1,72,0,1359,0,2026-03-24T15:11:43Z,2026-03-24
ac19e71da590af0a_1360,ac19e71da590af0a,R114792-03,W118892,AB24ROOM,16,-41,0,1,PASS,1,1,72,0,1360,0,2026-03-24T15:11:43Z,2026-03-24
ac19e71da590af0a_1361,ac19e71da590af0a,R114792-03,W118892,AB24ROOM,17,-41,0,1,PASS,1,1,72,0,1361,0,2026-03-24T15:11:43Z,2026-03-24
ac19e71da590af0a_1362,ac19e71da590af0a,R114792-03,W118892,AB24ROOM,18,-41,0,1,PASS,1,1,72,0,1362,0,2026-03-24T15:11:43Z,2026-03-24
ac19e71da590af0a_1363,ac19e71da590af0a,R114792-03,W118892,AB24ROOM,19,-41,0,1,PASS,1,1,72,0,1363,0,2026-03-24T15:11:43Z,2026-03-24
ac19e71da590af0a_1364,ac19e71da590af0a,R114792-03,W118892,AB24ROOM,20,-41,0,1,PASS,1,1,74,0,1364,0,2026-03-24T15:11:43Z,2026-03-24
ac19e71da590af0a_1365,ac19e71da590af0a,R114792-03,W118892,AB24ROOM,21,-41,0,1,PASS,1,1,72,0,1365,0,2026-03-24T15:11:43Z,2026-03-24
ac19e71da590af0a_1366,ac19e71da590af0a,R114792-03,W118892,AB24ROOM,22,-41,0,1,PASS,1,1,72,0,1366,0,2026-03-24T15:11:43Z,2026-03-24
ac19e71da590af0a_1367,ac19e71da590af0a,R114792-03,W118892,AB24ROOM,23,-41,0,1,PASS,1,1,72,0,1367,0,2026-03-24T15:11:43Z,2026-03-24
ac19e71da590af0a_1368,ac19e71da590af0a,R114792-03,W118892,AB24ROOM,24,-41,0,1,PASS,1,1,54,0,1368,0,2026-03-24T15:11:43Z,2026-03-24
ac19e71da590af0a_1369,ac19e71da590af0a,R114792-03,W118892,AB24ROOM,25,-41,0,1,PASS,1,1,72,0,1369,0,2026-03-24T15:11:43Z,2026-03-24
ac19e71da590af0a_1370,ac19e71da590af0a,R114792-03,W118892,AB24ROOM,26,-41,0,1,PASS,1,1,74,0,1370,0,2026-03-24T15:11:43Z,2026-03-24
ac19e71da590af0a_1371,ac19e71da590af0a,R114792-03,W118892,AB24ROOM,27,-41,0,1,PASS,1,1,72,0,1371,0,2026-03-24T15:11:43Z,2026-03-24
ac19e71da590af0a_1372,ac19e71da590af0a,R114792-03,W118892,AB24ROOM,28,-41,0,1,PASS,1,1,72,0,1372,0,2026-03-24T15:11:43Z,2026-03-24
ac19e71da590af0a_1373,ac19e71da590af0a,R114792-03,W118892,AB24ROOM,29,-41,0,1,PASS,1,1,72,0,1373,0,2026-03-24T15:11:43Z,2026-03-24
ac19e71da590af0a_1374,ac19e71da590af0a,R114792-03,W118892,AB24ROOM,30,-41,0,1,PASS,1,1,72,0,1374,0,2026-03-24T15:11:43Z,2026-03-24
ac19e71da590af0a_1375,ac19e71da590af0a,R114792-03,W118892,AB24ROOM,31,-41,0,1,PASS,1,1,72,0,1375,0,2026-03-24T15:11:43Z,2026-03-24
ac19e71da590af0a_1376,ac19e71da590af0a,R114792-03,W118892,AB24ROOM,32,-41,0,1,PASS,1,1,74,0,1376,0,2026-03-24T15:11:43Z,2026-03-24
ac19e71da590af0a_1377,ac19e71da590af0a,R114792-03,W118892,AB24ROOM,33,-41,0,1,PASS,1,1,72,0,1377,0,2026-03-24T15:11:43Z,2026-03-24
ac19e71da590af0a_1378,ac19e71da590af0a,R114792-03,W118892,AB24ROOM,34,-41,0,1,PASS,1,1,72,0,1378,0,2026-03-24T15:11:43Z,2026-03-24
ac19e71da590af0a_1379,ac19e71da590af0a,R114792-03,W118892,AB24ROOM,35,-41,0,1,PASS,1,1,72,0,1379,0,2026-03-24T15:11:43Z,2026-03-24
ac19e71da590af0a_1380,ac19e71da590af0a,R114792-03,W118892,AB24ROOM,36,-41,0,1,PASS,1,1,72,0,1380,0,2026-03-24T15:11:43Z,2026-03-24
ac19e71da590af0a_1381,ac19e71da590af0a,R114792-03,W118892,AB24ROOM,37,-41,0,1,PASS,1,1,72,0,1381,0,2026-03-24T15:11:43Z,2026-03-24
ac19e71da590af0a_1382,ac19e71da590af0a,R114792-03,W118892,AB24ROOM,38,-41,0,1,PASS,1,1,56,0,1382,0,2026-03-24T15:11:43Z,2026-03-24
ac19e71da590af0a_1383,ac19e71da590af0a,R114792-03,W118892,AB24ROOM,37,-42,0,1,FAIL,8,8,32,0,1383,0,2026-03-24T15:11:43Z,2026-03-24
ac19e71da590af0a_1384,ac19e71da590af0a,R114792-03,W118892,AB24ROOM,36,-42,0,1,PASS,1,1,74,0,1384,0,2026-03-24T15:11:43Z,2026-03-24
ac19e71da590af0a_1385,ac19e71da590af0a,R114792-03,W118892,AB24ROOM,35,-42,0,1,PASS,1,1,72,0,1385,0,2026-03-24T15:11:43Z,2026-03-24
ac19e71da590af0a_1386,ac19e71da590af0a,R114792-03,W118892,AB24ROOM,34,-42,0,1,PASS,1,1,72,0,1386,0,2026-03-24T15:11:43Z,2026-03-24
ac19e71da590af0a_1387,ac19e71da590af0a,R114792-03,W118892,AB24ROOM,33,-42,0,1,PASS,1,1,72,0,1387,0,2026-03-24T15:11:43Z,2026-03-24
ac19e71da590af0a_1388,ac19e71da590af0a,R114792-03,W118892,AB24ROOM,32,-42,0,1,PASS,1,1,72,0,1388,0,2026-03-24T15:11:43Z,2026-03-24
ac19e71da590af0a_1389,ac19e71da590af0a,R114792-03,W118892,AB24ROOM,31,-42,0,1,PASS,1,1,72,0,1389,0,2026-03-24T15:11:43Z,2026-03-24
ac19e71da590af0a_1390,ac19e71da590af0a,R114792-03,W118892,AB24ROOM,30,-42,0,1,PASS,1,1,74,0,1390,0,2026-03-24T15:11:43Z,2026-03-24
ac19e71da590af0a_1391,ac19e71da590af0a,R114792-03,W118892,AB24ROOM,29,-42,0,1,PASS,1,1,72,0,1391,0,2026-03-24T15:11:43Z,2026-03-24
ac19e71da590af0a_1392,ac19e71da590af0a,R114792-03,W118892,AB24ROOM,28,-42,0,1,PASS,1,1,72,0,1392,0,2026-03-24T15:11:43Z,2026-03-24
ac19e71da590af0a_1393,ac19e71da590af0a,R114792-03,W118892,AB24ROOM,27,-42,0,1,PASS,1,1,72,0,1393,0,2026-03-24T15:11:43Z,2026-03-24
ac19e71da590af0a_1394,ac19e71da590af0a,R114792-03,W118892,AB24ROOM,26,-42,0,1,PASS,1,1,72,0,1394,0,2026-03-24T15:11:43Z,2026-03-24
ac19e71da590af0a_1395,ac19e71da590af0a,R114792-03,W118892,AB24ROOM,25,-42,0,1,PASS,1,1,54,0,1395,0,2026-03-24T15:11:43Z,2026-03-24
ac19e71da590af0a_1396,ac19e71da590af0a,R114792-03,W118892,AB24ROOM,24,-42,0,1,PASS,1,1,74,0,1396,0,2026-03-24T15:11:43Z,2026-03-24
ac19e71da590af0a_1397,ac19e71da590af0a,R114792-03,W118892,AB24ROOM,23,-42,0,1,PASS,1,1,72,0,1397,0,2026-03-24T15:11:43Z,2026-03-24
ac19e71da590af0a_1398,ac19e71da590af0a,R114792-03,W118892,AB24ROOM,22,-42,0,1,PASS,1,1,72,0,1398,0,2026-03-24T15:11:43Z,2026-03-24
ac19e71da590af0a_1399,ac19e71da590af0a,R114792-03,W118892,AB24ROOM,21,-42,0,1,PASS,1,1,72,0,1399,0,2026-03-24T15:11:43Z,2026-03-24
ac19e71da590af0a_1400,ac19e71da590af0a,R114792-03,W118892,AB24ROOM,20,-42,0,1,PASS,1,1,72,0,1400,0,2026-03-24T15:11:43Z,2026-03-24
ac19e71da590af0a_1401,ac19e71da590af0a,R114792-03,W118892,AB24ROOM,19,-42,0,1,PASS,1,1,72,0,1401,0,2026-03-24T15:11:43Z,2026-03-24
ac19e71da590af0a_1402,ac19e71da590af0a,R114792-03,W118892,AB24ROOM,18,-42,0,1,FAIL,8,8,32,0,1402,0,2026-03-24T15:11:43Z,2026-03-24
ac19e71da590af0a_1403,ac19e71da590af0a,R114792-03,W118892,AB24ROOM,17,-42,0,1,PASS,1,1,74,0,1403,0,2026-03-24T15:11:43Z,2026-03-24
ac19e71da590af0a_1404,ac19e71da590af0a,R114792-03,W118892,AB24ROOM,16,-42,0,1,FAIL,8,8,32,0,1404,0,2026-03-24T15:11:43Z,2026-03-24
ac19e71da590af0a_1405,ac19e71da590af0a,R114792-03,W118892,AB24ROOM,15,-42,0,1,FAIL,8,8,32,0,1405,0,2026-03-24T15:11:43Z,2026-03-24
ac19e71da590af0a_1406,ac19e71da590af0a,R114792-03,W118892,AB24ROOM,14,-42,0,1,PASS,1,1,74,0,1406,0,2026-03-24T15:11:43Z,2026-03-24
ac19e71da590af0a_1407,ac19e71da590af0a,R114792-03,W118892,AB24ROOM,13,-42,0,1,FAIL,4,4,36,0,1407,0,2026-03-24T15:11:43Z,2026-03-24
ac19e71da590af0a_1408,ac19e71da590af0a,R114792-03,W118892,AB24ROOM,15,-43,0,1,PASS,1,1,74,0,1408,0,2026-03-24T15:11:43Z,2026-03-24
ac19e71da590af0a_1409,ac19e71da590af0a,R114792-03,W118892,AB24ROOM,16,-43,0,1,PASS,1,1,72,0,1409,0,2026-03-24T15:11:43Z,2026-03-24
ac19e71da590af0a_1410,ac19e71da590af0a,R114792-03,W118892,AB24ROOM,17,-43,0,1,PASS,1,1,72,0,1410,0,2026-03-24T15:11:43Z,2026-03-24
ac19e71da590af0a_1411,ac19e71da590af0a,R114792-03,W118892,AB24ROOM,18,-43,0,1,PASS,1,1,72,0,1411,0,2026-03-24T15:11:43Z,2026-03-24
ac19e71da590af0a_1412,ac19e71da590af0a,R114792-03,W118892,AB24ROOM,19,-43,0,1,PASS,1,1,72,0,1412,0,2026-03-24T15:11:43Z,2026-03-24
ac19e71da590af0a_1413,ac19e71da590af0a,R114792-03,W118892,AB24ROOM,20,-43,0,1,FAIL,2,2,54,0,1413,0,2026-03-24T15:11:43Z,2026-03-24
ac19e71da590af0a_1414,ac19e71da590af0a,R114792-03,W118892,AB24ROOM,21,-43,0,1,FAIL,2,2,53,0,1414,0,2026-03-24T15:11:43Z,2026-03-24
ac19e71da590af0a_1415,ac19e71da590af0a,R114792-03,W118892,AB24ROOM,22,-43,0,1,PASS,1,1,74,0,1415,0,2026-03-24T15:11:43Z,2026-03-24
ac19e71da590af0a_1416,ac19e71da590af0a,R114792-03,W118892,AB24ROOM,23,-43,0,1,PASS,1,1,72,0,1416,0,2026-03-24T15:11:43Z,2026-03-24
ac19e71da590af0a_1417,ac19e71da590af0a,R114792-03,W118892,AB24ROOM,24,-43,0,1,PASS,1,1,54,0,1417,0,2026-03-24T15:11:43Z,2026-03-24
ac19e71da590af0a_1418,ac19e71da590af0a,R114792-03,W118892,AB24ROOM,25,-43,0,1,PASS,1,1,54,0,1418,0,2026-03-24T15:11:43Z,2026-03-24
ac19e71da590af0a_1419,ac19e71da590af0a,R114792-03,W118892,AB24ROOM,26,-43,0,1,PASS,1,1,72,0,1419,0,2026-03-24T15:11:43Z,2026-03-24
ac19e71da590af0a_1420,ac19e71da590af0a,R114792-03,W118892,AB24ROOM,27,-43,0,1,PASS,1,1,72,0,1420,0,2026-03-24T15:11:43Z,2026-03-24
ac19e71da590af0a_1421,ac19e71da590af0a,R114792-03,W118892,AB24ROOM,28,-43,0,1,PASS,1,1,74,0,1421,0,2026-03-24T15:11:43Z,2026-03-24
ac19e71da590af0a_1422,ac19e71da590af0a,R114792-03,W118892,AB24ROOM,29,-43,0,1,PASS,1,1,72,0,1422,0,2026-03-24T15:11:43Z,2026-03-24
ac19e71da590af0a_1423,ac19e71da590af0a,R114792-03,W118892,AB24ROOM,30,-43,0,1,PASS,1,1,72,0,1423,0,2026-03-24T15:11:43Z,2026-03-24
ac19e71da590af0a_1424,ac19e71da590af0a,R114792-03,W118892,AB24ROOM,31,-43,0,1,PASS,1,1,72,0,1424,0,2026-03-24T15:11:43Z,2026-03-24
ac19e71da590af0a_1425,ac19e71da590af0a,R114792-03,W118892,AB24ROOM,32,-43,0,1,PASS,1,1,72,0,1425,0,2026-03-24T15:11:43Z,2026-03-24
ac19e71da590af0a_1426,ac19e71da590af0a,R114792-03,W118892,AB24ROOM,33,-43,0,1,PASS,1,1,72,0,1426,0,2026-03-24T15:11:43Z,2026-03-24
ac19e71da590af0a_1427,ac19e71da590af0a,R114792-03,W118892,AB24ROOM,34,-43,0,1,PASS,1,1,74,0,1427,0,2026-03-24T15:11:43Z,2026-03-24
ac19e71da590af0a_1428,ac19e71da590af0a,R114792-03,W118892,AB24ROOM,35,-43,0,1,PASS,1,1,72,0,1428,0,2026-03-24T15:11:43Z,2026-03-24
ac19e71da590af0a_1429,ac19e71da590af0a,R114792-03,W118892,AB24ROOM,33,-44,0,1,PASS,1,1,72,0,1429,0,2026-03-24T15:11:43Z,2026-03-24
ac19e71da590af0a_1430,ac19e71da590af0a,R114792-03,W118892,AB24ROOM,32,-44,0,1,PASS,1,1,72,0,1430,0,2026-03-24T15:11:43Z,2026-03-24
ac19e71da590af0a_1431,ac19e71da590af0a,R114792-03,W118892,AB24ROOM,31,-44,0,1,PASS,1,1,72,0,1431,0,2026-03-24T15:11:43Z,2026-03-24
ac19e71da590af0a_1432,ac19e71da590af0a,R114792-03,W118892,AB24ROOM,30,-44,0,1,PASS,1,1,72,0,1432,0,2026-03-24T15:11:43Z,2026-03-24
ac19e71da590af0a_1433,ac19e71da590af0a,R114792-03,W118892,AB24ROOM,29,-44,0,1,PASS,1,1,74,0,1433,0,2026-03-24T15:11:43Z,2026-03-24
ac19e71da590af0a_1434,ac19e71da590af0a,R114792-03,W118892,AB24ROOM,28,-44,0,1,PASS,1,1,54,0,1434,0,2026-03-24T15:11:43Z,2026-03-24
ac19e71da590af0a_1435,ac19e71da590af0a,R114792-03,W118892,AB24ROOM,27,-44,0,1,PASS,1,1,72,0,1435,0,2026-03-24T15:11:43Z,2026-03-24
ac19e71da590af0a_1436,ac19e71da590af0a,R114792-03,W118892,AB24ROOM,26,-44,0,1,PASS,1,1,72,0,1436,0,2026-03-24T15:11:43Z,2026-03-24
ac19e71da590af0a_1437,ac19e71da590af0a,R114792-03,W118892,AB24ROOM,25,-44,0,1,PASS,1,1,54,0,1437,0,2026-03-24T15:11:43Z,2026-03-24
ac19e71da590af0a_1438,ac19e71da590af0a,R114792-03,W118892,AB24ROOM,24,-44,0,1,PASS,1,1,72,0,1438,0,2026-03-24T15:11:43Z,2026-03-24
ac19e71da590af0a_1439,ac19e71da590af0a,R114792-03,W118892,AB24ROOM,23,-44,0,1,PASS,1,1,74,0,1439,0,2026-03-24T15:11:43Z,2026-03-24
ac19e71da590af0a_1440,ac19e71da590af0a,R114792-03,W118892,AB24ROOM,22,-44,0,1,PASS,1,1,72,0,1440,0,2026-03-24T15:11:43Z,2026-03-24
ac19e71da590af0a_1441,ac19e71da590af0a,R114792-03,W118892,AB24ROOM,21,-44,0,1,PASS,1,1,54,0,1441,0,2026-03-24T15:11:43Z,2026-03-24
ac19e71da590af0a_1442,ac19e71da590af0a,R114792-03,W118892,AB24ROOM,20,-44,0,1,PASS,1,1,72,0,1442,0,2026-03-24T15:11:43Z,2026-03-24
ac19e71da590af0a_1443,ac19e71da590af0a,R114792-03,W118892,AB24ROOM,19,-44,0,1,PASS,1,1,72,0,1443,0,2026-03-24T15:11:43Z,2026-03-24
ac19e71da590af0a_1444,ac19e71da590af0a,R114792-03,W118892,AB24ROOM,18,-44,0,1,PASS,1,1,72,0,1444,0,2026-03-24T15:11:43Z,2026-03-24
ac19e71da590af0a_1445,ac19e71da590af0a,R114792-03,W118892,AB24ROOM,17,-44,0,1,PASS,1,1,74,0,1445,0,2026-03-24T15:11:43Z,2026-03-24
ac19e71da590af0a_1446,ac19e71da590af0a,R114792-03,W118892,AB24ROOM,20,-45,0,1,PASS,1,1,72,0,1446,0,2026-03-24T15:11:43Z,2026-03-24
ac19e71da590af0a_1447,ac19e71da590af0a,R114792-03,W118892,AB24ROOM,21,-45,0,1,PASS,1,1,54,0,1447,0,2026-03-24T15:11:43Z,2026-03-24
ac19e71da590af0a_1448,ac19e71da590af0a,R114792-03,W118892,AB24ROOM,22,-45,0,1,PASS,1,1,54,0,1448,0,2026-03-24T15:11:43Z,2026-03-24
ac19e71da590af0a_1449,ac19e71da590af0a,R114792-03,W118892,AB24ROOM,23,-45,0,1,PASS,1,1,72,0,1449,0,2026-03-24T15:11:43Z,2026-03-24
ac19e71da590af0a_1450,ac19e71da590af0a,R114792-03,W118892,AB24ROOM,24,-45,0,1,PASS,1,1,72,0,1450,0,2026-03-24T15:11:43Z,2026-03-24
ac19e71da590af0a_1451,ac19e71da590af0a,R114792-03,W118892,AB24ROOM,25,-45,0,1,PASS,1,1,74,0,1451,0,2026-03-24T15:11:43Z,2026-03-24
ac19e71da590af0a_1452,ac19e71da590af0a,R114792-03,W118892,AB24ROOM,26,-45,0,1,PASS,1,1,72,0,1452,0,2026-03-24T15:11:43Z,2026-03-24
ac19e71da590af0a_1453,ac19e71da590af0a,R114792-03,W118892,AB24ROOM,27,-45,0,1,PASS,1,1,54,0,1453,0,2026-03-24T15:11:43Z,2026-03-24
ac19e71da590af0a_1454,ac19e71da590af0a,R114792-03,W118892,AB24ROOM,28,-45,0,1,PASS,1,1,54,0,1454,0,2026-03-24T15:11:43Z,2026-03-24
ac19e71da590af0a_1455,ac19e71da590af0a,R114792-03,W118892,AB24ROOM,29,-45,0,1,PASS,1,1,72,0,1455,0,2026-03-24T15:11:43Z,2026-03-24
ac19e71da590af0a_1456,ac19e71da590af0a,R114792-03,W118892,AB24ROOM,30,-45,0,1,PASS,1,1,54,0,1456,0,2026-03-24T15:11:43Z,2026-03-24
ac19e71da590af0a_1457,ac19e71da590af0a,R114792-03,W118892,AB24ROOM,31,-45,0,1,FAIL,5,5,1,0,1457,0,2026-03-24T15:11:43Z,2026-03-24
ac19e71da590af0a_1458,ac19e71da590af0a,R114792-03,W118892,AB24ROOM,19,-3,0,1,FAIL,5,5,1,0,1458,0,2026-03-24T15:11:43Z,2026-03-24
ac19e71da590af0a_1459,ac19e71da590af0a,R114792-03,W118892,AB24ROOM,27,-3,0,1,PASS,1,1,74,0,1459,0,2026-03-24T15:11:43Z,2026-03-24
ac19e71da590af0a_1460,ac19e71da590af0a,R114792-03,W118892,AB24ROOM,30,-3,0,1,FAIL,2,2,33,0,1460,0,2026-03-24T15:11:43Z,2026-03-24
ac19e71da590af0a_1461,ac19e71da590af0a,R114792-03,W118892,AB24ROOM,33,-4,0,1,FAIL,2,2,38,0,1461,0,2026-03-24T15:11:43Z,2026-03-24
ac19e71da590af0a_1462,ac19e71da590af0a,R114792-03,W118892,AB24ROOM,32,-4,0,1,PASS,1,1,56,0,1462,0,2026-03-24T15:11:43Z,2026-03-24
ac19e71da590af0a_1463,ac19e71da590af0a,R114792-03,W118892,AB24ROOM,27,-4,0,1,PASS,1,1,72,0,1463,0,2026-03-24T15:11:43Z,2026-03-24
ac19e71da590af0a_1464,ac19e71da590af0a,R114792-03,W118892,AB24ROOM,25,-4,0,1,PASS,1,1,72,0,1464,0,2026-03-24T15:11:43Z,2026-03-24
ac19e71da590af0a_1465,ac19e71da590af0a,R114792-03,W118892,AB24ROOM,22,-5,0,1,FAIL,2,2,33,0,1465,0,2026-03-24T15:11:43Z,2026-03-24
ac19e71da590af0a_1466,ac19e71da590af0a,R114792-03,W118892,AB24ROOM,23,-5,0,1,FAIL,10,10,11,0,1466,0,2026-03-24T15:11:43Z,2026-03-24
ac19e71da590af0a_1467,ac19e71da590af0a,R114792-03,W118892,AB24ROOM,34,-5,0,1,FAIL,2,2,57,0,1467,0,2026-03-24T15:11:43Z,2026-03-24
ac19e71da590af0a_1468,ac19e71da590af0a,R114792-03,W118892,AB24ROOM,28,-6,0,1,FAIL,10,10,11,0,1468,0,2026-03-24T15:11:43Z,2026-03-24
ac19e71da590af0a_1469,ac19e71da590af0a,R114792-03,W118892,AB24ROOM,14,-6,0,1,FAIL,2,2,38,0,1469,0,2026-03-24T15:11:43Z,2026-03-24
ac19e71da590af0a_1470,ac19e71da590af0a,R114792-03,W118892,AB24ROOM,13,-6,0,1,FAIL,10,10,11,0,1470,0,2026-03-24T15:11:43Z,2026-03-24
ac19e71da590af0a_1471,ac19e71da590af0a,R114792-03,W118892,AB24ROOM,17,-7,0,1,PASS,1,1,74,0,1471,0,2026-03-24T15:11:43Z,2026-03-24
ac19e71da590af0a_1472,ac19e71da590af0a,R114792-03,W118892,AB24ROOM,30,-7,0,1,PASS,1,1,54,0,1472,0,2026-03-24T15:11:43Z,2026-03-24
ac19e71da590af0a_1473,ac19e71da590af0a,R114792-03,W118892,AB24ROOM,29,-8,0,1,FAIL,2,2,33,0,1473,0,2026-03-24T15:11:43Z,2026-03-24
ac19e71da590af0a_1474,ac19e71da590af0a,R114792-03,W118892,AB24ROOM,28,-8,0,1,FAIL,2,2,35,0,1474,0,2026-03-24T15:11:43Z,2026-03-24
ac19e71da590af0a_1475,ac19e71da590af0a,R114792-03,W118892,AB24ROOM,25,-8,0,1,PASS,1,1,74,0,1475,0,2026-03-24T15:11:43Z,2026-03-24
ac19e71da590af0a_1476,ac19e71da590af0a,R114792-03,W118892,AB24ROOM,22,-9,0,1,FAIL,8,8,29,0,1476,0,2026-03-24T15:11:43Z,2026-03-24
ac19e71da590af0a_1477,ac19e71da590af0a,R114792-03,W118892,AB24ROOM,24,-9,0,1,PASS,1,1,74,0,1477,0,2026-03-24T15:11:43Z,2026-03-24
ac19e71da590af0a_1478,ac19e71da590af0a,R114792-03,W118892,AB24ROOM,25,-9,0,1,PASS,1,1,72,0,1478,0,2026-03-24T15:11:43Z,2026-03-24
ac19e71da590af0a_1479,ac19e71da590af0a,R114792-03,W118892,AB24ROOM,26,-9,0,1,PASS,1,1,72,0,1479,0,2026-03-24T15:11:43Z,2026-03-24
ac19e71da590af0a_1480,ac19e71da590af0a,R114792-03,W118892,AB24ROOM,27,-9,0,1,PASS,1,1,72,0,1480,0,2026-03-24T15:11:43Z,2026-03-24
ac19e71da590af0a_1481,ac19e71da590af0a,R114792-03,W118892,AB24ROOM,28,-9,0,1,FAIL,8,8,29,0,1481,0,2026-03-24T15:11:43Z,2026-03-24
ac19e71da590af0a_1482,ac19e71da590af0a,R114792-03,W118892,AB24ROOM,29,-9,0,1,FAIL,8,8,29,0,1482,0,2026-03-24T15:11:43Z,2026-03-24
ac19e71da590af0a_1483,ac19e71da590af0a,R114792-03,W118892,AB24ROOM,34,-9,0,1,PASS,1,1,56,0,1483,0,2026-03-24T15:11:43Z,2026-03-24
ac19e71da590af0a_1484,ac19e71da590af0a,R114792-03,W118892,AB24ROOM,35,-9,0,1,FAIL,8,8,29,0,1484,0,2026-03-24T15:11:43Z,2026-03-24
ac19e71da590af0a_1485,ac19e71da590af0a,R114792-03,W118892,AB24ROOM,36,-9,0,1,FAIL,8,8,29,0,1485,0,2026-03-24T15:11:43Z,2026-03-24
ac19e71da590af0a_1486,ac19e71da590af0a,R114792-03,W118892,AB24ROOM,37,-9,0,1,FAIL,8,8,29,0,1486,0,2026-03-24T15:11:43Z,2026-03-24
ac19e71da590af0a_1487,ac19e71da590af0a,R114792-03,W118892,AB24ROOM,38,-9,0,1,PASS,1,1,74,0,1487,0,2026-03-24T15:11:43Z,2026-03-24
ac19e71da590af0a_1488,ac19e71da590af0a,R114792-03,W118892,AB24ROOM,39,-9,0,1,FAIL,20,20,62,0,1488,0,2026-03-24T15:11:43Z,2026-03-24
ac19e71da590af0a_1489,ac19e71da590af0a,R114792-03,W118892,AB24ROOM,40,-10,0,1,FAIL,4,4,36,0,1489,0,2026-03-24T15:11:43Z,2026-03-24
ac19e71da590af0a_1490,ac19e71da590af0a,R114792-03,W118892,AB24ROOM,33,-10,0,1,PASS,1,1,56,0,1490,0,2026-03-24T15:11:43Z,2026-03-24
ac19e71da590af0a_1491,ac19e71da590af0a,R114792-03,W118892,AB24ROOM,24,-10,0,1,PASS,1,1,54,0,1491,0,2026-03-24T15:11:43Z,2026-03-24
ac19e71da590af0a_1492,ac19e71da590af0a,R114792-03,W118892,AB24ROOM,17,-10,0,1,FAIL,8,8,32,0,1492,0,2026-03-24T15:11:43Z,2026-03-24
ac19e71da590af0a_1493,ac19e71da590af0a,R114792-03,W118892,AB24ROOM,15,-10,0,1,FAIL,8,8,29,0,1493,0,2026-03-24T15:11:43Z,2026-03-24
ac19e71da590af0a_1494,ac19e71da590af0a,R114792-03,W118892,AB24ROOM,29,-11,0,1,FAIL,8,8,32,0,1494,0,2026-03-24T15:11:43Z,2026-03-24
ac19e71da590af0a_1495,ac19e71da590af0a,R114792-03,W118892,AB24ROOM,31,-11,0,1,FAIL,7,7,23,0,1495,0,2026-03-24T15:11:43Z,2026-03-24
ac19e71da590af0a_1496,ac19e71da590af0a,R114792-03,W118892,AB24ROOM,35,-11,0,1,PASS,1,1,56,0,1496,0,2026-03-24T15:11:43Z,2026-03-24
ac19e71da590af0a_1497,ac19e71da590af0a,R114792-03,W118892,AB24ROOM,41,-12,0,1,FAIL,2,2,54,0,1497,0,2026-03-24T15:11:43Z,2026-03-24
ac19e71da590af0a_1498,ac19e71da590af0a,R114792-03,W118892,AB24ROOM,28,-12,0,1,PASS,1,1,56,0,1498,0,2026-03-24T15:11:43Z,2026-03-24
ac19e71da590af0a_1499,ac19e71da590af0a,R114792-03,W118892,AB24ROOM,13,-12,0,1,PASS,1,1,72,0,1499,0,2026-03-24T15:11:43Z,2026-03-24
ac19e71da590af0a_1500,ac19e71da590af0a,R114792-03,W118892,AB24ROOM,8,-12,0,1,FAIL,2,2,36,0,1500,0,2026-03-24T15:11:43Z,2026-03-24
ac19e71da590af0a_1501,ac19e71da590af0a,R114792-03,W118892,AB24ROOM,6,-13,0,1,FAIL,5,5,1,0,1501,0,2026-03-24T15:11:43Z,2026-03-24
ac19e71da590af0a_1502,ac19e71da590af0a,R114792-03,W118892,AB24ROOM,15,-13,0,1,PASS,1,1,74,0,1502,0,2026-03-24T15:11:43Z,2026-03-24
ac19e71da590af0a_1503,ac19e71da590af0a,R114792-03,W118892,AB24ROOM,22,-13,0,1,FAIL,2,2,37,0,1503,0,2026-03-24T15:11:43Z,2026-03-24
ac19e71da590af0a_1504,ac19e71da590af0a,R114792-03,W118892,AB24ROOM,23,-13,0,1,PASS,1,1,74,0,1504,0,2026-03-24T15:11:43Z,2026-03-24
ac19e71da590af0a_1505,ac19e71da590af0a,R114792-03,W118892,AB24ROOM,25,-13,0,1,PASS,1,1,72,0,1505,0,2026-03-24T15:11:43Z,2026-03-24
ac19e71da590af0a_1506,ac19e71da590af0a,R114792-03,W118892,AB24ROOM,26,-13,0,1,PASS,1,1,72,0,1506,0,2026-03-24T15:11:43Z,2026-03-24
ac19e71da590af0a_1507,ac19e71da590af0a,R114792-03,W118892,AB24ROOM,27,-13,0,1,PASS,1,1,72,0,1507,0,2026-03-24T15:11:43Z,2026-03-24
ac19e71da590af0a_1508,ac19e71da590af0a,R114792-03,W118892,AB24ROOM,28,-13,0,1,FAIL,8,8,29,0,1508,0,2026-03-24T15:11:43Z,2026-03-24
ac19e71da590af0a_1509,ac19e71da590af0a,R114792-03,W118892,AB24ROOM,34,-13,0,1,FAIL,8,8,29,0,1509,0,2026-03-24T15:11:43Z,2026-03-24
ac19e71da590af0a_1510,ac19e71da590af0a,R114792-03,W118892,AB24ROOM,37,-13,0,1,PASS,1,1,56,0,1510,0,2026-03-24T15:11:43Z,2026-03-24
ac19e71da590af0a_1511,ac19e71da590af0a,R114792-03,W118892,AB24ROOM,44,-13,0,1,FAIL,5,5,1,0,1511,0,2026-03-24T15:11:43Z,2026-03-24
ac19e71da590af0a_1512,ac19e71da590af0a,R114792-03,W118892,AB24ROOM,35,-14,0,1,FAIL,10,10,11,0,1512,0,2026-03-24T15:11:43Z,2026-03-24
ac19e71da590af0a_1513,ac19e71da590af0a,R114792-03,W118892,AB24ROOM,24,-14,0,1,FAIL,2,2,39,0,1513,0,2026-03-24T15:11:43Z,2026-03-24
ac19e71da590af0a_1514,ac19e71da590af0a,R114792-03,W118892,AB24ROOM,5,-15,0,1,FAIL,5,5,1,0,1514,0,2026-03-24T15:11:43Z,2026-03-24
ac19e71da590af0a_1515,ac19e71da590af0a,R114792-03,W118892,AB24ROOM,9,-15,0,1,PASS,1,1,56,0,1515,0,2026-03-24T15:11:43Z,2026-03-24
ac19e71da590af0a_1516,ac19e71da590af0a,R114792-03,W118892,AB24ROOM,30,-15,0,1,PASS,1,1,54,0,1516,0,2026-03-24T15:11:43Z,2026-03-24
ac19e71da590af0a_1517,ac19e71da590af0a,R114792-03,W118892,AB24ROOM,42,-15,0,1,PASS,1,1,54,0,1517,0,2026-03-24T15:11:43Z,2026-03-24
ac19e71da590af0a_1518,ac19e71da590af0a,R114792-03,W118892,AB24ROOM,45,-15,0,1,FAIL,5,5,1,0,1518,0,2026-03-24T15:11:43Z,2026-03-24
ac19e71da590af0a_1519,ac19e71da590af0a,R114792-03,W118892,AB24ROOM,45,-16,0,1,FAIL,2,2,35,0,1519,0,2026-03-24T15:11:43Z,2026-03-24
ac19e71da590af0a_1520,ac19e71da590af0a,R114792-03,W118892,AB24ROOM,24,-16,0,1,PASS,1,1,74,0,1520,0,2026-03-24T15:11:43Z,2026-03-24
ac19e71da590af0a_1521,ac19e71da590af0a,R114792-03,W118892,AB24ROOM,16,-17,0,1,PASS,1,1,54,0,1521,0,2026-03-24T15:11:43Z,2026-03-24
ac19e71da590af0a_1522,ac19e71da590af0a,R114792-03,W118892,AB24ROOM,27,-17,0,1,FAIL,10,10,11,0,1522,0,2026-03-24T15:11:43Z,2026-03-24
ac19e71da590af0a_1523,ac19e71da590af0a,R114792-03,W118892,AB24ROOM,45,-17,0,1,FAIL,2,2,38,0,1523,0,2026-03-24T15:11:43Z,2026-03-24
ac19e71da590af0a_1524,ac19e71da590af0a,R114792-03,W118892,AB24ROOM,45,-18,0,1,FAIL,9,9,47,0,1524,0,2026-03-24T15:11:43Z,2026-03-24
ac19e71da590af0a_1525,ac19e71da590af0a,R114792-03,W118892,AB24ROOM,44,-18,0,1,FAIL,2,2,35,0,1525,0,2026-03-24T15:11:43Z,2026-03-24
ac19e71da590af0a_1526,ac19e71da590af0a,R114792-03,W118892,AB24ROOM,37,-18,0,1,FAIL,10,10,11,0,1526,0,2026-03-24T15:11:43Z,2026-03-24
ac19e71da590af0a_1527,ac19e71da590af0a,R114792-03,W118892,AB24ROOM,34,-18,0,1,FAIL,2,2,57,0,1527,0,2026-03-24T15:11:43Z,2026-03-24
ac19e71da590af0a_1528,ac19e71da590af0a,R114792-03,W118892,AB24ROOM,29,-18,0,1,PASS,1,1,56,0,1528,0,2026-03-24T15:11:43Z,2026-03-24
ac19e71da590af0a_1529,ac19e71da590af0a,R114792-03,W118892,AB24ROOM,19,-18,0,1,PASS,1,1,54,0,1529,0,2026-03-24T15:11:43Z,2026-03-24
ac19e71da590af0a_1530,ac19e71da590af0a,R114792-03,W118892,AB24ROOM,17,-18,0,1,PASS,1,1,54,0,1530,0,2026-03-24T15:11:43Z,2026-03-24
ac19e71da590af0a_1531,ac19e71da590af0a,R114792-03,W118892,AB24ROOM,34,-19,0,1,PASS,1,1,54,0,1531,0,2026-03-24T15:11:43Z,2026-03-24
ac19e71da590af0a_1532,ac19e71da590af0a,R114792-03,W118892,AB24ROOM,42,-19,0,1,PASS,1,1,72,0,1532,0,2026-03-24T15:11:43Z,2026-03-24
ac19e71da590af0a_1533,ac19e71da590af0a,R114792-03,W118892,AB24ROOM,33,-20,0,1,FAIL,2,2,33,0,1533,0,2026-03-24T15:11:43Z,2026-03-24
ac19e71da590af0a_1534,ac19e71da590af0a,R114792-03,W118892,AB24ROOM,23,-20,0,1,FAIL,2,2,35,0,1534,0,2026-03-24T15:11:43Z,2026-03-24
ac19e71da590af0a_1535,ac19e71da590af0a,R114792-03,W118892,AB24ROOM,4,-21,0,1,PASS,1,1,56,0,1535,0,2026-03-24T15:11:43Z,2026-03-24
ac19e71da590af0a_1536,ac19e71da590af0a,R114792-03,W118892,AB24ROOM,13,-21,0,1,PASS,1,1,54,0,1536,0,2026-03-24T15:11:43Z,2026-03-24
ac19e71da590af0a_1537,ac19e71da590af0a,R114792-03,W118892,AB24ROOM,23,-21,0,1,PASS,1,1,72,0,1537,0,2026-03-24T15:11:43Z,2026-03-24
ac19e71da590af0a_1538,ac19e71da590af0a,R114792-03,W118892,AB24ROOM,32,-21,0,1,PASS,1,1,72,0,1538,0,2026-03-24T15:11:43Z,2026-03-24
ac19e71da590af0a_1539,ac19e71da590af0a,R114792-03,W118892,AB24ROOM,35,-21,0,1,PASS,1,1,54,0,1539,0,2026-03-24T15:11:43Z,2026-03-24
ac19e71da590af0a_1540,ac19e71da590af0a,R114792-03,W118892,AB24ROOM,4,-22,0,1,FAIL,17,17,61,0,1540,0,2026-03-24T15:11:43Z,2026-03-24
ac19e71da590af0a_1541,ac19e71da590af0a,R114792-03,W118892,AB24ROOM,4,-23,0,1,FAIL,4,4,36,0,1541,0,2026-03-24T15:11:43Z,2026-03-24
ac19e71da590af0a_1542,ac19e71da590af0a,R114792-03,W118892,AB24ROOM,19,-23,0,1,PASS,1,1,56,0,1542,0,2026-03-24T15:11:43Z,2026-03-24
ac19e71da590af0a_1543,ac19e71da590af0a,R114792-03,W118892,AB24ROOM,40,-24,0,1,PASS,1,1,54,0,1543,0,2026-03-24T15:11:43Z,2026-03-24
ac19e71da590af0a_1544,ac19e71da590af0a,R114792-03,W118892,AB24ROOM,14,-24,0,1,PASS,1,1,54,0,1544,0,2026-03-24T15:11:43Z,2026-03-24
ac19e71da590af0a_1545,ac19e71da590af0a,R114792-03,W118892,AB24ROOM,4,-25,0,1,FAIL,17,17,43,0,1545,0,2026-03-24T15:11:43Z,2026-03-24
ac19e71da590af0a_1546,ac19e71da590af0a,R114792-03,W118892,AB24ROOM,5,-25,0,1,PASS,1,1,74,0,1546,0,2026-03-24T15:11:43Z,2026-03-24
ac19e71da590af0a_1547,ac19e71da590af0a,R114792-03,W118892,AB24ROOM,10,-25,0,1,FAIL,2,2,33,0,1547,0,2026-03-24T15:11:43Z,2026-03-24
ac19e71da590af0a_1548,ac19e71da590af0a,R114792-03,W118892,AB24ROOM,11,-25,0,1,FAIL,2,2,53,0,1548,0,2026-03-24T15:11:43Z,2026-03-24
ac19e71da590af0a_1549,ac19e71da590af0a,R114792-03,W118892,AB24ROOM,23,-25,0,1,PASS,1,1,74,0,1549,0,2026-03-24T15:11:43Z,2026-03-24
ac19e71da590af0a_1550,ac19e71da590af0a,R114792-03,W118892,AB24ROOM,26,-25,0,1,PASS,1,1,72,0,1550,0,2026-03-24T15:11:43Z,2026-03-24
ac19e71da590af0a_1551,ac19e71da590af0a,R114792-03,W118892,AB24ROOM,41,-25,0,1,PASS,1,1,54,0,1551,0,2026-03-24T15:11:43Z,2026-03-24
ac19e71da590af0a_1552,ac19e71da590af0a,R114792-03,W118892,AB24ROOM,42,-25,0,1,PASS,1,1,54,0,1552,0,2026-03-24T15:11:43Z,2026-03-24
ac19e71da590af0a_1553,ac19e71da590af0a,R114792-03,W118892,AB24ROOM,20,-26,0,1,PASS,1,1,54,0,1553,0,2026-03-24T15:11:43Z,2026-03-24
ac19e71da590af0a_1554,ac19e71da590af0a,R114792-03,W118892,AB24ROOM,4,-26,0,1,FAIL,17,17,43,0,1554,0,2026-03-24T15:11:43Z,2026-03-24
ac19e71da590af0a_1555,ac19e71da590af0a,R114792-03,W118892,AB24ROOM,7,-27,0,1,PASS,1,1,74,0,1555,0,2026-03-24T15:11:43Z,2026-03-24
ac19e71da590af0a_1556,ac19e71da590af0a,R114792-03,W118892,AB24ROOM,19,-27,0,1,FAIL,2,2,33,0,1556,0,2026-03-24T15:11:43Z,2026-03-24
ac19e71da590af0a_1557,ac19e71da590af0a,R114792-03,W118892,AB24ROOM,22,-27,0,1,PASS,1,1,74,0,1557,0,2026-03-24T15:11:43Z,2026-03-24
ac19e71da590af0a_1558,ac19e71da590af0a,R114792-03,W118892,AB24ROOM,26,-27,0,1,PASS,1,1,54,0,1558,0,2026-03-24T15:11:43Z,2026-03-24
ac19e71da590af0a_1559,ac19e71da590af0a,R114792-03,W118892,AB24ROOM,28,-27,0,1,PASS,1,1,54,0,1559,0,2026-03-24T15:11:43Z,2026-03-24
ac19e71da590af0a_1560,ac19e71da590af0a,R114792-03,W118892,AB24ROOM,29,-27,0,1,PASS,1,1,72,0,1560,0,2026-03-24T15:11:43Z,2026-03-24
ac19e71da590af0a_1561,ac19e71da590af0a,R114792-03,W118892,AB24ROOM,41,-28,0,1,FAIL,8,8,32,0,1561,0,2026-03-24T15:11:43Z,2026-03-24
ac19e71da590af0a_1562,ac19e71da590af0a,R114792-03,W118892,AB24ROOM,15,-28,0,1,PASS,1,1,56,0,1562,0,2026-03-24T15:11:43Z,2026-03-24
ac19e71da590af0a_1563,ac19e71da590af0a,R114792-03,W118892,AB24ROOM,4,-28,0,1,FAIL,17,17,43,0,1563,0,2026-03-24T15:11:43Z,2026-03-24
ac19e71da590af0a_1564,ac19e71da590af0a,R114792-03,W118892,AB24ROOM,4,-29,0,1,FAIL,8,8,29,0,1564,0,2026-03-24T15:11:43Z,2026-03-24
ac19e71da590af0a_1565,ac19e71da590af0a,R114792-03,W118892,AB24ROOM,5,-29,0,1,PASS,1,1,74,0,1565,0,2026-03-24T15:11:43Z,2026-03-24
ac19e71da590af0a_1566,ac19e71da590af0a,R114792-03,W118892,AB24ROOM,17,-29,0,1,FAIL,8,8,29,0,1566,0,2026-03-24T15:11:43Z,2026-03-24
ac19e71da590af0a_1567,ac19e71da590af0a,R114792-03,W118892,AB24ROOM,21,-29,0,1,FAIL,8,8,32,0,1567,0,2026-03-24T15:11:43Z,2026-03-24
ac19e71da590af0a_1568,ac19e71da590af0a,R114792-03,W118892,AB24ROOM,30,-29,0,1,PASS,1,1,56,0,1568,0,2026-03-24T15:11:43Z,2026-03-24
ac19e71da590af0a_1569,ac19e71da590af0a,R114792-03,W118892,AB24ROOM,32,-29,0,1,PASS,1,1,54,0,1569,0,2026-03-24T15:11:43Z,2026-03-24
ac19e71da590af0a_1570,ac19e71da590af0a,R114792-03,W118892,AB24ROOM,36,-29,0,1,PASS,1,1,72,0,1570,0,2026-03-24T15:11:43Z,2026-03-24
ac19e71da590af0a_1571,ac19e71da590af0a,R114792-03,W118892,AB24ROOM,42,-29,0,1,PASS,1,1,54,0,1571,0,2026-03-24T15:11:43Z,2026-03-24
ac19e71da590af0a_1572,ac19e71da590af0a,R114792-03,W118892,AB24ROOM,40,-30,0,1,PASS,1,1,72,0,1572,0,2026-03-24T15:11:43Z,2026-03-24
ac19e71da590af0a_1573,ac19e71da590af0a,R114792-03,W118892,AB24ROOM,26,-30,0,1,PASS,1,1,54,0,1573,0,2026-03-24T15:11:43Z,2026-03-24
ac19e71da590af0a_1574,ac19e71da590af0a,R114792-03,W118892,AB24ROOM,17,-30,0,1,FAIL,10,10,11,0,1574,0,2026-03-24T15:11:43Z,2026-03-24
ac19e71da590af0a_1575,ac19e71da590af0a,R114792-03,W118892,AB24ROOM,14,-31,0,1,FAIL,10,10,11,0,1575,0,2026-03-24T15:11:43Z,2026-03-24
ac19e71da590af0a_1576,ac19e71da590af0a,R114792-03,W118892,AB24ROOM,15,-31,0,1,FAIL,10,10,11,0,1576,0,2026-03-24T15:11:43Z,2026-03-24
ac19e71da590af0a_1577,ac19e71da590af0a,R114792-03,W118892,AB24ROOM,17,-31,0,1,FAIL,2,2,38,0,1577,0,2026-03-24T15:11:43Z,2026-03-24
ac19e71da590af0a_1578,ac19e71da590af0a,R114792-03,W118892,AB24ROOM,31,-31,0,1,PASS,1,1,74,0,1578,0,2026-03-24T15:11:43Z,2026-03-24
ac19e71da590af0a_1579,ac19e71da590af0a,R114792-03,W118892,AB24ROOM,39,-31,0,1,PASS,1,1,54,0,1579,0,2026-03-24T15:11:43Z,2026-03-24
ac19e71da590af0a_1580,ac19e71da590af0a,R114792-03,W118892,AB24ROOM,32,-32,0,1,PASS,1,1,54,0,1580,0,2026-03-24T15:11:43Z,2026-03-24
ac19e71da590af0a_1581,ac19e71da590af0a,R114792-03,W118892,AB24ROOM,28,-32,0,1,PASS,1,1,54,0,1581,0,2026-03-24T15:11:43Z,2026-03-24
ac19e71da590af0a_1582,ac19e71da590af0a,R114792-03,W118892,AB24ROOM,25,-32,0,1,PASS,1,1,54,0,1582,0,2026-03-24T15:11:43Z,2026-03-24
ac19e71da590af0a_1583,ac19e71da590af0a,R114792-03,W118892,AB24ROOM,24,-32,0,1,FAIL,2,2,37,0,1583,0,2026-03-24T15:11:43Z,2026-03-24
ac19e71da590af0a_1584,ac19e71da590af0a,R114792-03,W118892,AB24ROOM,23,-32,0,1,PASS,1,1,56,0,1584,0,2026-03-24T15:11:43Z,2026-03-24
ac19e71da590af0a_1585,ac19e71da590af0a,R114792-03,W118892,AB24ROOM,20,-32,0,1,PASS,1,1,72,0,1585,0,2026-03-24T15:11:43Z,2026-03-24
ac19e71da590af0a_1586,ac19e71da590af0a,R114792-03,W118892,AB24ROOM,18,-32,0,1,FAIL,2,2,33,0,1586,0,2026-03-24T15:11:43Z,2026-03-24
ac19e71da590af0a_1587,ac19e71da590af0a,R114792-03,W118892,AB24ROOM,5,-33,0,1,FAIL,5,5,1,0,1587,0,2026-03-24T15:11:43Z,2026-03-24
ac19e71da590af0a_1588,ac19e71da590af0a,R114792-03,W118892,AB24ROOM,15,-33,0,1,PASS,1,1,56,0,1588,0,2026-03-24T15:11:43Z,2026-03-24
ac19e71da590af0a_1589,ac19e71da590af0a,R114792-03,W118892,AB24ROOM,26,-33,0,1,FAIL,2,2,33,0,1589,0,2026-03-24T15:11:43Z,2026-03-24
ac19e71da590af0a_1590,ac19e71da590af0a,R114792-03,W118892,AB24ROOM,27,-33,0,1,PASS,1,1,74,0,1590,0,2026-03-24T15:11:43Z,2026-03-24
ac19e71da590af0a_1591,ac19e71da590af0a,R114792-03,W118892,AB24ROOM,30,-33,0,1,FAIL,2,2,33,0,1591,0,2026-03-24T15:11:43Z,2026-03-24
ac19e71da590af0a_1592,ac19e71da590af0a,R114792-03,W118892,AB24ROOM,36,-33,0,1,PASS,1,1,56,0,1592,0,2026-03-24T15:11:43Z,2026-03-24
ac19e71da590af0a_1593,ac19e71da590af0a,R114792-03,W118892,AB24ROOM,37,-33,0,1,PASS,1,1,54,0,1593,0,2026-03-24T15:11:43Z,2026-03-24
ac19e71da590af0a_1594,ac19e71da590af0a,R114792-03,W118892,AB24ROOM,38,-33,0,1,PASS,1,1,54,0,1594,0,2026-03-24T15:11:43Z,2026-03-24
ac19e71da590af0a_1595,ac19e71da590af0a,R114792-03,W118892,AB24ROOM,39,-33,0,1,FAIL,8,8,29,0,1595,0,2026-03-24T15:11:43Z,2026-03-24
ac19e71da590af0a_1596,ac19e71da590af0a,R114792-03,W118892,AB24ROOM,43,-33,0,1,PASS,1,1,56,0,1596,0,2026-03-24T15:11:43Z,2026-03-24
ac19e71da590af0a_1597,ac19e71da590af0a,R114792-03,W118892,AB24ROOM,43,-34,0,1,PASS,1,1,72,0,1597,0,2026-03-24T15:11:43Z,2026-03-24
ac19e71da590af0a_1598,ac19e71da590af0a,R114792-03,W118892,AB24ROOM,39,-34,0,1,FAIL,2,2,51,0,1598,0,2026-03-24T15:11:43Z,2026-03-24
ac19e71da590af0a_1599,ac19e71da590af0a,R114792-03,W118892,AB24ROOM,8,-34,0,1,FAIL,16,16,44,0,1599,0,2026-03-24T15:11:43Z,2026-03-24
ac19e71da590af0a_1600,ac19e71da590af0a,R114792-03,W118892,AB24ROOM,41,-35,0,1,FAIL,10,10,11,0,1600,0,2026-03-24T15:11:43Z,2026-03-24
ac19e71da590af0a_1601,ac19e71da590af0a,R114792-03,W118892,AB24ROOM,44,-35,0,1,FAIL,5,5,1,0,1601,0,2026-03-24T15:11:43Z,2026-03-24
ac19e71da590af0a_1602,ac19e71da590af0a,R114792-03,W118892,AB24ROOM,22,-36,0,1,FAIL,4,4,38,0,1602,0,2026-03-24T15:11:43Z,2026-03-24
ac19e71da590af0a_1603,ac19e71da590af0a,R114792-03,W118892,AB24ROOM,9,-36,0,1,FAIL,2,2,39,0,1603,0,2026-03-24T15:11:43Z,2026-03-24
ac19e71da590af0a_1604,ac19e71da590af0a,R114792-03,W118892,AB24ROOM,8,-37,0,1,FAIL,8,8,32,0,1604,0,2026-03-24T15:11:43Z,2026-03-24
ac19e71da590af0a_1605,ac19e71da590af0a,R114792-03,W118892,AB24ROOM,19,-37,0,1,FAIL,2,2,53,0,1605,0,2026-03-24T15:11:43Z,2026-03-24
ac19e71da590af0a_1606,ac19e71da590af0a,R114792-03,W118892,AB24ROOM,32,-37,0,1,PASS,1,1,74,0,1606,0,2026-03-24T15:11:43Z,2026-03-24
ac19e71da590af0a_1607,ac19e71da590af0a,R114792-03,W118892,AB24ROOM,18,-39,0,1,FAIL,8,8,29,0,1607,0,2026-03-24T15:11:43Z,2026-03-24
ac19e71da590af0a_1608,ac19e71da590af0a,R114792-03,W118892,AB24ROOM,20,-39,0,1,FAIL,8,8,29,0,1608,0,2026-03-24T15:11:43Z,2026-03-24
ac19e71da590af0a_1609,ac19e71da590af0a,R114792-03,W118892,AB24ROOM,21,-39,0,1,PASS,1,1,74,0,1609,0,2026-03-24T15:11:43Z,2026-03-24
ac19e71da590af0a_1610,ac19e71da590af0a,R114792-03,W118892,AB24ROOM,34,-40,0,1,PASS,1,1,54,0,1610,0,2026-03-24T15:11:43Z,2026-03-24
ac19e71da590af0a_1611,ac19e71da590af0a,R114792-03,W118892,AB24ROOM,27,-40,0,1,PASS,1,1,72,0,1611,0,2026-03-24T15:11:43Z,2026-03-24
ac19e71da590af0a_1612,ac19e71da590af0a,R114792-03,W118892,AB24ROOM,37,-42,0,1,PASS,1,1,72,0,1612,0,2026-03-24T15:11:43Z,2026-03-24
ac19e71da590af0a_1613,ac19e71da590af0a,R114792-03,W118892,AB24ROOM,18,-42,0,1,PASS,1,1,72,0,1613,0,2026-03-24T15:11:43Z,2026-03-24
ac19e71da590af0a_1614,ac19e71da590af0a,R114792-03,W118892,AB24ROOM,16,-42,0,1,PASS,1,1,72,0,1614,0,2026-03-24T15:11:43Z,2026-03-24
ac19e71da590af0a_1615,ac19e71da590af0a,R114792-03,W118892,AB24ROOM,15,-42,0,1,PASS,1,1,74,0,1615,0,2026-03-24T15:11:43Z,2026-03-24
ac19e71da590af0a_1616,ac19e71da590af0a,R114792-03,W118892,AB24ROOM,13,-42,0,1,FAIL,4,4,18,0,1616,0,2026-03-24T15:11:43Z,2026-03-24
ac19e71da590af0a_1617,ac19e71da590af0a,R114792-03,W118892,AB24ROOM,20,-43,0,1,FAIL,2,2,56,0,1617,0,2026-03-24T15:11:43Z,2026-03-24
ac19e71da590af0a_1618,ac19e71da590af0a,R114792-03,W118892,AB24ROOM,21,-43,0,1,FAIL,2,2,53,0,1618,0,2026-03-24T15:11:43Z,2026-03-24
ac19e71da590af0a_1619,ac19e71da590af0a,R114792-03,W118892,AB24ROOM,31,-45,0,1,FAIL,5,5,1,0,1619,0,2026-03-24T15:11:43Z,2026-03-24
